caliber_id,date,retailer,box_price,rounds,source
9mm,2026-06-09,Sample Retailer E,4.65,20,sample
9mm,2026-06-09,Sample Retailer B,5.3,20,sample
9mm,2026-06-09,Sample Retailer A,64.45,250,sample
9mm,2026-06-10,Sample Retailer C,118.45,500,sample
9mm,2026-06-10,Sample Retailer D,221.79,1000,sample
9mm,2026-06-10,Sample Retailer A,127.19,500,sample
9mm,2026-06-10,Sample Retailer E,20.02,100,sample
9mm,2026-06-10,Sample Retailer B,130.62,500,sample
9mm,2026-06-11,Sample Retailer D,5.17,20,sample
9mm,2026-06-11,Sample Retailer E,127.53,500,sample
9mm,2026-06-11,Sample Retailer C,25.04,100,sample
9mm,2026-06-12,Sample Retailer D,237.47,1000,sample
9mm,2026-06-12,Sample Retailer C,4.25,20,sample
9mm,2026-06-12,Sample Retailer A,13.26,50,sample
9mm,2026-06-13,Sample Retailer A,5.55,20,sample
9mm,2026-06-13,Sample Retailer C,5.22,20,sample
9mm,2026-06-13,Sample Retailer B,109.4,500,sample
9mm,2026-06-14,Sample Retailer A,14.22,50,sample
9mm,2026-06-14,Sample Retailer C,244.13,1000,sample
9mm,2026-06-14,Sample Retailer E,67.34,250,sample
9mm,2026-06-15,Sample Retailer C,26.07,100,sample
9mm,2026-06-15,Sample Retailer E,12.76,50,sample
9mm,2026-06-15,Sample Retailer A,5.3,20,sample
9mm,2026-06-15,Sample Retailer B,4.1,20,sample
9mm,2026-06-16,Sample Retailer D,68.07,250,sample
9mm,2026-06-16,Sample Retailer C,109.4,500,sample
9mm,2026-06-16,Sample Retailer E,4.93,20,sample
9mm,2026-06-17,Sample Retailer E,241.74,1000,sample
9mm,2026-06-17,Sample Retailer D,13.95,50,sample
9mm,2026-06-17,Sample Retailer B,5.56,20,sample
9mm,2026-06-17,Sample Retailer C,5.48,20,sample
9mm,2026-06-18,Sample Retailer A,6.47,20,sample
9mm,2026-06-18,Sample Retailer E,55.78,250,sample
9mm,2026-06-18,Sample Retailer C,22.26,100,sample
9mm,2026-06-18,Sample Retailer D,101.58,500,sample
9mm,2026-06-19,Sample Retailer D,232.39,1000,sample
9mm,2026-06-19,Sample Retailer C,255.84,1000,sample
9mm,2026-06-19,Sample Retailer E,100.39,500,sample
9mm,2026-06-19,Sample Retailer A,4.99,20,sample
9mm,2026-06-19,Sample Retailer B,25.71,100,sample
9mm,2026-06-20,Sample Retailer E,13.88,50,sample
9mm,2026-06-20,Sample Retailer A,133.19,500,sample
9mm,2026-06-20,Sample Retailer C,14.71,50,sample
9mm,2026-06-20,Sample Retailer D,24.3,100,sample
9mm,2026-06-20,Sample Retailer B,11.75,50,sample
9mm,2026-06-21,Sample Retailer D,23.25,100,sample
9mm,2026-06-21,Sample Retailer E,62.94,250,sample
9mm,2026-06-21,Sample Retailer C,11.54,50,sample
9mm,2026-06-21,Sample Retailer B,59.87,250,sample
9mm,2026-06-22,Sample Retailer A,212.02,1000,sample
9mm,2026-06-22,Sample Retailer D,129.03,500,sample
9mm,2026-06-22,Sample Retailer C,14.18,50,sample
9mm,2026-06-22,Sample Retailer E,118.45,500,sample
9mm,2026-06-22,Sample Retailer B,5.11,20,sample
9mm,2026-06-23,Sample Retailer B,54.54,250,sample
9mm,2026-06-23,Sample Retailer A,122.65,500,sample
9mm,2026-06-23,Sample Retailer D,23.45,100,sample
9mm,2026-06-23,Sample Retailer C,130.71,500,sample
9mm,2026-06-24,Sample Retailer D,125.34,500,sample
9mm,2026-06-24,Sample Retailer A,5.06,20,sample
9mm,2026-06-24,Sample Retailer B,24.71,100,sample
9mm,2026-06-24,Sample Retailer C,27.42,100,sample
9mm,2026-06-25,Sample Retailer C,12.4,50,sample
9mm,2026-06-25,Sample Retailer B,22.46,100,sample
9mm,2026-06-25,Sample Retailer A,238.23,1000,sample
9mm,2026-06-25,Sample Retailer E,13.32,50,sample
9mm,2026-06-25,Sample Retailer D,5.09,20,sample
9mm,2026-06-26,Sample Retailer C,26.06,100,sample
9mm,2026-06-26,Sample Retailer B,228.25,1000,sample
9mm,2026-06-26,Sample Retailer A,50.88,250,sample
9mm,2026-06-26,Sample Retailer E,5.17,20,sample
9mm,2026-06-27,Sample Retailer A,128.36,500,sample
9mm,2026-06-27,Sample Retailer E,11.61,50,sample
9mm,2026-06-27,Sample Retailer B,5.31,20,sample
9mm,2026-06-27,Sample Retailer C,24.03,100,sample
9mm,2026-06-27,Sample Retailer D,5.09,20,sample
9mm,2026-06-28,Sample Retailer E,241.69,1000,sample
9mm,2026-06-28,Sample Retailer A,25.63,100,sample
9mm,2026-06-28,Sample Retailer D,4.99,20,sample
9mm,2026-06-28,Sample Retailer C,256.84,1000,sample
9mm,2026-06-28,Sample Retailer B,121.14,500,sample
9mm,2026-06-29,Sample Retailer C,11.61,50,sample
9mm,2026-06-29,Sample Retailer D,25.15,100,sample
9mm,2026-06-29,Sample Retailer E,6.07,20,sample
9mm,2026-06-30,Sample Retailer E,122.33,500,sample
9mm,2026-06-30,Sample Retailer D,116.94,500,sample
9mm,2026-06-30,Sample Retailer C,23.73,100,sample
9mm,2026-06-30,Sample Retailer A,255.78,1000,sample
9mm,2026-06-30,Sample Retailer B,68.02,250,sample
9mm,2026-07-01,Sample Retailer B,13.14,50,sample
9mm,2026-07-01,Sample Retailer E,21.39,100,sample
9mm,2026-07-01,Sample Retailer A,126.22,500,sample
9mm,2026-07-01,Sample Retailer D,13.6,50,sample
9mm,2026-07-01,Sample Retailer C,244.8,1000,sample
9mm,2026-07-02,Sample Retailer B,245.45,1000,sample
9mm,2026-07-02,Sample Retailer E,4.98,20,sample
9mm,2026-07-02,Sample Retailer D,12.73,50,sample
9mm,2026-07-02,Sample Retailer A,121.17,500,sample
9mm,2026-07-03,Sample Retailer C,20.16,100,sample
9mm,2026-07-03,Sample Retailer B,118.68,500,sample
9mm,2026-07-03,Sample Retailer A,5.12,20,sample
9mm,2026-07-03,Sample Retailer E,114.55,500,sample
9mm,2026-07-04,Sample Retailer E,20.79,100,sample
9mm,2026-07-04,Sample Retailer D,65.32,250,sample
9mm,2026-07-04,Sample Retailer B,59.8,250,sample
9mm,2026-07-05,Sample Retailer C,21.77,100,sample
9mm,2026-07-05,Sample Retailer B,4.7,20,sample
9mm,2026-07-05,Sample Retailer A,235.24,1000,sample
9mm,2026-07-05,Sample Retailer E,220.67,1000,sample
9mm,2026-07-05,Sample Retailer D,57.24,250,sample
9mm,2026-07-06,Sample Retailer E,127.31,500,sample
9mm,2026-07-06,Sample Retailer B,253.73,1000,sample
9mm,2026-07-06,Sample Retailer A,13.13,50,sample
9mm,2026-07-07,Sample Retailer E,22.08,100,sample
9mm,2026-07-07,Sample Retailer B,13.39,50,sample
9mm,2026-07-07,Sample Retailer C,59.08,250,sample
9mm,2026-07-07,Sample Retailer D,103.72,500,sample
9mm,2026-07-07,Sample Retailer A,221.45,1000,sample
9mm,2026-07-08,Sample Retailer D,54.24,250,sample
9mm,2026-07-08,Sample Retailer A,228.3,1000,sample
9mm,2026-07-08,Sample Retailer C,249.29,1000,sample
9mm,2026-07-08,Sample Retailer B,23.2,100,sample
9mm,2026-07-09,Sample Retailer A,60.51,250,sample
9mm,2026-07-09,Sample Retailer B,13.23,50,sample
9mm,2026-07-09,Sample Retailer C,59.58,250,sample
9mm,2026-07-09,Sample Retailer E,218.91,1000,sample
9mm,2026-07-09,Sample Retailer D,233.87,1000,sample
9mm,2026-07-10,Sample Retailer C,121.14,500,sample
9mm,2026-07-10,Sample Retailer B,13.67,50,sample
9mm,2026-07-10,Sample Retailer E,22.28,100,sample
9mm,2026-07-10,Sample Retailer A,11.12,50,sample
9mm,2026-07-10,Sample Retailer D,51.42,250,sample
9mm,2026-07-11,Sample Retailer B,234.96,1000,sample
9mm,2026-07-11,Sample Retailer E,26.17,100,sample
9mm,2026-07-11,Sample Retailer C,62.55,250,sample
9mm,2026-07-11,Sample Retailer A,59.6,250,sample
9mm,2026-07-11,Sample Retailer D,5.96,20,sample
9mm,2026-07-12,Sample Retailer B,55.71,250,sample
9mm,2026-07-12,Sample Retailer E,5.04,20,sample
9mm,2026-07-12,Sample Retailer C,5.06,20,sample
9mm,2026-07-13,Sample Retailer B,12.87,50,sample
9mm,2026-07-13,Sample Retailer E,245.95,1000,sample
9mm,2026-07-13,Sample Retailer C,60.93,250,sample
9mm,2026-07-13,Sample Retailer A,24.81,100,sample
9mm,2026-07-14,Sample Retailer E,59.33,250,sample
9mm,2026-07-14,Sample Retailer A,15.89,50,sample
9mm,2026-07-14,Sample Retailer B,262.98,1000,sample
9mm,2026-07-14,Sample Retailer C,15.04,50,sample
9mm,2026-07-15,Sample Retailer A,13.81,50,sample
9mm,2026-07-15,Sample Retailer B,24.37,100,sample
9mm,2026-07-15,Sample Retailer C,53.47,250,sample
9mm,2026-07-15,Sample Retailer E,23.61,100,sample
9mm,2026-07-15,Sample Retailer D,20.76,100,sample
9mm,2026-07-16,Sample Retailer E,62.98,250,sample
9mm,2026-07-16,Sample Retailer B,127.31,500,sample
9mm,2026-07-16,Sample Retailer C,12.82,50,sample
9mm,2026-07-16,Sample Retailer D,129.17,500,sample
9mm,2026-07-16,Sample Retailer A,11.89,50,sample
9mm,2026-07-17,Sample Retailer A,225.98,1000,sample
9mm,2026-07-17,Sample Retailer B,14.76,50,sample
9mm,2026-07-17,Sample Retailer C,264.62,1000,sample
9mm,2026-07-17,Sample Retailer E,108.0,500,sample
9mm,2026-07-18,Sample Retailer C,54.79,250,sample
9mm,2026-07-18,Sample Retailer D,23.24,100,sample
9mm,2026-07-18,Sample Retailer A,20.37,100,sample
9mm,2026-07-18,Sample Retailer E,4.84,20,sample
9mm,2026-07-19,Sample Retailer A,104.76,500,sample
9mm,2026-07-19,Sample Retailer E,117.12,500,sample
9mm,2026-07-19,Sample Retailer B,217.72,1000,sample
9mm,2026-07-19,Sample Retailer C,4.91,20,sample
9mm,2026-07-20,Sample Retailer C,260.38,1000,sample
9mm,2026-07-20,Sample Retailer B,5.03,20,sample
9mm,2026-07-20,Sample Retailer A,241.78,1000,sample
9mm,2026-07-20,Sample Retailer D,113.63,500,sample
9mm,2026-07-21,Sample Retailer B,234.11,1000,sample
9mm,2026-07-21,Sample Retailer E,4.79,20,sample
9mm,2026-07-21,Sample Retailer A,269.87,1000,sample
9mm,2026-07-21,Sample Retailer D,103.8,500,sample
9mm,2026-07-21,Sample Retailer C,25.7,100,sample
9mm,2026-07-22,Sample Retailer A,62.66,250,sample
9mm,2026-07-22,Sample Retailer D,5.63,20,sample
9mm,2026-07-22,Sample Retailer C,20.36,100,sample
9mm,2026-07-23,Sample Retailer A,67.88,250,sample
9mm,2026-07-23,Sample Retailer C,5.02,20,sample
9mm,2026-07-23,Sample Retailer D,14.14,50,sample
9mm,2026-07-23,Sample Retailer B,109.14,500,sample
9mm,2026-07-24,Sample Retailer A,13.47,50,sample
9mm,2026-07-24,Sample Retailer B,224.74,1000,sample
9mm,2026-07-24,Sample Retailer D,60.47,250,sample
9mm,2026-07-24,Sample Retailer E,260.47,1000,sample
9mm,2026-07-25,Sample Retailer A,209.08,1000,sample
9mm,2026-07-25,Sample Retailer E,12.06,50,sample
9mm,2026-07-25,Sample Retailer D,5.84,20,sample
9mm,2026-07-26,Sample Retailer E,21.14,100,sample
9mm,2026-07-26,Sample Retailer C,12.49,50,sample
9mm,2026-07-26,Sample Retailer A,61.0,250,sample
9mm,2026-07-26,Sample Retailer B,4.68,20,sample
9mm,2026-07-26,Sample Retailer D,6.15,20,sample
9mm,2026-07-27,Sample Retailer A,124.54,500,sample
9mm,2026-07-27,Sample Retailer E,14.67,50,sample
9mm,2026-07-27,Sample Retailer B,23.2,100,sample
9mm,2026-07-27,Sample Retailer C,12.84,50,sample
9mm,2026-07-27,Sample Retailer D,13.52,50,sample
9mm,2026-07-28,Sample Retailer C,11.49,50,sample
9mm,2026-07-28,Sample Retailer D,13.61,50,sample
9mm,2026-07-28,Sample Retailer E,268.09,1000,sample
9mm,2026-07-28,Sample Retailer B,214.16,1000,sample
9mm,2026-07-28,Sample Retailer A,12.84,50,sample
9mm,2026-07-29,Sample Retailer B,23.01,100,sample
9mm,2026-07-29,Sample Retailer D,5.29,20,sample
9mm,2026-07-29,Sample Retailer E,120.46,500,sample
9mm,2026-07-30,Sample Retailer D,112.19,500,sample
9mm,2026-07-30,Sample Retailer C,23.66,100,sample
9mm,2026-07-30,Sample Retailer B,266.65,1000,sample
9mm,2026-07-30,Sample Retailer E,5.08,20,sample
9mm,2026-07-31,Sample Retailer D,4.67,20,sample
9mm,2026-07-31,Sample Retailer E,24.74,100,sample
9mm,2026-07-31,Sample Retailer B,5.47,20,sample
9mm,2026-07-31,Sample Retailer A,23.56,100,sample
9mm,2026-07-31,Sample Retailer C,23.42,100,sample
9mm,2026-08-01,Sample Retailer B,12.43,50,sample
9mm,2026-08-01,Sample Retailer E,65.57,250,sample
9mm,2026-08-01,Sample Retailer C,58.63,250,sample
9mm,2026-08-01,Sample Retailer D,12.41,50,sample
9mm,2026-08-02,Sample Retailer E,4.64,20,sample
9mm,2026-08-02,Sample Retailer B,120.28,500,sample
9mm,2026-08-02,Sample Retailer D,13.26,50,sample
9mm,2026-08-02,Sample Retailer C,246.09,1000,sample
9mm,2026-08-03,Sample Retailer D,212.99,1000,sample
9mm,2026-08-03,Sample Retailer C,4.98,20,sample
9mm,2026-08-03,Sample Retailer B,5.17,20,sample
9mm,2026-08-04,Sample Retailer E,55.61,250,sample
9mm,2026-08-04,Sample Retailer B,4.81,20,sample
9mm,2026-08-04,Sample Retailer C,23.59,100,sample
9mm,2026-08-04,Sample Retailer A,274.82,1000,sample
9mm,2026-08-05,Sample Retailer D,215.26,1000,sample
9mm,2026-08-05,Sample Retailer B,113.12,500,sample
9mm,2026-08-05,Sample Retailer A,4.1,20,sample
9mm,2026-08-06,Sample Retailer E,135.65,500,sample
9mm,2026-08-06,Sample Retailer B,114.36,500,sample
9mm,2026-08-06,Sample Retailer D,23.48,100,sample
9mm,2026-08-06,Sample Retailer C,67.52,250,sample
9mm,2026-08-07,Sample Retailer C,5.07,20,sample
9mm,2026-08-07,Sample Retailer B,258.58,1000,sample
9mm,2026-08-07,Sample Retailer D,16.93,50,sample
9mm,2026-08-08,Sample Retailer B,22.89,100,sample
9mm,2026-08-08,Sample Retailer E,255.97,1000,sample
9mm,2026-08-08,Sample Retailer D,5.32,20,sample
9mm,2026-08-08,Sample Retailer C,5.81,20,sample
9mm,2026-08-08,Sample Retailer A,5.03,20,sample
9mm,2026-08-09,Sample Retailer A,14.43,50,sample
9mm,2026-08-09,Sample Retailer C,5.77,20,sample
9mm,2026-08-09,Sample Retailer E,5.22,20,sample
9mm,2026-08-10,Sample Retailer A,4.61,20,sample
9mm,2026-08-10,Sample Retailer C,120.41,500,sample
9mm,2026-08-10,Sample Retailer E,5.59,20,sample
9mm,2026-08-11,Sample Retailer B,122.95,500,sample
9mm,2026-08-11,Sample Retailer D,25.04,100,sample
9mm,2026-08-11,Sample Retailer E,4.95,20,sample
9mm,2026-08-12,Sample Retailer E,12.72,50,sample
9mm,2026-08-12,Sample Retailer C,223.92,1000,sample
9mm,2026-08-12,Sample Retailer B,26.44,100,sample
9mm,2026-08-12,Sample Retailer A,197.64,1000,sample
9mm,2026-08-13,Sample Retailer D,12.67,50,sample
9mm,2026-08-13,Sample Retailer B,5.04,20,sample
9mm,2026-08-13,Sample Retailer A,22.56,100,sample
9mm,2026-08-14,Sample Retailer C,68.47,250,sample
9mm,2026-08-14,Sample Retailer A,14.1,50,sample
9mm,2026-08-14,Sample Retailer B,12.6,50,sample
9mm,2026-08-14,Sample Retailer E,121.97,500,sample
9mm,2026-08-15,Sample Retailer E,52.55,250,sample
9mm,2026-08-15,Sample Retailer C,213.35,1000,sample
9mm,2026-08-15,Sample Retailer D,230.9,1000,sample
9mm,2026-08-16,Sample Retailer E,60.45,250,sample
9mm,2026-08-16,Sample Retailer C,12.3,50,sample
9mm,2026-08-16,Sample Retailer A,19.63,100,sample
9mm,2026-08-17,Sample Retailer B,246.06,1000,sample
9mm,2026-08-17,Sample Retailer E,5.48,20,sample
9mm,2026-08-17,Sample Retailer A,262.02,1000,sample
9mm,2026-08-17,Sample Retailer C,112.5,500,sample
9mm,2026-08-18,Sample Retailer B,123.18,500,sample
9mm,2026-08-18,Sample Retailer E,240.88,1000,sample
9mm,2026-08-18,Sample Retailer C,13.08,50,sample
9mm,2026-08-18,Sample Retailer A,5.2,20,sample
9mm,2026-08-19,Sample Retailer C,196.47,1000,sample
9mm,2026-08-19,Sample Retailer A,254.69,1000,sample
9mm,2026-08-19,Sample Retailer B,59.11,250,sample
9mm,2026-08-19,Sample Retailer E,122.69,500,sample
9mm,2026-08-19,Sample Retailer D,60.4,250,sample
9mm,2026-08-20,Sample Retailer B,5.91,20,sample
9mm,2026-08-20,Sample Retailer C,49.08,250,sample
9mm,2026-08-20,Sample Retailer D,51.17,250,sample
9mm,2026-08-20,Sample Retailer E,21.01,100,sample
9mm,2026-08-20,Sample Retailer A,11.82,50,sample
9mm,2026-08-21,Sample Retailer D,229.41,1000,sample
9mm,2026-08-21,Sample Retailer A,51.78,250,sample
9mm,2026-08-21,Sample Retailer E,213.42,1000,sample
9mm,2026-08-21,Sample Retailer B,23.11,100,sample
9mm,2026-08-21,Sample Retailer C,5.19,20,sample
9mm,2026-08-22,Sample Retailer A,136.73,500,sample
9mm,2026-08-22,Sample Retailer E,5.23,20,sample
9mm,2026-08-22,Sample Retailer D,107.7,500,sample
9mm,2026-08-22,Sample Retailer C,13.5,50,sample
9mm,2026-08-22,Sample Retailer B,21.11,100,sample
9mm,2026-08-23,Sample Retailer A,260.97,1000,sample
9mm,2026-08-23,Sample Retailer C,5.26,20,sample
9mm,2026-08-23,Sample Retailer E,21.98,100,sample
9mm,2026-08-23,Sample Retailer D,66.56,250,sample
9mm,2026-08-24,Sample Retailer B,5.35,20,sample
9mm,2026-08-24,Sample Retailer E,21.67,100,sample
9mm,2026-08-24,Sample Retailer C,235.07,1000,sample
9mm,2026-08-24,Sample Retailer A,239.16,1000,sample
9mm,2026-08-24,Sample Retailer D,59.28,250,sample
9mm,2026-08-25,Sample Retailer D,238.29,1000,sample
9mm,2026-08-25,Sample Retailer A,21.73,100,sample
9mm,2026-08-25,Sample Retailer B,5.3,20,sample
9mm,2026-08-25,Sample Retailer E,23.36,100,sample
9mm,2026-08-26,Sample Retailer C,107.67,500,sample
9mm,2026-08-26,Sample Retailer E,22.41,100,sample
9mm,2026-08-26,Sample Retailer D,74.41,250,sample
9mm,2026-08-26,Sample Retailer B,14.37,50,sample
9mm,2026-08-27,Sample Retailer A,104.93,500,sample
9mm,2026-08-27,Sample Retailer B,272.89,1000,sample
9mm,2026-08-27,Sample Retailer C,5.31,20,sample
9mm,2026-08-27,Sample Retailer D,135.1,500,sample
9mm,2026-08-27,Sample Retailer E,64.25,250,sample
9mm,2026-08-28,Sample Retailer E,5.8,20,sample
9mm,2026-08-28,Sample Retailer C,20.0,100,sample
9mm,2026-08-28,Sample Retailer D,106.36,500,sample
9mm,2026-08-28,Sample Retailer B,13.12,50,sample
9mm,2026-08-29,Sample Retailer E,106.02,500,sample
9mm,2026-08-29,Sample Retailer B,12.0,50,sample
9mm,2026-08-29,Sample Retailer A,23.97,100,sample
9mm,2026-08-29,Sample Retailer D,126.94,500,sample
9mm,2026-08-30,Sample Retailer A,5.39,20,sample
9mm,2026-08-30,Sample Retailer B,25.95,100,sample
9mm,2026-08-30,Sample Retailer C,99.67,500,sample
9mm,2026-08-30,Sample Retailer E,114.67,500,sample
9mm,2026-08-31,Sample Retailer A,23.31,100,sample
9mm,2026-08-31,Sample Retailer C,5.48,20,sample
9mm,2026-08-31,Sample Retailer D,12.19,50,sample
9mm,2026-08-31,Sample Retailer E,58.08,250,sample
9mm,2026-09-01,Sample Retailer D,57.23,250,sample
9mm,2026-09-01,Sample Retailer A,12.53,50,sample
9mm,2026-09-01,Sample Retailer E,71.03,250,sample
9mm,2026-09-01,Sample Retailer B,19.73,100,sample
9mm,2026-09-01,Sample Retailer C,54.82,250,sample
9mm,2026-09-02,Sample Retailer E,11.71,50,sample
9mm,2026-09-02,Sample Retailer D,262.96,1000,sample
9mm,2026-09-02,Sample Retailer A,4.74,20,sample
9mm,2026-09-03,Sample Retailer D,25.47,100,sample
9mm,2026-09-03,Sample Retailer E,26.19,100,sample
9mm,2026-09-03,Sample Retailer A,55.26,250,sample
9mm,2026-09-03,Sample Retailer C,20.79,100,sample
9mm,2026-09-04,Sample Retailer B,112.17,500,sample
9mm,2026-09-04,Sample Retailer C,122.88,500,sample
9mm,2026-09-04,Sample Retailer D,24.24,100,sample
9mm,2026-09-04,Sample Retailer A,5.63,20,sample
9mm,2026-09-04,Sample Retailer E,61.05,250,sample
9mm,2026-09-05,Sample Retailer C,231.63,1000,sample
9mm,2026-09-05,Sample Retailer A,25.59,100,sample
9mm,2026-09-05,Sample Retailer D,12.35,50,sample
9mm,2026-09-05,Sample Retailer B,118.45,500,sample
9mm,2026-09-06,Sample Retailer D,56.12,250,sample
9mm,2026-09-06,Sample Retailer E,245.76,1000,sample
9mm,2026-09-06,Sample Retailer A,12.42,50,sample
9mm,2026-09-06,Sample Retailer C,117.72,500,sample
9mm,2026-09-06,Sample Retailer B,237.51,1000,sample
9mm,2026-09-07,Sample Retailer D,58.0,250,sample
9mm,2026-09-07,Sample Retailer E,230.66,1000,sample
9mm,2026-09-07,Sample Retailer C,13.1,50,sample
9mm,2026-09-07,Sample Retailer B,12.35,50,sample
9mm,2026-09-08,Sample Retailer D,24.61,100,sample
9mm,2026-09-08,Sample Retailer E,5.57,20,sample
9mm,2026-09-08,Sample Retailer A,120.15,500,sample
9mm,2026-09-08,Sample Retailer B,56.79,250,sample
9mm,2026-09-08,Sample Retailer C,5.24,20,sample
9mm,2026-09-09,Sample Retailer B,58.12,250,sample
9mm,2026-09-09,Sample Retailer D,12.77,50,sample
9mm,2026-09-09,Sample Retailer C,108.69,500,sample
9mm,2026-09-09,Sample Retailer A,5.63,20,sample
9mm,2026-09-09,Sample Retailer E,231.82,1000,sample
9mm,2026-09-10,Sample Retailer E,12.45,50,sample
9mm,2026-09-10,Sample Retailer A,11.73,50,sample
9mm,2026-09-10,Sample Retailer D,263.19,1000,sample
9mm,2026-09-10,Sample Retailer C,24.49,100,sample
9mm,2026-09-10,Sample Retailer B,5.2,20,sample
9mm,2026-09-11,Sample Retailer D,63.85,250,sample
9mm,2026-09-11,Sample Retailer B,21.01,100,sample
9mm,2026-09-11,Sample Retailer A,100.67,500,sample
9mm,2026-09-12,Sample Retailer C,45.67,250,sample
9mm,2026-09-12,Sample Retailer D,238.53,1000,sample
9mm,2026-09-12,Sample Retailer B,13.48,50,sample
9mm,2026-09-13,Sample Retailer A,212.02,1000,sample
9mm,2026-09-13,Sample Retailer E,57.44,250,sample
9mm,2026-09-13,Sample Retailer D,64.14,250,sample
9mm,2026-09-13,Sample Retailer B,223.18,1000,sample
9mm,2026-09-13,Sample Retailer C,52.58,250,sample
9mm,2026-09-14,Sample Retailer B,122.78,500,sample
9mm,2026-09-14,Sample Retailer D,22.73,100,sample
9mm,2026-09-14,Sample Retailer E,4.87,20,sample
9mm,2026-09-15,Sample Retailer D,273.39,1000,sample
9mm,2026-09-15,Sample Retailer A,12.45,50,sample
9mm,2026-09-15,Sample Retailer E,58.88,250,sample
9mm,2026-09-16,Sample Retailer D,5.41,20,sample
9mm,2026-09-16,Sample Retailer C,4.81,20,sample
9mm,2026-09-16,Sample Retailer A,6.3,20,sample
9mm,2026-09-17,Sample Retailer B,11.92,50,sample
9mm,2026-09-17,Sample Retailer D,120.21,500,sample
9mm,2026-09-17,Sample Retailer A,62.73,250,sample
9mm,2026-09-17,Sample Retailer C,114.64,500,sample
9mm,2026-09-18,Sample Retailer D,5.08,20,sample
9mm,2026-09-18,Sample Retailer E,64.72,250,sample
9mm,2026-09-18,Sample Retailer C,101.43,500,sample
9mm,2026-09-18,Sample Retailer A,11.66,50,sample
9mm,2026-09-19,Sample Retailer B,58.88,250,sample
9mm,2026-09-19,Sample Retailer C,12.09,50,sample
9mm,2026-09-19,Sample Retailer D,5.26,20,sample
9mm,2026-09-19,Sample Retailer E,13.59,50,sample
9mm,2026-09-19,Sample Retailer A,212.5,1000,sample
9mm,2026-09-20,Sample Retailer A,60.64,250,sample
9mm,2026-09-20,Sample Retailer D,103.82,500,sample
9mm,2026-09-20,Sample Retailer B,238.61,1000,sample
9mm,2026-09-20,Sample Retailer E,249.86,1000,sample
9mm,2026-09-20,Sample Retailer C,257.71,1000,sample
9mm,2026-09-21,Sample Retailer A,121.91,500,sample
9mm,2026-09-21,Sample Retailer B,14.5,50,sample
9mm,2026-09-21,Sample Retailer E,24.02,100,sample
9mm,2026-09-21,Sample Retailer D,28.87,100,sample
9mm,2026-09-21,Sample Retailer C,12.64,50,sample
9mm,2026-09-22,Sample Retailer D,4.55,20,sample
9mm,2026-09-22,Sample Retailer E,233.97,1000,sample
9mm,2026-09-22,Sample Retailer B,21.59,100,sample
9mm,2026-09-22,Sample Retailer C,22.39,100,sample
9mm,2026-09-22,Sample Retailer A,4.59,20,sample
9mm,2026-09-23,Sample Retailer D,116.6,500,sample
9mm,2026-09-23,Sample Retailer A,60.79,250,sample
9mm,2026-09-23,Sample Retailer E,14.82,50,sample
9mm,2026-09-24,Sample Retailer B,208.69,1000,sample
9mm,2026-09-24,Sample Retailer A,12.15,50,sample
9mm,2026-09-24,Sample Retailer C,59.72,250,sample
9mm,2026-09-24,Sample Retailer E,105.49,500,sample
9mm,2026-09-25,Sample Retailer B,12.03,50,sample
9mm,2026-09-25,Sample Retailer A,211.22,1000,sample
9mm,2026-09-25,Sample Retailer E,22.99,100,sample
9mm,2026-09-25,Sample Retailer D,13.43,50,sample
9mm,2026-09-26,Sample Retailer E,11.87,50,sample
9mm,2026-09-26,Sample Retailer B,23.19,100,sample
9mm,2026-09-26,Sample Retailer A,4.92,20,sample
9mm,2026-09-26,Sample Retailer C,54.98,250,sample
9mm,2026-09-26,Sample Retailer D,11.91,50,sample
9mm,2026-09-27,Sample Retailer C,70.17,250,sample
9mm,2026-09-27,Sample Retailer D,57.79,250,sample
9mm,2026-09-27,Sample Retailer E,59.02,250,sample
9mm,2026-09-27,Sample Retailer A,122.57,500,sample
9mm,2026-09-28,Sample Retailer C,53.15,250,sample
9mm,2026-09-28,Sample Retailer D,5.41,20,sample
9mm,2026-09-28,Sample Retailer B,123.69,500,sample
9mm,2026-09-28,Sample Retailer E,4.67,20,sample
9mm,2026-09-28,Sample Retailer A,134.88,500,sample
9mm,2026-09-29,Sample Retailer A,55.59,250,sample
9mm,2026-09-29,Sample Retailer D,21.12,100,sample
9mm,2026-09-29,Sample Retailer B,28.09,100,sample
9mm,2026-09-30,Sample Retailer C,5.37,20,sample
9mm,2026-09-30,Sample Retailer B,251.11,1000,sample
9mm,2026-09-30,Sample Retailer E,222.99,1000,sample
9mm,2026-10-01,Sample Retailer A,220.21,1000,sample
9mm,2026-10-01,Sample Retailer C,5.19,20,sample
9mm,2026-10-01,Sample Retailer D,13.46,50,sample
9mm,2026-10-01,Sample Retailer B,124.63,500,sample
9mm,2026-10-01,Sample Retailer E,13.0,50,sample
9mm,2026-10-02,Sample Retailer D,61.71,250,sample
9mm,2026-10-02,Sample Retailer C,5.47,20,sample
9mm,2026-10-02,Sample Retailer B,19.86,100,sample
9mm,2026-10-02,Sample Retailer A,50.67,250,sample
9mm,2026-10-03,Sample Retailer A,55.18,250,sample
9mm,2026-10-03,Sample Retailer B,13.52,50,sample
9mm,2026-10-03,Sample Retailer D,126.62,500,sample
9mm,2026-10-04,Sample Retailer C,62.17,250,sample
9mm,2026-10-04,Sample Retailer B,5.98,20,sample
9mm,2026-10-04,Sample Retailer E,115.33,500,sample
9mm,2026-10-04,Sample Retailer D,5.1,20,sample
9mm,2026-10-05,Sample Retailer C,221.43,1000,sample
9mm,2026-10-05,Sample Retailer B,5.52,20,sample
9mm,2026-10-05,Sample Retailer E,13.16,50,sample
9mm,2026-10-05,Sample Retailer A,207.76,1000,sample
9mm,2026-10-05,Sample Retailer D,5.72,20,sample
9mm,2026-10-06,Sample Retailer B,120.43,500,sample
9mm,2026-10-06,Sample Retailer E,59.9,250,sample
9mm,2026-10-06,Sample Retailer C,58.81,250,sample
9mm,2026-10-06,Sample Retailer A,248.46,1000,sample
9mm,2026-10-06,Sample Retailer D,238.44,1000,sample
22lr,2026-06-09,Sample Retailer C,1.66,20,sample
22lr,2026-06-09,Sample Retailer A,30.38,500,sample
22lr,2026-06-09,Sample Retailer D,73.59,1000,sample
22lr,2026-06-09,Sample Retailer B,31.79,500,sample
22lr,2026-06-10,Sample Retailer A,3.63,50,sample
22lr,2026-06-10,Sample Retailer C,6.49,100,sample
22lr,2026-06-10,Sample Retailer E,36.65,500,sample
22lr,2026-06-10,Sample Retailer B,19.48,250,sample
22lr,2026-06-11,Sample Retailer E,80.37,1000,sample
22lr,2026-06-11,Sample Retailer A,6.25,100,sample
22lr,2026-06-11,Sample Retailer C,17.38,250,sample
22lr,2026-06-12,Sample Retailer E,3.76,50,sample
22lr,2026-06-12,Sample Retailer C,3.87,50,sample
22lr,2026-06-12,Sample Retailer B,14.37,250,sample
22lr,2026-06-13,Sample Retailer C,33.97,500,sample
22lr,2026-06-13,Sample Retailer D,1.61,20,sample
22lr,2026-06-13,Sample Retailer A,1.57,20,sample
22lr,2026-06-13,Sample Retailer B,6.62,100,sample
22lr,2026-06-14,Sample Retailer C,6.15,100,sample
22lr,2026-06-14,Sample Retailer B,6.3,100,sample
22lr,2026-06-14,Sample Retailer E,3.72,50,sample
22lr,2026-06-14,Sample Retailer A,6.1,100,sample
22lr,2026-06-15,Sample Retailer C,16.71,250,sample
22lr,2026-06-15,Sample Retailer A,1.65,20,sample
22lr,2026-06-15,Sample Retailer B,3.78,50,sample
22lr,2026-06-16,Sample Retailer D,69.37,1000,sample
22lr,2026-06-16,Sample Retailer A,3.39,50,sample
22lr,2026-06-16,Sample Retailer C,16.9,250,sample
22lr,2026-06-16,Sample Retailer B,18.53,250,sample
22lr,2026-06-16,Sample Retailer E,1.47,20,sample
22lr,2026-06-17,Sample Retailer D,18.74,250,sample
22lr,2026-06-17,Sample Retailer E,60.49,1000,sample
22lr,2026-06-17,Sample Retailer A,3.75,50,sample
22lr,2026-06-17,Sample Retailer C,3.96,50,sample
22lr,2026-06-18,Sample Retailer E,68.26,1000,sample
22lr,2026-06-18,Sample Retailer A,1.31,20,sample
22lr,2026-06-18,Sample Retailer B,3.93,50,sample
22lr,2026-06-18,Sample Retailer D,3.64,50,sample
22lr,2026-06-19,Sample Retailer B,6.9,100,sample
22lr,2026-06-19,Sample Retailer C,1.45,20,sample
22lr,2026-06-19,Sample Retailer E,1.49,20,sample
22lr,2026-06-20,Sample Retailer D,7.07,100,sample
22lr,2026-06-20,Sample Retailer C,65.77,1000,sample
22lr,2026-06-20,Sample Retailer E,37.31,500,sample
22lr,2026-06-20,Sample Retailer B,3.63,50,sample
22lr,2026-06-21,Sample Retailer B,34.75,500,sample
22lr,2026-06-21,Sample Retailer D,34.35,500,sample
22lr,2026-06-21,Sample Retailer E,3.74,50,sample
22lr,2026-06-21,Sample Retailer A,71.62,1000,sample
22lr,2026-06-22,Sample Retailer E,1.52,20,sample
22lr,2026-06-22,Sample Retailer D,17.93,250,sample
22lr,2026-06-22,Sample Retailer B,18.33,250,sample
22lr,2026-06-22,Sample Retailer A,1.58,20,sample
22lr,2026-06-22,Sample Retailer C,7.19,100,sample
22lr,2026-06-23,Sample Retailer E,3.92,50,sample
22lr,2026-06-23,Sample Retailer D,16.08,250,sample
22lr,2026-06-23,Sample Retailer A,5.89,100,sample
22lr,2026-06-24,Sample Retailer D,6.75,100,sample
22lr,2026-06-24,Sample Retailer B,63.89,1000,sample
22lr,2026-06-24,Sample Retailer A,65.74,1000,sample
22lr,2026-06-24,Sample Retailer E,1.55,20,sample
22lr,2026-06-24,Sample Retailer C,1.45,20,sample
22lr,2026-06-25,Sample Retailer D,3.37,50,sample
22lr,2026-06-25,Sample Retailer B,37.52,500,sample
22lr,2026-06-25,Sample Retailer E,18.5,250,sample
22lr,2026-06-26,Sample Retailer D,6.38,100,sample
22lr,2026-06-26,Sample Retailer B,1.51,20,sample
22lr,2026-06-26,Sample Retailer A,3.94,50,sample
22lr,2026-06-27,Sample Retailer E,1.65,20,sample
22lr,2026-06-27,Sample Retailer A,36.76,500,sample
22lr,2026-06-27,Sample Retailer D,1.46,20,sample
22lr,2026-06-28,Sample Retailer D,3.53,50,sample
22lr,2026-06-28,Sample Retailer C,15.84,250,sample
22lr,2026-06-28,Sample Retailer E,17.01,250,sample
22lr,2026-06-28,Sample Retailer B,35.25,500,sample
22lr,2026-06-28,Sample Retailer A,3.52,50,sample
22lr,2026-06-29,Sample Retailer E,16.71,250,sample
22lr,2026-06-29,Sample Retailer A,79.13,1000,sample
22lr,2026-06-29,Sample Retailer B,75.01,1000,sample
22lr,2026-06-29,Sample Retailer C,34.98,500,sample
22lr,2026-06-30,Sample Retailer B,16.76,250,sample
22lr,2026-06-30,Sample Retailer E,16.4,250,sample
22lr,2026-06-30,Sample Retailer A,1.67,20,sample
22lr,2026-07-01,Sample Retailer C,1.36,20,sample
22lr,2026-07-01,Sample Retailer E,1.36,20,sample
22lr,2026-07-01,Sample Retailer A,7.22,100,sample
22lr,2026-07-02,Sample Retailer C,6.52,100,sample
22lr,2026-07-02,Sample Retailer A,3.67,50,sample
22lr,2026-07-02,Sample Retailer B,19.43,250,sample
22lr,2026-07-02,Sample Retailer D,15.92,250,sample
22lr,2026-07-02,Sample Retailer E,1.46,20,sample
22lr,2026-07-03,Sample Retailer C,6.29,100,sample
22lr,2026-07-03,Sample Retailer A,1.46,20,sample
22lr,2026-07-03,Sample Retailer E,1.45,20,sample
22lr,2026-07-03,Sample Retailer B,6.41,100,sample
22lr,2026-07-03,Sample Retailer D,36.01,500,sample
22lr,2026-07-04,Sample Retailer D,16.15,250,sample
22lr,2026-07-04,Sample Retailer E,76.44,1000,sample
22lr,2026-07-04,Sample Retailer A,3.62,50,sample
22lr,2026-07-04,Sample Retailer C,1.41,20,sample
22lr,2026-07-04,Sample Retailer B,17.24,250,sample
22lr,2026-07-05,Sample Retailer B,31.57,500,sample
22lr,2026-07-05,Sample Retailer A,35.17,500,sample
22lr,2026-07-05,Sample Retailer C,3.77,50,sample
22lr,2026-07-05,Sample Retailer D,7.32,100,sample
22lr,2026-07-06,Sample Retailer E,3.69,50,sample
22lr,2026-07-06,Sample Retailer C,16.25,250,sample
22lr,2026-07-06,Sample Retailer D,6.92,100,sample
22lr,2026-07-07,Sample Retailer E,1.35,20,sample
22lr,2026-07-07,Sample Retailer D,6.88,100,sample
22lr,2026-07-07,Sample Retailer C,17.17,250,sample
22lr,2026-07-07,Sample Retailer A,6.75,100,sample
22lr,2026-07-08,Sample Retailer D,1.5,20,sample
22lr,2026-07-08,Sample Retailer B,17.71,250,sample
22lr,2026-07-08,Sample Retailer E,6.41,100,sample
22lr,2026-07-08,Sample Retailer A,6.79,100,sample
22lr,2026-07-08,Sample Retailer C,1.59,20,sample
22lr,2026-07-09,Sample Retailer C,16.24,250,sample
22lr,2026-07-09,Sample Retailer B,1.37,20,sample
22lr,2026-07-09,Sample Retailer D,74.25,1000,sample
22lr,2026-07-09,Sample Retailer E,1.35,20,sample
22lr,2026-07-10,Sample Retailer B,29.83,500,sample
22lr,2026-07-10,Sample Retailer A,72.99,1000,sample
22lr,2026-07-10,Sample Retailer E,3.4,50,sample
22lr,2026-07-10,Sample Retailer D,18.98,250,sample
22lr,2026-07-11,Sample Retailer B,3.53,50,sample
22lr,2026-07-11,Sample Retailer A,4.1,50,sample
22lr,2026-07-11,Sample Retailer D,3.53,50,sample
22lr,2026-07-11,Sample Retailer E,1.36,20,sample
22lr,2026-07-12,Sample Retailer A,75.74,1000,sample
22lr,2026-07-12,Sample Retailer D,3.66,50,sample
22lr,2026-07-12,Sample Retailer E,30.74,500,sample
22lr,2026-07-12,Sample Retailer C,6.59,100,sample
22lr,2026-07-13,Sample Retailer D,3.81,50,sample
22lr,2026-07-13,Sample Retailer C,19.13,250,sample
22lr,2026-07-13,Sample Retailer A,6.51,100,sample
22lr,2026-07-14,Sample Retailer E,6.04,100,sample
22lr,2026-07-14,Sample Retailer A,18.9,250,sample
22lr,2026-07-14,Sample Retailer D,1.46,20,sample
22lr,2026-07-15,Sample Retailer D,3.62,50,sample
22lr,2026-07-15,Sample Retailer C,33.6,500,sample
22lr,2026-07-15,Sample Retailer B,1.67,20,sample
22lr,2026-07-15,Sample Retailer E,29.9,500,sample
22lr,2026-07-15,Sample Retailer A,34.36,500,sample
22lr,2026-07-16,Sample Retailer D,38.31,500,sample
22lr,2026-07-16,Sample Retailer A,64.81,1000,sample
22lr,2026-07-16,Sample Retailer C,14.57,250,sample
22lr,2026-07-17,Sample Retailer B,34.5,500,sample
22lr,2026-07-17,Sample Retailer E,32.65,500,sample
22lr,2026-07-17,Sample Retailer A,62.92,1000,sample
22lr,2026-07-17,Sample Retailer D,7.01,100,sample
22lr,2026-07-17,Sample Retailer C,6.5,100,sample
22lr,2026-07-18,Sample Retailer B,34.91,500,sample
22lr,2026-07-18,Sample Retailer E,73.25,1000,sample
22lr,2026-07-18,Sample Retailer C,15.76,250,sample
22lr,2026-07-19,Sample Retailer B,2.99,50,sample
22lr,2026-07-19,Sample Retailer A,1.53,20,sample
22lr,2026-07-19,Sample Retailer C,1.62,20,sample
22lr,2026-07-19,Sample Retailer D,35.98,500,sample
22lr,2026-07-19,Sample Retailer E,15.18,250,sample
22lr,2026-07-20,Sample Retailer A,1.5,20,sample
22lr,2026-07-20,Sample Retailer B,3.49,50,sample
22lr,2026-07-20,Sample Retailer E,3.78,50,sample
22lr,2026-07-20,Sample Retailer D,1.16,20,sample
22lr,2026-07-21,Sample Retailer A,3.67,50,sample
22lr,2026-07-21,Sample Retailer D,1.83,20,sample
22lr,2026-07-21,Sample Retailer C,36.42,500,sample
22lr,2026-07-21,Sample Retailer B,3.57,50,sample
22lr,2026-07-21,Sample Retailer E,1.57,20,sample
22lr,2026-07-22,Sample Retailer E,3.56,50,sample
22lr,2026-07-22,Sample Retailer A,36.58,500,sample
22lr,2026-07-22,Sample Retailer B,3.62,50,sample
22lr,2026-07-22,Sample Retailer C,1.63,20,sample
22lr,2026-07-22,Sample Retailer D,17.81,250,sample
22lr,2026-07-23,Sample Retailer A,6.13,100,sample
22lr,2026-07-23,Sample Retailer C,6.83,100,sample
22lr,2026-07-23,Sample Retailer B,5.97,100,sample
22lr,2026-07-23,Sample Retailer D,15.97,250,sample
22lr,2026-07-23,Sample Retailer E,34.64,500,sample
22lr,2026-07-24,Sample Retailer C,15.35,250,sample
22lr,2026-07-24,Sample Retailer E,3.67,50,sample
22lr,2026-07-24,Sample Retailer D,71.82,1000,sample
22lr,2026-07-24,Sample Retailer B,3.36,50,sample
22lr,2026-07-25,Sample Retailer C,6.04,100,sample
22lr,2026-07-25,Sample Retailer E,6.59,100,sample
22lr,2026-07-25,Sample Retailer D,30.82,500,sample
22lr,2026-07-26,Sample Retailer A,62.81,1000,sample
22lr,2026-07-26,Sample Retailer C,6.51,100,sample
22lr,2026-07-26,Sample Retailer B,19.43,250,sample
22lr,2026-07-26,Sample Retailer D,17.5,250,sample
22lr,2026-07-26,Sample Retailer E,7.74,100,sample
22lr,2026-07-27,Sample Retailer D,60.98,1000,sample
22lr,2026-07-27,Sample Retailer A,4.01,50,sample
22lr,2026-07-27,Sample Retailer E,16.21,250,sample
22lr,2026-07-27,Sample Retailer B,1.33,20,sample
22lr,2026-07-27,Sample Retailer C,7.1,100,sample
22lr,2026-07-28,Sample Retailer D,1.66,20,sample
22lr,2026-07-28,Sample Retailer C,3.94,50,sample
22lr,2026-07-28,Sample Retailer A,63.02,1000,sample
22lr,2026-07-28,Sample Retailer B,1.53,20,sample
22lr,2026-07-28,Sample Retailer E,6.98,100,sample
22lr,2026-07-29,Sample Retailer E,35.83,500,sample
22lr,2026-07-29,Sample Retailer C,1.38,20,sample
22lr,2026-07-29,Sample Retailer A,7.0,100,sample
22lr,2026-07-29,Sample Retailer D,6.9,100,sample
22lr,2026-07-29,Sample Retailer B,31.85,500,sample
22lr,2026-07-30,Sample Retailer B,15.56,250,sample
22lr,2026-07-30,Sample Retailer A,6.35,100,sample
22lr,2026-07-30,Sample Retailer C,37.11,500,sample
22lr,2026-07-30,Sample Retailer D,32.26,500,sample
22lr,2026-07-30,Sample Retailer E,3.81,50,sample
22lr,2026-07-31,Sample Retailer C,4.23,50,sample
22lr,2026-07-31,Sample Retailer E,6.92,100,sample
22lr,2026-07-31,Sample Retailer D,17.88,250,sample
22lr,2026-08-01,Sample Retailer C,7.41,100,sample
22lr,2026-08-01,Sample Retailer D,31.37,500,sample
22lr,2026-08-01,Sample Retailer B,3.97,50,sample
22lr,2026-08-01,Sample Retailer E,1.5,20,sample
22lr,2026-08-01,Sample Retailer A,7.18,100,sample
22lr,2026-08-02,Sample Retailer E,65.88,1000,sample
22lr,2026-08-02,Sample Retailer D,37.12,500,sample
22lr,2026-08-02,Sample Retailer C,64.9,1000,sample
22lr,2026-08-03,Sample Retailer D,3.63,50,sample
22lr,2026-08-03,Sample Retailer A,3.89,50,sample
22lr,2026-08-03,Sample Retailer C,17.43,250,sample
22lr,2026-08-03,Sample Retailer E,3.65,50,sample
22lr,2026-08-03,Sample Retailer B,1.53,20,sample
22lr,2026-08-04,Sample Retailer B,3.79,50,sample
22lr,2026-08-04,Sample Retailer A,59.06,1000,sample
22lr,2026-08-04,Sample Retailer D,73.63,1000,sample
22lr,2026-08-04,Sample Retailer C,6.54,100,sample
22lr,2026-08-05,Sample Retailer C,3.55,50,sample
22lr,2026-08-05,Sample Retailer B,6.29,100,sample
22lr,2026-08-05,Sample Retailer A,34.67,500,sample
22lr,2026-08-06,Sample Retailer A,37.1,500,sample
22lr,2026-08-06,Sample Retailer E,73.9,1000,sample
22lr,2026-08-06,Sample Retailer C,72.89,1000,sample
22lr,2026-08-07,Sample Retailer D,6.1,100,sample
22lr,2026-08-07,Sample Retailer A,1.43,20,sample
22lr,2026-08-07,Sample Retailer B,17.54,250,sample
22lr,2026-08-07,Sample Retailer E,17.34,250,sample
22lr,2026-08-07,Sample Retailer C,16.07,250,sample
22lr,2026-08-08,Sample Retailer A,16.05,250,sample
22lr,2026-08-08,Sample Retailer D,1.49,20,sample
22lr,2026-08-08,Sample Retailer E,7.1,100,sample
22lr,2026-08-08,Sample Retailer C,17.12,250,sample
22lr,2026-08-09,Sample Retailer A,8.01,100,sample
22lr,2026-08-09,Sample Retailer D,73.47,1000,sample
22lr,2026-08-09,Sample Retailer B,17.99,250,sample
22lr,2026-08-09,Sample Retailer C,71.14,1000,sample
22lr,2026-08-09,Sample Retailer E,6.14,100,sample
22lr,2026-08-10,Sample Retailer B,75.08,1000,sample
22lr,2026-08-10,Sample Retailer C,4.08,50,sample
22lr,2026-08-10,Sample Retailer E,31.1,500,sample
22lr,2026-08-11,Sample Retailer B,32.89,500,sample
22lr,2026-08-11,Sample Retailer C,36.76,500,sample
22lr,2026-08-11,Sample Retailer D,4.05,50,sample
22lr,2026-08-12,Sample Retailer C,1.51,20,sample
22lr,2026-08-12,Sample Retailer A,7.79,100,sample
22lr,2026-08-12,Sample Retailer D,63.87,1000,sample
22lr,2026-08-13,Sample Retailer E,1.42,20,sample
22lr,2026-08-13,Sample Retailer D,1.26,20,sample
22lr,2026-08-13,Sample Retailer B,6.23,100,sample
22lr,2026-08-13,Sample Retailer C,5.79,100,sample
22lr,2026-08-14,Sample Retailer E,72.59,1000,sample
22lr,2026-08-14,Sample Retailer A,68.97,1000,sample
22lr,2026-08-14,Sample Retailer C,33.27,500,sample
22lr,2026-08-15,Sample Retailer D,16.21,250,sample
22lr,2026-08-15,Sample Retailer B,61.87,1000,sample
22lr,2026-08-15,Sample Retailer E,14.82,250,sample
22lr,2026-08-15,Sample Retailer C,60.26,1000,sample
22lr,2026-08-16,Sample Retailer A,34.75,500,sample
22lr,2026-08-16,Sample Retailer B,1.5,20,sample
22lr,2026-08-16,Sample Retailer D,1.44,20,sample
22lr,2026-08-16,Sample Retailer C,31.03,500,sample
22lr,2026-08-17,Sample Retailer B,1.48,20,sample
22lr,2026-08-17,Sample Retailer E,1.4,20,sample
22lr,2026-08-17,Sample Retailer D,31.61,500,sample
22lr,2026-08-17,Sample Retailer C,7.22,100,sample
22lr,2026-08-18,Sample Retailer E,17.38,250,sample
22lr,2026-08-18,Sample Retailer D,35.87,500,sample
22lr,2026-08-18,Sample Retailer A,7.36,100,sample
22lr,2026-08-18,Sample Retailer B,31.79,500,sample
22lr,2026-08-19,Sample Retailer D,1.34,20,sample
22lr,2026-08-19,Sample Retailer C,17.63,250,sample
22lr,2026-08-19,Sample Retailer B,3.54,50,sample
22lr,2026-08-19,Sample Retailer E,3.52,50,sample
22lr,2026-08-19,Sample Retailer A,1.53,20,sample
22lr,2026-08-20,Sample Retailer B,18.21,250,sample
22lr,2026-08-20,Sample Retailer C,66.78,1000,sample
22lr,2026-08-20,Sample Retailer A,6.35,100,sample
22lr,2026-08-20,Sample Retailer D,6.44,100,sample
22lr,2026-08-20,Sample Retailer E,34.98,500,sample
22lr,2026-08-21,Sample Retailer A,3.69,50,sample
22lr,2026-08-21,Sample Retailer B,3.42,50,sample
22lr,2026-08-21,Sample Retailer E,3.44,50,sample
22lr,2026-08-22,Sample Retailer B,2.86,50,sample
22lr,2026-08-22,Sample Retailer E,35.29,500,sample
22lr,2026-08-22,Sample Retailer D,1.62,20,sample
22lr,2026-08-22,Sample Retailer A,7.66,100,sample
22lr,2026-08-23,Sample Retailer E,6.72,100,sample
22lr,2026-08-23,Sample Retailer D,67.74,1000,sample
22lr,2026-08-23,Sample Retailer B,73.37,1000,sample
22lr,2026-08-23,Sample Retailer A,19.36,250,sample
22lr,2026-08-23,Sample Retailer C,3.47,50,sample
22lr,2026-08-24,Sample Retailer C,3.79,50,sample
22lr,2026-08-24,Sample Retailer A,34.72,500,sample
22lr,2026-08-24,Sample Retailer E,72.16,1000,sample
22lr,2026-08-24,Sample Retailer B,31.11,500,sample
22lr,2026-08-24,Sample Retailer D,3.75,50,sample
22lr,2026-08-25,Sample Retailer E,67.24,1000,sample
22lr,2026-08-25,Sample Retailer B,63.92,1000,sample
22lr,2026-08-25,Sample Retailer C,60.62,1000,sample
22lr,2026-08-25,Sample Retailer D,69.83,1000,sample
22lr,2026-08-26,Sample Retailer A,1.3,20,sample
22lr,2026-08-26,Sample Retailer E,6.36,100,sample
22lr,2026-08-26,Sample Retailer B,15.54,250,sample
22lr,2026-08-26,Sample Retailer C,3.45,50,sample
22lr,2026-08-27,Sample Retailer C,17.12,250,sample
22lr,2026-08-27,Sample Retailer A,1.43,20,sample
22lr,2026-08-27,Sample Retailer D,34.76,500,sample
22lr,2026-08-27,Sample Retailer B,4.0,50,sample
22lr,2026-08-27,Sample Retailer E,1.27,20,sample
22lr,2026-08-28,Sample Retailer E,17.94,250,sample
22lr,2026-08-28,Sample Retailer A,3.35,50,sample
22lr,2026-08-28,Sample Retailer C,1.58,20,sample
22lr,2026-08-28,Sample Retailer D,3.57,50,sample
22lr,2026-08-28,Sample Retailer B,1.65,20,sample
22lr,2026-08-29,Sample Retailer A,3.94,50,sample
22lr,2026-08-29,Sample Retailer C,71.95,1000,sample
22lr,2026-08-29,Sample Retailer B,35.16,500,sample
22lr,2026-08-30,Sample Retailer D,4.25,50,sample
22lr,2026-08-30,Sample Retailer E,17.83,250,sample
22lr,2026-08-30,Sample Retailer B,69.26,1000,sample
22lr,2026-08-30,Sample Retailer C,6.72,100,sample
22lr,2026-08-31,Sample Retailer B,6.09,100,sample
22lr,2026-08-31,Sample Retailer D,6.78,100,sample
22lr,2026-08-31,Sample Retailer E,68.38,1000,sample
22lr,2026-08-31,Sample Retailer A,1.62,20,sample
22lr,2026-08-31,Sample Retailer C,17.07,250,sample
22lr,2026-09-01,Sample Retailer E,77.66,1000,sample
22lr,2026-09-01,Sample Retailer D,3.4,50,sample
22lr,2026-09-01,Sample Retailer C,3.83,50,sample
22lr,2026-09-01,Sample Retailer A,5.97,100,sample
22lr,2026-09-02,Sample Retailer A,69.38,1000,sample
22lr,2026-09-02,Sample Retailer B,3.7,50,sample
22lr,2026-09-02,Sample Retailer C,36.53,500,sample
22lr,2026-09-03,Sample Retailer D,71.77,1000,sample
22lr,2026-09-03,Sample Retailer E,7.25,100,sample
22lr,2026-09-03,Sample Retailer C,13.99,250,sample
22lr,2026-09-03,Sample Retailer A,16.15,250,sample
22lr,2026-09-04,Sample Retailer B,65.92,1000,sample
22lr,2026-09-04,Sample Retailer C,74.68,1000,sample
22lr,2026-09-04,Sample Retailer D,1.42,20,sample
22lr,2026-09-04,Sample Retailer A,4.16,50,sample
22lr,2026-09-05,Sample Retailer B,67.04,1000,sample
22lr,2026-09-05,Sample Retailer E,76.75,1000,sample
22lr,2026-09-05,Sample Retailer A,6.84,100,sample
22lr,2026-09-06,Sample Retailer D,1.62,20,sample
22lr,2026-09-06,Sample Retailer E,17.78,250,sample
22lr,2026-09-06,Sample Retailer B,1.75,20,sample
22lr,2026-09-06,Sample Retailer A,35.28,500,sample
22lr,2026-09-07,Sample Retailer A,1.47,20,sample
22lr,2026-09-07,Sample Retailer C,14.24,250,sample
22lr,2026-09-07,Sample Retailer E,3.67,50,sample
22lr,2026-09-08,Sample Retailer C,60.44,1000,sample
22lr,2026-09-08,Sample Retailer E,6.92,100,sample
22lr,2026-09-08,Sample Retailer D,20.73,250,sample
22lr,2026-09-09,Sample Retailer A,68.99,1000,sample
22lr,2026-09-09,Sample Retailer B,3.43,50,sample
22lr,2026-09-09,Sample Retailer E,76.65,1000,sample
22lr,2026-09-09,Sample Retailer D,7.56,100,sample
22lr,2026-09-09,Sample Retailer C,6.63,100,sample
22lr,2026-09-10,Sample Retailer B,7.15,100,sample
22lr,2026-09-10,Sample Retailer A,1.51,20,sample
22lr,2026-09-10,Sample Retailer D,6.61,100,sample
22lr,2026-09-10,Sample Retailer E,69.83,1000,sample
22lr,2026-09-11,Sample Retailer C,1.42,20,sample
22lr,2026-09-11,Sample Retailer B,76.79,1000,sample
22lr,2026-09-11,Sample Retailer A,28.32,500,sample
22lr,2026-09-11,Sample Retailer E,6.04,100,sample
22lr,2026-09-11,Sample Retailer D,64.04,1000,sample
22lr,2026-09-12,Sample Retailer C,70.68,1000,sample
22lr,2026-09-12,Sample Retailer B,16.62,250,sample
22lr,2026-09-12,Sample Retailer E,4.02,50,sample
22lr,2026-09-12,Sample Retailer A,71.43,1000,sample
22lr,2026-09-12,Sample Retailer D,4.22,50,sample
22lr,2026-09-13,Sample Retailer A,1.59,20,sample
22lr,2026-09-13,Sample Retailer B,1.42,20,sample
22lr,2026-09-13,Sample Retailer E,6.69,100,sample
22lr,2026-09-13,Sample Retailer C,15.95,250,sample
22lr,2026-09-14,Sample Retailer D,1.55,20,sample
22lr,2026-09-14,Sample Retailer B,17.43,250,sample
22lr,2026-09-14,Sample Retailer C,6.33,100,sample
22lr,2026-09-14,Sample Retailer E,31.06,500,sample
22lr,2026-09-15,Sample Retailer D,17.83,250,sample
22lr,2026-09-15,Sample Retailer B,16.26,250,sample
22lr,2026-09-15,Sample Retailer E,3.95,50,sample
22lr,2026-09-15,Sample Retailer A,66.47,1000,sample
22lr,2026-09-15,Sample Retailer C,1.71,20,sample
22lr,2026-09-16,Sample Retailer D,7.25,100,sample
22lr,2026-09-16,Sample Retailer B,80.94,1000,sample
22lr,2026-09-16,Sample Retailer A,59.18,1000,sample
22lr,2026-09-16,Sample Retailer C,6.38,100,sample
22lr,2026-09-17,Sample Retailer A,67.14,1000,sample
22lr,2026-09-17,Sample Retailer E,1.41,20,sample
22lr,2026-09-17,Sample Retailer D,72.37,1000,sample
22lr,2026-09-17,Sample Retailer C,3.45,50,sample
22lr,2026-09-18,Sample Retailer D,36.3,500,sample
22lr,2026-09-18,Sample Retailer A,6.63,100,sample
22lr,2026-09-18,Sample Retailer B,62.34,1000,sample
22lr,2026-09-19,Sample Retailer D,6.6,100,sample
22lr,2026-09-19,Sample Retailer A,6.68,100,sample
22lr,2026-09-19,Sample Retailer E,1.49,20,sample
22lr,2026-09-19,Sample Retailer B,67.86,1000,sample
22lr,2026-09-19,Sample Retailer C,6.75,100,sample
22lr,2026-09-20,Sample Retailer E,33.91,500,sample
22lr,2026-09-20,Sample Retailer C,3.47,50,sample
22lr,2026-09-20,Sample Retailer D,3.69,50,sample
22lr,2026-09-21,Sample Retailer D,6.55,100,sample
22lr,2026-09-21,Sample Retailer A,6.3,100,sample
22lr,2026-09-21,Sample Retailer B,1.42,20,sample
22lr,2026-09-22,Sample Retailer A,38.1,500,sample
22lr,2026-09-22,Sample Retailer E,7.83,100,sample
22lr,2026-09-22,Sample Retailer D,1.41,20,sample
22lr,2026-09-22,Sample Retailer C,1.31,20,sample
22lr,2026-09-23,Sample Retailer E,17.58,250,sample
22lr,2026-09-23,Sample Retailer D,33.13,500,sample
22lr,2026-09-23,Sample Retailer C,6.11,100,sample
22lr,2026-09-23,Sample Retailer A,3.71,50,sample
22lr,2026-09-23,Sample Retailer B,3.56,50,sample
22lr,2026-09-24,Sample Retailer B,32.56,500,sample
22lr,2026-09-24,Sample Retailer A,6.94,100,sample
22lr,2026-09-24,Sample Retailer D,29.53,500,sample
22lr,2026-09-24,Sample Retailer C,4.16,50,sample
22lr,2026-09-25,Sample Retailer E,17.61,250,sample
22lr,2026-09-25,Sample Retailer B,33.84,500,sample
22lr,2026-09-25,Sample Retailer C,63.83,1000,sample
22lr,2026-09-25,Sample Retailer A,68.4,1000,sample
22lr,2026-09-25,Sample Retailer D,18.33,250,sample
22lr,2026-09-26,Sample Retailer D,5.97,100,sample
22lr,2026-09-26,Sample Retailer E,63.83,1000,sample
22lr,2026-09-26,Sample Retailer C,3.63,50,sample
22lr,2026-09-27,Sample Retailer A,3.62,50,sample
22lr,2026-09-27,Sample Retailer C,61.71,1000,sample
22lr,2026-09-27,Sample Retailer D,1.31,20,sample
22lr,2026-09-27,Sample Retailer B,19.61,250,sample
22lr,2026-09-27,Sample Retailer E,62.73,1000,sample
22lr,2026-09-28,Sample Retailer D,37.2,500,sample
22lr,2026-09-28,Sample Retailer A,16.4,250,sample
22lr,2026-09-28,Sample Retailer E,7.09,100,sample
22lr,2026-09-28,Sample Retailer C,61.04,1000,sample
22lr,2026-09-28,Sample Retailer B,69.22,1000,sample
22lr,2026-09-29,Sample Retailer B,17.34,250,sample
22lr,2026-09-29,Sample Retailer A,18.45,250,sample
22lr,2026-09-29,Sample Retailer C,6.08,100,sample
22lr,2026-09-30,Sample Retailer E,37.1,500,sample
22lr,2026-09-30,Sample Retailer C,3.88,50,sample
22lr,2026-09-30,Sample Retailer A,1.45,20,sample
22lr,2026-09-30,Sample Retailer D,6.07,100,sample
22lr,2026-09-30,Sample Retailer B,64.12,1000,sample
22lr,2026-10-01,Sample Retailer E,71.1,1000,sample
22lr,2026-10-01,Sample Retailer D,28.39,500,sample
22lr,2026-10-01,Sample Retailer B,6.9,100,sample
22lr,2026-10-01,Sample Retailer A,8.04,100,sample
22lr,2026-10-02,Sample Retailer A,35.82,500,sample
22lr,2026-10-02,Sample Retailer B,59.32,1000,sample
22lr,2026-10-02,Sample Retailer D,36.64,500,sample
22lr,2026-10-02,Sample Retailer C,7.48,100,sample
22lr,2026-10-03,Sample Retailer A,17.21,250,sample
22lr,2026-10-03,Sample Retailer B,7.06,100,sample
22lr,2026-10-03,Sample Retailer D,3.89,50,sample
22lr,2026-10-04,Sample Retailer E,34.85,500,sample
22lr,2026-10-04,Sample Retailer C,16.93,250,sample
22lr,2026-10-04,Sample Retailer D,7.08,100,sample
22lr,2026-10-05,Sample Retailer A,16.77,250,sample
22lr,2026-10-05,Sample Retailer C,6.21,100,sample
22lr,2026-10-05,Sample Retailer B,1.52,20,sample
22lr,2026-10-06,Sample Retailer C,29.59,500,sample
22lr,2026-10-06,Sample Retailer A,7.05,100,sample
22lr,2026-10-06,Sample Retailer B,1.44,20,sample
22lr,2026-10-06,Sample Retailer E,71.2,1000,sample
556,2026-06-09,Sample Retailer B,186.67,500,sample
556,2026-06-09,Sample Retailer D,7.33,20,sample
556,2026-06-09,Sample Retailer E,23.78,50,sample
556,2026-06-09,Sample Retailer A,9.21,20,sample
556,2026-06-09,Sample Retailer C,8.19,20,sample
556,2026-06-10,Sample Retailer D,192.61,500,sample
556,2026-06-10,Sample Retailer C,361.06,1000,sample
556,2026-06-10,Sample Retailer E,186.51,500,sample
556,2026-06-10,Sample Retailer A,188.33,500,sample
556,2026-06-11,Sample Retailer E,19.51,50,sample
556,2026-06-11,Sample Retailer D,161.37,500,sample
556,2026-06-11,Sample Retailer C,404.8,1000,sample
556,2026-06-11,Sample Retailer A,99.06,250,sample
556,2026-06-11,Sample Retailer B,353.95,1000,sample
556,2026-06-12,Sample Retailer E,22.44,50,sample
556,2026-06-12,Sample Retailer D,19.47,50,sample
556,2026-06-12,Sample Retailer B,8.75,20,sample
556,2026-06-13,Sample Retailer B,396.65,1000,sample
556,2026-06-13,Sample Retailer C,8.08,20,sample
556,2026-06-13,Sample Retailer D,9.08,20,sample
556,2026-06-14,Sample Retailer B,22.25,50,sample
556,2026-06-14,Sample Retailer C,359.01,1000,sample
556,2026-06-14,Sample Retailer D,24.33,50,sample
556,2026-06-15,Sample Retailer A,173.63,500,sample
556,2026-06-15,Sample Retailer E,204.15,500,sample
556,2026-06-15,Sample Retailer B,19.98,50,sample
556,2026-06-15,Sample Retailer C,32.36,100,sample
556,2026-06-16,Sample Retailer D,7.24,20,sample
556,2026-06-16,Sample Retailer A,104.81,250,sample
556,2026-06-16,Sample Retailer E,20.43,50,sample
556,2026-06-16,Sample Retailer C,8.36,20,sample
556,2026-06-17,Sample Retailer E,38.17,100,sample
556,2026-06-17,Sample Retailer B,169.74,500,sample
556,2026-06-17,Sample Retailer D,21.58,50,sample
556,2026-06-17,Sample Retailer C,154.7,500,sample
556,2026-06-18,Sample Retailer A,202.19,500,sample
556,2026-06-18,Sample Retailer D,175.87,500,sample
556,2026-06-18,Sample Retailer B,7.49,20,sample
556,2026-06-18,Sample Retailer E,314.97,1000,sample
556,2026-06-18,Sample Retailer C,36.0,100,sample
556,2026-06-19,Sample Retailer B,201.31,500,sample
556,2026-06-19,Sample Retailer A,347.0,1000,sample
556,2026-06-19,Sample Retailer E,30.18,100,sample
556,2026-06-19,Sample Retailer D,340.89,1000,sample
556,2026-06-19,Sample Retailer C,378.71,1000,sample
556,2026-06-20,Sample Retailer E,8.27,20,sample
556,2026-06-20,Sample Retailer C,377.55,1000,sample
556,2026-06-20,Sample Retailer A,187.17,500,sample
556,2026-06-20,Sample Retailer D,164.62,500,sample
556,2026-06-21,Sample Retailer D,19.36,50,sample
556,2026-06-21,Sample Retailer A,38.86,100,sample
556,2026-06-21,Sample Retailer B,204.14,500,sample
556,2026-06-21,Sample Retailer E,171.82,500,sample
556,2026-06-22,Sample Retailer A,22.01,50,sample
556,2026-06-22,Sample Retailer D,375.67,1000,sample
556,2026-06-22,Sample Retailer B,93.1,250,sample
556,2026-06-22,Sample Retailer C,37.15,100,sample
556,2026-06-22,Sample Retailer E,19.38,50,sample
556,2026-06-23,Sample Retailer A,340.14,1000,sample
556,2026-06-23,Sample Retailer C,78.61,250,sample
556,2026-06-23,Sample Retailer E,392.7,1000,sample
556,2026-06-24,Sample Retailer B,18.6,50,sample
556,2026-06-24,Sample Retailer A,197.19,500,sample
556,2026-06-24,Sample Retailer D,195.56,500,sample
556,2026-06-24,Sample Retailer E,82.45,250,sample
556,2026-06-24,Sample Retailer C,29.89,100,sample
556,2026-06-25,Sample Retailer D,8.26,20,sample
556,2026-06-25,Sample Retailer A,94.76,250,sample
556,2026-06-25,Sample Retailer C,18.76,50,sample
556,2026-06-25,Sample Retailer B,38.35,100,sample
556,2026-06-26,Sample Retailer A,20.37,50,sample
556,2026-06-26,Sample Retailer C,20.68,50,sample
556,2026-06-26,Sample Retailer D,168.84,500,sample
556,2026-06-26,Sample Retailer B,33.19,100,sample
556,2026-06-26,Sample Retailer E,342.86,1000,sample
556,2026-06-27,Sample Retailer B,416.62,1000,sample
556,2026-06-27,Sample Retailer C,22.27,50,sample
556,2026-06-27,Sample Retailer D,192.78,500,sample
556,2026-06-27,Sample Retailer E,41.31,100,sample
556,2026-06-28,Sample Retailer E,8.76,20,sample
556,2026-06-28,Sample Retailer C,19.76,50,sample
556,2026-06-28,Sample Retailer B,8.22,20,sample
556,2026-06-28,Sample Retailer A,35.22,100,sample
556,2026-06-28,Sample Retailer D,9.16,20,sample
556,2026-06-29,Sample Retailer E,21.97,50,sample
556,2026-06-29,Sample Retailer D,37.18,100,sample
556,2026-06-29,Sample Retailer A,40.18,100,sample
556,2026-06-29,Sample Retailer C,37.53,100,sample
556,2026-06-29,Sample Retailer B,94.49,250,sample
556,2026-06-30,Sample Retailer C,342.39,1000,sample
556,2026-06-30,Sample Retailer D,97.89,250,sample
556,2026-06-30,Sample Retailer E,40.68,100,sample
556,2026-06-30,Sample Retailer A,19.68,50,sample
556,2026-07-01,Sample Retailer E,376.01,1000,sample
556,2026-07-01,Sample Retailer A,199.9,500,sample
556,2026-07-01,Sample Retailer C,31.16,100,sample
556,2026-07-02,Sample Retailer E,43.39,100,sample
556,2026-07-02,Sample Retailer D,8.48,20,sample
556,2026-07-02,Sample Retailer C,20.86,50,sample
556,2026-07-03,Sample Retailer D,320.1,1000,sample
556,2026-07-03,Sample Retailer A,20.46,50,sample
556,2026-07-03,Sample Retailer E,35.98,100,sample
556,2026-07-03,Sample Retailer B,19.62,50,sample
556,2026-07-04,Sample Retailer A,95.86,250,sample
556,2026-07-04,Sample Retailer B,20.67,50,sample
556,2026-07-04,Sample Retailer D,18.17,50,sample
556,2026-07-04,Sample Retailer E,34.7,100,sample
556,2026-07-04,Sample Retailer C,84.48,250,sample
556,2026-07-05,Sample Retailer C,193.98,500,sample
556,2026-07-05,Sample Retailer A,197.21,500,sample
556,2026-07-05,Sample Retailer D,7.73,20,sample
556,2026-07-05,Sample Retailer E,88.62,250,sample
556,2026-07-05,Sample Retailer B,18.57,50,sample
556,2026-07-06,Sample Retailer B,185.8,500,sample
556,2026-07-06,Sample Retailer E,175.91,500,sample
556,2026-07-06,Sample Retailer A,355.85,1000,sample
556,2026-07-06,Sample Retailer D,34.68,100,sample
556,2026-07-06,Sample Retailer C,90.09,250,sample
556,2026-07-07,Sample Retailer E,35.35,100,sample
556,2026-07-07,Sample Retailer B,41.09,100,sample
556,2026-07-07,Sample Retailer D,189.72,500,sample
556,2026-07-08,Sample Retailer C,187.86,500,sample
556,2026-07-08,Sample Retailer D,8.63,20,sample
556,2026-07-08,Sample Retailer B,427.43,1000,sample
556,2026-07-08,Sample Retailer E,45.89,100,sample
556,2026-07-08,Sample Retailer A,376.27,1000,sample
556,2026-07-09,Sample Retailer A,107.4,250,sample
556,2026-07-09,Sample Retailer B,36.45,100,sample
556,2026-07-09,Sample Retailer C,9.38,20,sample
556,2026-07-09,Sample Retailer E,8.81,20,sample
556,2026-07-10,Sample Retailer D,388.41,1000,sample
556,2026-07-10,Sample Retailer B,8.76,20,sample
556,2026-07-10,Sample Retailer A,39.69,100,sample
556,2026-07-10,Sample Retailer E,37.56,100,sample
556,2026-07-11,Sample Retailer E,82.95,250,sample
556,2026-07-11,Sample Retailer C,8.16,20,sample
556,2026-07-11,Sample Retailer A,20.57,50,sample
556,2026-07-11,Sample Retailer B,173.5,500,sample
556,2026-07-12,Sample Retailer D,20.21,50,sample
556,2026-07-12,Sample Retailer A,86.13,250,sample
556,2026-07-12,Sample Retailer C,22.75,50,sample
556,2026-07-12,Sample Retailer B,206.51,500,sample
556,2026-07-12,Sample Retailer E,98.6,250,sample
556,2026-07-13,Sample Retailer C,35.84,100,sample
556,2026-07-13,Sample Retailer E,356.91,1000,sample
556,2026-07-13,Sample Retailer A,18.89,50,sample
556,2026-07-13,Sample Retailer B,8.54,20,sample
556,2026-07-13,Sample Retailer D,184.67,500,sample
556,2026-07-14,Sample Retailer B,209.63,500,sample
556,2026-07-14,Sample Retailer A,35.82,100,sample
556,2026-07-14,Sample Retailer E,90.97,250,sample
556,2026-07-14,Sample Retailer D,8.68,20,sample
556,2026-07-15,Sample Retailer D,85.14,250,sample
556,2026-07-15,Sample Retailer A,37.75,100,sample
556,2026-07-15,Sample Retailer E,198.22,500,sample
556,2026-07-16,Sample Retailer E,95.93,250,sample
556,2026-07-16,Sample Retailer B,95.53,250,sample
556,2026-07-16,Sample Retailer A,18.13,50,sample
556,2026-07-17,Sample Retailer E,183.63,500,sample
556,2026-07-17,Sample Retailer A,8.91,20,sample
556,2026-07-17,Sample Retailer C,8.48,20,sample
556,2026-07-18,Sample Retailer E,36.25,100,sample
556,2026-07-18,Sample Retailer A,8.45,20,sample
556,2026-07-18,Sample Retailer D,8.34,20,sample
556,2026-07-19,Sample Retailer B,195.95,500,sample
556,2026-07-19,Sample Retailer C,190.22,500,sample
556,2026-07-19,Sample Retailer A,192.93,500,sample
556,2026-07-20,Sample Retailer C,22.34,50,sample
556,2026-07-20,Sample Retailer B,36.34,100,sample
556,2026-07-20,Sample Retailer A,443.48,1000,sample
556,2026-07-20,Sample Retailer D,386.92,1000,sample
556,2026-07-20,Sample Retailer E,17.44,50,sample
556,2026-07-21,Sample Retailer E,383.4,1000,sample
556,2026-07-21,Sample Retailer B,84.04,250,sample
556,2026-07-21,Sample Retailer A,197.73,500,sample
556,2026-07-21,Sample Retailer D,96.52,250,sample
556,2026-07-22,Sample Retailer A,8.29,20,sample
556,2026-07-22,Sample Retailer C,19.34,50,sample
556,2026-07-22,Sample Retailer E,21.78,50,sample
556,2026-07-22,Sample Retailer D,19.57,50,sample
556,2026-07-22,Sample Retailer B,19.19,50,sample
556,2026-07-23,Sample Retailer E,7.43,20,sample
556,2026-07-23,Sample Retailer A,211.73,500,sample
556,2026-07-23,Sample Retailer D,33.45,100,sample
556,2026-07-23,Sample Retailer C,349.11,1000,sample
556,2026-07-23,Sample Retailer B,8.3,20,sample
556,2026-07-24,Sample Retailer D,377.6,1000,sample
556,2026-07-24,Sample Retailer C,336.65,1000,sample
556,2026-07-24,Sample Retailer A,8.81,20,sample
556,2026-07-24,Sample Retailer E,363.21,1000,sample
556,2026-07-24,Sample Retailer B,40.84,100,sample
556,2026-07-25,Sample Retailer B,8.4,20,sample
556,2026-07-25,Sample Retailer C,83.55,250,sample
556,2026-07-25,Sample Retailer A,90.25,250,sample
556,2026-07-25,Sample Retailer E,97.01,250,sample
556,2026-07-26,Sample Retailer D,6.92,20,sample
556,2026-07-26,Sample Retailer B,38.71,100,sample
556,2026-07-26,Sample Retailer A,332.15,1000,sample
556,2026-07-26,Sample Retailer E,407.67,1000,sample
556,2026-07-27,Sample Retailer B,88.28,250,sample
556,2026-07-27,Sample Retailer D,339.59,1000,sample
556,2026-07-27,Sample Retailer C,19.66,50,sample
556,2026-07-28,Sample Retailer B,184.63,500,sample
556,2026-07-28,Sample Retailer C,375.11,1000,sample
556,2026-07-28,Sample Retailer D,174.19,500,sample
556,2026-07-28,Sample Retailer A,20.69,50,sample
556,2026-07-29,Sample Retailer B,18.91,50,sample
556,2026-07-29,Sample Retailer A,173.81,500,sample
556,2026-07-29,Sample Retailer D,34.05,100,sample
556,2026-07-29,Sample Retailer E,354.64,1000,sample
556,2026-07-29,Sample Retailer C,7.53,20,sample
556,2026-07-30,Sample Retailer C,176.79,500,sample
556,2026-07-30,Sample Retailer A,8.46,20,sample
556,2026-07-30,Sample Retailer E,42.22,100,sample
556,2026-07-31,Sample Retailer B,19.94,50,sample
556,2026-07-31,Sample Retailer C,194.31,500,sample
556,2026-07-31,Sample Retailer A,100.04,250,sample
556,2026-07-31,Sample Retailer E,21.57,50,sample
556,2026-07-31,Sample Retailer D,101.48,250,sample
556,2026-08-01,Sample Retailer E,178.81,500,sample
556,2026-08-01,Sample Retailer C,346.47,1000,sample
556,2026-08-01,Sample Retailer D,373.91,1000,sample
556,2026-08-01,Sample Retailer B,384.02,1000,sample
556,2026-08-02,Sample Retailer E,189.63,500,sample
556,2026-08-02,Sample Retailer D,167.61,500,sample
556,2026-08-02,Sample Retailer A,100.44,250,sample
556,2026-08-03,Sample Retailer B,20.25,50,sample
556,2026-08-03,Sample Retailer D,194.25,500,sample
556,2026-08-03,Sample Retailer E,8.0,20,sample
556,2026-08-03,Sample Retailer A,168.65,500,sample
556,2026-08-04,Sample Retailer B,39.45,100,sample
556,2026-08-04,Sample Retailer A,7.83,20,sample
556,2026-08-04,Sample Retailer E,86.23,250,sample
556,2026-08-04,Sample Retailer C,20.86,50,sample
556,2026-08-04,Sample Retailer D,170.37,500,sample
556,2026-08-05,Sample Retailer B,20.47,50,sample
556,2026-08-05,Sample Retailer C,19.82,50,sample
556,2026-08-05,Sample Retailer E,20.47,50,sample
556,2026-08-05,Sample Retailer A,39.41,100,sample
556,2026-08-06,Sample Retailer A,21.02,50,sample
556,2026-08-06,Sample Retailer B,8.42,20,sample
556,2026-08-06,Sample Retailer D,32.73,100,sample
556,2026-08-06,Sample Retailer C,95.69,250,sample
556,2026-08-07,Sample Retailer B,19.92,50,sample
556,2026-08-07,Sample Retailer E,178.62,500,sample
556,2026-08-07,Sample Retailer C,20.33,50,sample
556,2026-08-07,Sample Retailer A,374.53,1000,sample
556,2026-08-07,Sample Retailer D,41.18,100,sample
556,2026-08-08,Sample Retailer D,8.26,20,sample
556,2026-08-08,Sample Retailer A,90.6,250,sample
556,2026-08-08,Sample Retailer B,101.55,250,sample
556,2026-08-08,Sample Retailer E,9.82,20,sample
556,2026-08-09,Sample Retailer E,7.84,20,sample
556,2026-08-09,Sample Retailer B,20.34,50,sample
556,2026-08-09,Sample Retailer C,8.8,20,sample
556,2026-08-09,Sample Retailer D,176.31,500,sample
556,2026-08-10,Sample Retailer E,87.42,250,sample
556,2026-08-10,Sample Retailer B,358.57,1000,sample
556,2026-08-10,Sample Retailer D,33.41,100,sample
556,2026-08-10,Sample Retailer A,216.03,500,sample
556,2026-08-11,Sample Retailer C,98.17,250,sample
556,2026-08-11,Sample Retailer E,347.81,1000,sample
556,2026-08-11,Sample Retailer A,43.82,100,sample
556,2026-08-11,Sample Retailer D,19.69,50,sample
556,2026-08-12,Sample Retailer C,8.47,20,sample
556,2026-08-12,Sample Retailer B,180.63,500,sample
556,2026-08-12,Sample Retailer E,351.19,1000,sample
556,2026-08-12,Sample Retailer D,430.46,1000,sample
556,2026-08-12,Sample Retailer A,93.67,250,sample
556,2026-08-13,Sample Retailer D,19.4,50,sample
556,2026-08-13,Sample Retailer B,101.1,250,sample
556,2026-08-13,Sample Retailer C,34.76,100,sample
556,2026-08-13,Sample Retailer E,8.46,20,sample
556,2026-08-14,Sample Retailer A,19.17,50,sample
556,2026-08-14,Sample Retailer E,98.48,250,sample
556,2026-08-14,Sample Retailer D,7.21,20,sample
556,2026-08-14,Sample Retailer B,39.06,100,sample
556,2026-08-15,Sample Retailer C,37.43,100,sample
556,2026-08-15,Sample Retailer D,21.26,50,sample
556,2026-08-15,Sample Retailer A,19.53,50,sample
556,2026-08-15,Sample Retailer E,24.72,50,sample
556,2026-08-15,Sample Retailer B,177.39,500,sample
556,2026-08-16,Sample Retailer E,392.59,1000,sample
556,2026-08-16,Sample Retailer C,381.19,1000,sample
556,2026-08-16,Sample Retailer D,102.15,250,sample
556,2026-08-16,Sample Retailer B,199.14,500,sample
556,2026-08-17,Sample Retailer D,95.51,250,sample
556,2026-08-17,Sample Retailer A,9.15,20,sample
556,2026-08-17,Sample Retailer C,37.84,100,sample
556,2026-08-17,Sample Retailer E,403.42,1000,sample
556,2026-08-18,Sample Retailer A,42.36,100,sample
556,2026-08-18,Sample Retailer E,353.47,1000,sample
556,2026-08-18,Sample Retailer C,40.15,100,sample
556,2026-08-18,Sample Retailer D,38.07,100,sample
556,2026-08-18,Sample Retailer B,167.33,500,sample
556,2026-08-19,Sample Retailer B,40.44,100,sample
556,2026-08-19,Sample Retailer E,352.57,1000,sample
556,2026-08-19,Sample Retailer C,19.74,50,sample
556,2026-08-19,Sample Retailer A,343.13,1000,sample
556,2026-08-20,Sample Retailer E,20.57,50,sample
556,2026-08-20,Sample Retailer A,93.32,250,sample
556,2026-08-20,Sample Retailer D,32.28,100,sample
556,2026-08-21,Sample Retailer B,8.56,20,sample
556,2026-08-21,Sample Retailer C,357.91,1000,sample
556,2026-08-21,Sample Retailer A,83.23,250,sample
556,2026-08-21,Sample Retailer D,20.8,50,sample
556,2026-08-21,Sample Retailer E,6.8,20,sample
556,2026-08-22,Sample Retailer D,21.46,50,sample
556,2026-08-22,Sample Retailer C,19.24,50,sample
556,2026-08-22,Sample Retailer A,362.54,1000,sample
556,2026-08-23,Sample Retailer A,38.21,100,sample
556,2026-08-23,Sample Retailer E,7.73,20,sample
556,2026-08-23,Sample Retailer D,18.97,50,sample
556,2026-08-23,Sample Retailer C,35.68,100,sample
556,2026-08-23,Sample Retailer B,208.05,500,sample
556,2026-08-24,Sample Retailer B,19.26,50,sample
556,2026-08-24,Sample Retailer A,352.97,1000,sample
556,2026-08-24,Sample Retailer E,451.11,1000,sample
556,2026-08-25,Sample Retailer D,8.78,20,sample
556,2026-08-25,Sample Retailer E,8.04,20,sample
556,2026-08-25,Sample Retailer A,35.8,100,sample
556,2026-08-26,Sample Retailer D,196.93,500,sample
556,2026-08-26,Sample Retailer B,363.95,1000,sample
556,2026-08-26,Sample Retailer A,20.11,50,sample
556,2026-08-26,Sample Retailer E,8.96,20,sample
556,2026-08-26,Sample Retailer C,99.25,250,sample
556,2026-08-27,Sample Retailer D,355.58,1000,sample
556,2026-08-27,Sample Retailer A,93.41,250,sample
556,2026-08-27,Sample Retailer B,37.96,100,sample
556,2026-08-27,Sample Retailer C,85.45,250,sample
556,2026-08-27,Sample Retailer E,18.94,50,sample
556,2026-08-28,Sample Retailer C,205.12,500,sample
556,2026-08-28,Sample Retailer E,8.94,20,sample
556,2026-08-28,Sample Retailer D,193.57,500,sample
556,2026-08-28,Sample Retailer A,170.91,500,sample
556,2026-08-29,Sample Retailer D,36.06,100,sample
556,2026-08-29,Sample Retailer A,39.51,100,sample
556,2026-08-29,Sample Retailer C,23.6,50,sample
556,2026-08-29,Sample Retailer E,221.59,500,sample
556,2026-08-30,Sample Retailer C,8.76,20,sample
556,2026-08-30,Sample Retailer A,38.77,100,sample
556,2026-08-30,Sample Retailer E,97.19,250,sample
556,2026-08-31,Sample Retailer D,174.66,500,sample
556,2026-08-31,Sample Retailer A,7.77,20,sample
556,2026-08-31,Sample Retailer B,37.25,100,sample
556,2026-08-31,Sample Retailer E,20.32,50,sample
556,2026-08-31,Sample Retailer C,89.43,250,sample
556,2026-09-01,Sample Retailer B,7.71,20,sample
556,2026-09-01,Sample Retailer C,387.05,1000,sample
556,2026-09-01,Sample Retailer D,183.69,500,sample
556,2026-09-01,Sample Retailer E,21.73,50,sample
556,2026-09-01,Sample Retailer A,20.38,50,sample
556,2026-09-02,Sample Retailer C,92.55,250,sample
556,2026-09-02,Sample Retailer E,7.73,20,sample
556,2026-09-02,Sample Retailer D,18.12,50,sample
556,2026-09-02,Sample Retailer A,8.92,20,sample
556,2026-09-03,Sample Retailer A,19.74,50,sample
556,2026-09-03,Sample Retailer E,8.1,20,sample
556,2026-09-03,Sample Retailer D,41.25,100,sample
556,2026-09-03,Sample Retailer C,21.49,50,sample
556,2026-09-04,Sample Retailer A,175.76,500,sample
556,2026-09-04,Sample Retailer D,39.95,100,sample
556,2026-09-04,Sample Retailer B,93.81,250,sample
556,2026-09-04,Sample Retailer C,87.29,250,sample
556,2026-09-05,Sample Retailer C,309.62,1000,sample
556,2026-09-05,Sample Retailer E,8.04,20,sample
556,2026-09-05,Sample Retailer B,39.36,100,sample
556,2026-09-05,Sample Retailer A,98.64,250,sample
556,2026-09-06,Sample Retailer C,441.71,1000,sample
556,2026-09-06,Sample Retailer D,19.52,50,sample
556,2026-09-06,Sample Retailer A,163.42,500,sample
556,2026-09-07,Sample Retailer A,8.08,20,sample
556,2026-09-07,Sample Retailer E,19.79,50,sample
556,2026-09-07,Sample Retailer C,168.45,500,sample
556,2026-09-07,Sample Retailer D,95.93,250,sample
556,2026-09-07,Sample Retailer B,8.6,20,sample
556,2026-09-08,Sample Retailer D,8.46,20,sample
556,2026-09-08,Sample Retailer B,92.6,250,sample
556,2026-09-08,Sample Retailer C,7.67,20,sample
556,2026-09-09,Sample Retailer B,313.35,1000,sample
556,2026-09-09,Sample Retailer D,306.45,1000,sample
556,2026-09-09,Sample Retailer E,40.01,100,sample
556,2026-09-09,Sample Retailer C,7.93,20,sample
556,2026-09-10,Sample Retailer E,37.37,100,sample
556,2026-09-10,Sample Retailer D,20.7,50,sample
556,2026-09-10,Sample Retailer A,365.58,1000,sample
556,2026-09-10,Sample Retailer B,168.11,500,sample
556,2026-09-10,Sample Retailer C,8.18,20,sample
556,2026-09-11,Sample Retailer D,39.71,100,sample
556,2026-09-11,Sample Retailer C,94.88,250,sample
556,2026-09-11,Sample Retailer B,94.03,250,sample
556,2026-09-12,Sample Retailer A,358.18,1000,sample
556,2026-09-12,Sample Retailer C,19.56,50,sample
556,2026-09-12,Sample Retailer D,177.67,500,sample
556,2026-09-12,Sample Retailer B,93.33,250,sample
556,2026-09-12,Sample Retailer E,21.78,50,sample
556,2026-09-13,Sample Retailer D,397.96,1000,sample
556,2026-09-13,Sample Retailer E,391.01,1000,sample
556,2026-09-13,Sample Retailer A,20.94,50,sample
556,2026-09-14,Sample Retailer E,376.23,1000,sample
556,2026-09-14,Sample Retailer B,177.81,500,sample
556,2026-09-14,Sample Retailer D,39.34,100,sample
556,2026-09-15,Sample Retailer A,366.93,1000,sample
556,2026-09-15,Sample Retailer C,364.13,1000,sample
556,2026-09-15,Sample Retailer B,209.26,500,sample
556,2026-09-15,Sample Retailer D,98.72,250,sample
556,2026-09-16,Sample Retailer B,94.15,250,sample
556,2026-09-16,Sample Retailer E,199.54,500,sample
556,2026-09-16,Sample Retailer D,183.93,500,sample
556,2026-09-16,Sample Retailer A,7.35,20,sample
556,2026-09-16,Sample Retailer C,21.15,50,sample
556,2026-09-17,Sample Retailer B,177.95,500,sample
556,2026-09-17,Sample Retailer E,322.97,1000,sample
556,2026-09-17,Sample Retailer A,7.96,20,sample
556,2026-09-18,Sample Retailer D,20.03,50,sample
556,2026-09-18,Sample Retailer C,8.97,20,sample
556,2026-09-18,Sample Retailer E,89.69,250,sample
556,2026-09-18,Sample Retailer B,157.43,500,sample
556,2026-09-18,Sample Retailer A,35.24,100,sample
556,2026-09-19,Sample Retailer C,371.33,1000,sample
556,2026-09-19,Sample Retailer E,21.7,50,sample
556,2026-09-19,Sample Retailer D,20.94,50,sample
556,2026-09-20,Sample Retailer C,99.15,250,sample
556,2026-09-20,Sample Retailer E,32.62,100,sample
556,2026-09-20,Sample Retailer A,188.3,500,sample
556,2026-09-20,Sample Retailer B,23.09,50,sample
556,2026-09-20,Sample Retailer D,196.89,500,sample
556,2026-09-21,Sample Retailer B,7.74,20,sample
556,2026-09-21,Sample Retailer D,199.61,500,sample
556,2026-09-21,Sample Retailer A,33.45,100,sample
556,2026-09-21,Sample Retailer C,90.02,250,sample
556,2026-09-21,Sample Retailer E,361.38,1000,sample
556,2026-09-22,Sample Retailer B,380.26,1000,sample
556,2026-09-22,Sample Retailer E,38.0,100,sample
556,2026-09-22,Sample Retailer D,172.91,500,sample
556,2026-09-22,Sample Retailer A,177.53,500,sample
556,2026-09-22,Sample Retailer C,22.15,50,sample
556,2026-09-23,Sample Retailer D,80.31,250,sample
556,2026-09-23,Sample Retailer E,380.74,1000,sample
556,2026-09-23,Sample Retailer B,38.01,100,sample
556,2026-09-23,Sample Retailer A,23.43,50,sample
556,2026-09-24,Sample Retailer A,167.12,500,sample
556,2026-09-24,Sample Retailer E,379.39,1000,sample
556,2026-09-24,Sample Retailer B,186.51,500,sample
556,2026-09-25,Sample Retailer E,6.71,20,sample
556,2026-09-25,Sample Retailer C,19.07,50,sample
556,2026-09-25,Sample Retailer B,37.57,100,sample
556,2026-09-25,Sample Retailer A,18.93,50,sample
556,2026-09-25,Sample Retailer D,21.23,50,sample
556,2026-09-26,Sample Retailer D,471.82,1000,sample
556,2026-09-26,Sample Retailer C,36.89,100,sample
556,2026-09-26,Sample Retailer A,18.98,50,sample
556,2026-09-26,Sample Retailer E,19.59,50,sample
556,2026-09-27,Sample Retailer B,87.24,250,sample
556,2026-09-27,Sample Retailer C,7.59,20,sample
556,2026-09-27,Sample Retailer D,18.82,50,sample
556,2026-09-27,Sample Retailer A,178.62,500,sample
556,2026-09-28,Sample Retailer B,20.3,50,sample
556,2026-09-28,Sample Retailer E,180.16,500,sample
556,2026-09-28,Sample Retailer C,37.52,100,sample
556,2026-09-29,Sample Retailer E,37.37,100,sample
556,2026-09-29,Sample Retailer B,86.64,250,sample
556,2026-09-29,Sample Retailer A,36.94,100,sample
556,2026-09-29,Sample Retailer D,8.09,20,sample
556,2026-09-29,Sample Retailer C,92.08,250,sample
556,2026-09-30,Sample Retailer C,91.62,250,sample
556,2026-09-30,Sample Retailer D,32.91,100,sample
556,2026-09-30,Sample Retailer E,39.63,100,sample
556,2026-10-01,Sample Retailer B,79.88,250,sample
556,2026-10-01,Sample Retailer A,8.64,20,sample
556,2026-10-01,Sample Retailer D,32.4,100,sample
556,2026-10-01,Sample Retailer E,34.7,100,sample
556,2026-10-01,Sample Retailer C,37.25,100,sample
556,2026-10-02,Sample Retailer D,40.98,100,sample
556,2026-10-02,Sample Retailer A,19.48,50,sample
556,2026-10-02,Sample Retailer B,105.87,250,sample
556,2026-10-02,Sample Retailer C,343.22,1000,sample
556,2026-10-03,Sample Retailer C,34.18,100,sample
556,2026-10-03,Sample Retailer B,96.7,250,sample
556,2026-10-03,Sample Retailer D,41.69,100,sample
556,2026-10-03,Sample Retailer E,423.98,1000,sample
556,2026-10-04,Sample Retailer A,347.18,1000,sample
556,2026-10-04,Sample Retailer B,41.72,100,sample
556,2026-10-04,Sample Retailer C,356.57,1000,sample
556,2026-10-04,Sample Retailer D,198.07,500,sample
556,2026-10-05,Sample Retailer E,35.95,100,sample
556,2026-10-05,Sample Retailer D,21.57,50,sample
556,2026-10-05,Sample Retailer A,7.63,20,sample
556,2026-10-05,Sample Retailer C,7.59,20,sample
556,2026-10-06,Sample Retailer C,36.66,100,sample
556,2026-10-06,Sample Retailer E,36.59,100,sample
556,2026-10-06,Sample Retailer B,402.74,1000,sample
556,2026-10-06,Sample Retailer A,8.11,20,sample
308,2026-06-09,Sample Retailer D,396.24,500,sample
308,2026-06-09,Sample Retailer B,206.94,250,sample
308,2026-06-09,Sample Retailer C,389.26,500,sample
308,2026-06-09,Sample Retailer A,183.98,250,sample
308,2026-06-10,Sample Retailer E,80.78,100,sample
308,2026-06-10,Sample Retailer B,18.2,20,sample
308,2026-06-10,Sample Retailer D,193.44,250,sample
308,2026-06-11,Sample Retailer E,40.53,50,sample
308,2026-06-11,Sample Retailer D,74.48,100,sample
308,2026-06-11,Sample Retailer C,198.05,250,sample
308,2026-06-11,Sample Retailer B,196.98,250,sample
308,2026-06-12,Sample Retailer C,351.89,500,sample
308,2026-06-12,Sample Retailer A,40.48,50,sample
308,2026-06-12,Sample Retailer D,365.76,500,sample
308,2026-06-13,Sample Retailer D,409.22,500,sample
308,2026-06-13,Sample Retailer E,750.5,1000,sample
308,2026-06-13,Sample Retailer A,47.67,50,sample
308,2026-06-14,Sample Retailer B,812.02,1000,sample
308,2026-06-14,Sample Retailer D,67.88,100,sample
308,2026-06-14,Sample Retailer C,715.58,1000,sample
308,2026-06-14,Sample Retailer E,72.18,100,sample
308,2026-06-14,Sample Retailer A,17.28,20,sample
308,2026-06-15,Sample Retailer E,162.82,250,sample
308,2026-06-15,Sample Retailer C,746.34,1000,sample
308,2026-06-15,Sample Retailer A,745.0,1000,sample
308,2026-06-15,Sample Retailer B,45.93,50,sample
308,2026-06-16,Sample Retailer B,18.25,20,sample
308,2026-06-16,Sample Retailer E,17.26,20,sample
308,2026-06-16,Sample Retailer D,664.82,1000,sample
308,2026-06-16,Sample Retailer C,350.6,500,sample
308,2026-06-17,Sample Retailer E,409.96,500,sample
308,2026-06-17,Sample Retailer D,804.67,1000,sample
308,2026-06-17,Sample Retailer C,65.45,100,sample
308,2026-06-18,Sample Retailer E,16.88,20,sample
308,2026-06-18,Sample Retailer A,59.83,100,sample
308,2026-06-18,Sample Retailer D,74.1,100,sample
308,2026-06-19,Sample Retailer E,40.76,50,sample
308,2026-06-19,Sample Retailer C,38.52,50,sample
308,2026-06-19,Sample Retailer D,371.99,500,sample
308,2026-06-19,Sample Retailer B,37.43,50,sample
308,2026-06-19,Sample Retailer A,14.49,20,sample
308,2026-06-20,Sample Retailer E,185.38,250,sample
308,2026-06-20,Sample Retailer B,169.69,250,sample
308,2026-06-20,Sample Retailer C,700.61,1000,sample
308,2026-06-20,Sample Retailer D,699.69,1000,sample
308,2026-06-21,Sample Retailer E,387.14,500,sample
308,2026-06-21,Sample Retailer D,40.16,50,sample
308,2026-06-21,Sample Retailer C,43.54,50,sample
308,2026-06-22,Sample Retailer D,704.49,1000,sample
308,2026-06-22,Sample Retailer E,42.98,50,sample
308,2026-06-22,Sample Retailer C,317.91,500,sample
308,2026-06-23,Sample Retailer E,365.64,500,sample
308,2026-06-23,Sample Retailer C,362.56,500,sample
308,2026-06-23,Sample Retailer D,63.87,100,sample
308,2026-06-23,Sample Retailer B,18.2,20,sample
308,2026-06-24,Sample Retailer B,354.09,500,sample
308,2026-06-24,Sample Retailer C,72.62,100,sample
308,2026-06-24,Sample Retailer E,374.98,500,sample
308,2026-06-24,Sample Retailer A,17.97,20,sample
308,2026-06-25,Sample Retailer A,203.37,250,sample
308,2026-06-25,Sample Retailer C,19.93,20,sample
308,2026-06-25,Sample Retailer D,88.58,100,sample
308,2026-06-25,Sample Retailer E,72.61,100,sample
308,2026-06-26,Sample Retailer B,17.77,20,sample
308,2026-06-26,Sample Retailer E,79.84,100,sample
308,2026-06-26,Sample Retailer A,397.2,500,sample
308,2026-06-26,Sample Retailer D,46.05,50,sample
308,2026-06-27,Sample Retailer E,17.13,20,sample
308,2026-06-27,Sample Retailer C,373.57,500,sample
308,2026-06-27,Sample Retailer B,785.23,1000,sample
308,2026-06-28,Sample Retailer C,695.45,1000,sample
308,2026-06-28,Sample Retailer B,368.58,500,sample
308,2026-06-28,Sample Retailer D,376.95,500,sample
308,2026-06-29,Sample Retailer E,387.33,500,sample
308,2026-06-29,Sample Retailer D,15.13,20,sample
308,2026-06-29,Sample Retailer C,188.57,250,sample
308,2026-06-30,Sample Retailer E,687.0,1000,sample
308,2026-06-30,Sample Retailer A,380.3,500,sample
308,2026-06-30,Sample Retailer B,79.28,100,sample
308,2026-06-30,Sample Retailer C,731.26,1000,sample
308,2026-07-01,Sample Retailer E,69.91,100,sample
308,2026-07-01,Sample Retailer A,75.81,100,sample
308,2026-07-01,Sample Retailer C,90.7,100,sample
308,2026-07-01,Sample Retailer B,817.12,1000,sample
308,2026-07-01,Sample Retailer D,386.24,500,sample
308,2026-07-02,Sample Retailer B,354.63,500,sample
308,2026-07-02,Sample Retailer C,39.57,50,sample
308,2026-07-02,Sample Retailer A,839.71,1000,sample
308,2026-07-02,Sample Retailer E,74.48,100,sample
308,2026-07-03,Sample Retailer E,389.78,500,sample
308,2026-07-03,Sample Retailer C,42.19,50,sample
308,2026-07-03,Sample Retailer D,75.34,100,sample
308,2026-07-03,Sample Retailer B,796.8,1000,sample
308,2026-07-04,Sample Retailer E,48.93,50,sample
308,2026-07-04,Sample Retailer A,14.93,20,sample
308,2026-07-04,Sample Retailer D,19.34,20,sample
308,2026-07-04,Sample Retailer B,381.04,500,sample
308,2026-07-05,Sample Retailer C,181.67,250,sample
308,2026-07-05,Sample Retailer B,384.67,500,sample
308,2026-07-05,Sample Retailer E,744.21,1000,sample
308,2026-07-06,Sample Retailer A,197.15,250,sample
308,2026-07-06,Sample Retailer B,416.86,500,sample
308,2026-07-06,Sample Retailer C,220.36,250,sample
308,2026-07-06,Sample Retailer D,817.45,1000,sample
308,2026-07-07,Sample Retailer D,201.85,250,sample
308,2026-07-07,Sample Retailer B,726.38,1000,sample
308,2026-07-07,Sample Retailer A,388.92,500,sample
308,2026-07-08,Sample Retailer B,742.21,1000,sample
308,2026-07-08,Sample Retailer A,367.52,500,sample
308,2026-07-08,Sample Retailer E,44.53,50,sample
308,2026-07-08,Sample Retailer C,17.61,20,sample
308,2026-07-09,Sample Retailer A,17.46,20,sample
308,2026-07-09,Sample Retailer E,71.82,100,sample
308,2026-07-09,Sample Retailer B,396.97,500,sample
308,2026-07-09,Sample Retailer C,167.47,250,sample
308,2026-07-10,Sample Retailer E,39.79,50,sample
308,2026-07-10,Sample Retailer B,344.09,500,sample
308,2026-07-10,Sample Retailer A,15.2,20,sample
308,2026-07-10,Sample Retailer C,74.64,100,sample
308,2026-07-10,Sample Retailer D,17.32,20,sample
308,2026-07-11,Sample Retailer D,41.08,50,sample
308,2026-07-11,Sample Retailer C,372.69,500,sample
308,2026-07-11,Sample Retailer B,41.56,50,sample
308,2026-07-11,Sample Retailer A,166.36,250,sample
308,2026-07-12,Sample Retailer A,363.68,500,sample
308,2026-07-12,Sample Retailer B,202.64,250,sample
308,2026-07-12,Sample Retailer E,377.64,500,sample
308,2026-07-13,Sample Retailer B,80.91,100,sample
308,2026-07-13,Sample Retailer A,77.22,100,sample
308,2026-07-13,Sample Retailer D,69.78,100,sample
308,2026-07-13,Sample Retailer E,336.7,500,sample
308,2026-07-13,Sample Retailer C,44.3,50,sample
308,2026-07-14,Sample Retailer D,195.09,250,sample
308,2026-07-14,Sample Retailer A,79.8,100,sample
308,2026-07-14,Sample Retailer E,190.67,250,sample
308,2026-07-14,Sample Retailer C,624.56,1000,sample
308,2026-07-15,Sample Retailer C,16.83,20,sample
308,2026-07-15,Sample Retailer B,81.2,100,sample
308,2026-07-15,Sample Retailer D,15.38,20,sample
308,2026-07-16,Sample Retailer C,702.61,1000,sample
308,2026-07-16,Sample Retailer D,15.87,20,sample
308,2026-07-16,Sample Retailer E,382.69,500,sample
308,2026-07-17,Sample Retailer E,40.45,50,sample
308,2026-07-17,Sample Retailer B,80.21,100,sample
308,2026-07-17,Sample Retailer A,15.45,20,sample
308,2026-07-18,Sample Retailer E,73.54,100,sample
308,2026-07-18,Sample Retailer C,337.64,500,sample
308,2026-07-18,Sample Retailer B,384.74,500,sample
308,2026-07-18,Sample Retailer D,186.13,250,sample
308,2026-07-18,Sample Retailer A,44.48,50,sample
308,2026-07-19,Sample Retailer A,64.37,100,sample
308,2026-07-19,Sample Retailer E,71.2,100,sample
308,2026-07-19,Sample Retailer C,717.94,1000,sample
308,2026-07-19,Sample Retailer B,800.43,1000,sample
308,2026-07-19,Sample Retailer D,15.8,20,sample
308,2026-07-20,Sample Retailer A,16.64,20,sample
308,2026-07-20,Sample Retailer C,13.76,20,sample
308,2026-07-20,Sample Retailer D,179.78,250,sample
308,2026-07-20,Sample Retailer E,42.02,50,sample
308,2026-07-20,Sample Retailer B,80.46,100,sample
308,2026-07-21,Sample Retailer A,617.39,1000,sample
308,2026-07-21,Sample Retailer E,404.83,500,sample
308,2026-07-21,Sample Retailer B,852.86,1000,sample
308,2026-07-21,Sample Retailer C,387.79,500,sample
308,2026-07-21,Sample Retailer D,69.34,100,sample
308,2026-07-22,Sample Retailer D,38.77,50,sample
308,2026-07-22,Sample Retailer E,185.21,250,sample
308,2026-07-22,Sample Retailer C,372.64,500,sample
308,2026-07-22,Sample Retailer B,15.12,20,sample
308,2026-07-22,Sample Retailer A,78.5,100,sample
308,2026-07-23,Sample Retailer E,16.35,20,sample
308,2026-07-23,Sample Retailer C,16.09,20,sample
308,2026-07-23,Sample Retailer A,712.82,1000,sample
308,2026-07-24,Sample Retailer C,42.66,50,sample
308,2026-07-24,Sample Retailer D,67.95,100,sample
308,2026-07-24,Sample Retailer A,169.65,250,sample
308,2026-07-24,Sample Retailer B,202.07,250,sample
308,2026-07-25,Sample Retailer A,16.87,20,sample
308,2026-07-25,Sample Retailer D,678.28,1000,sample
308,2026-07-25,Sample Retailer C,43.02,50,sample
308,2026-07-26,Sample Retailer E,823.91,1000,sample
308,2026-07-26,Sample Retailer C,376.71,500,sample
308,2026-07-26,Sample Retailer B,19.37,20,sample
308,2026-07-26,Sample Retailer A,664.33,1000,sample
308,2026-07-27,Sample Retailer B,45.24,50,sample
308,2026-07-27,Sample Retailer A,373.36,500,sample
308,2026-07-27,Sample Retailer E,77.99,100,sample
308,2026-07-27,Sample Retailer D,40.96,50,sample
308,2026-07-28,Sample Retailer E,14.94,20,sample
308,2026-07-28,Sample Retailer C,18.01,20,sample
308,2026-07-28,Sample Retailer D,39.62,50,sample
308,2026-07-28,Sample Retailer B,327.18,500,sample
308,2026-07-28,Sample Retailer A,765.77,1000,sample
308,2026-07-29,Sample Retailer C,743.57,1000,sample
308,2026-07-29,Sample Retailer A,847.81,1000,sample
308,2026-07-29,Sample Retailer B,742.71,1000,sample
308,2026-07-29,Sample Retailer D,774.1,1000,sample
308,2026-07-29,Sample Retailer E,81.79,100,sample
308,2026-07-30,Sample Retailer B,19.15,20,sample
308,2026-07-30,Sample Retailer E,201.28,250,sample
308,2026-07-30,Sample Retailer C,758.97,1000,sample
308,2026-07-30,Sample Retailer D,14.5,20,sample
308,2026-07-30,Sample Retailer A,408.41,500,sample
308,2026-07-31,Sample Retailer E,16.65,20,sample
308,2026-07-31,Sample Retailer C,79.91,100,sample
308,2026-07-31,Sample Retailer D,42.53,50,sample
308,2026-07-31,Sample Retailer B,68.02,100,sample
308,2026-07-31,Sample Retailer A,39.16,50,sample
308,2026-08-01,Sample Retailer C,772.23,1000,sample
308,2026-08-01,Sample Retailer B,16.23,20,sample
308,2026-08-01,Sample Retailer A,337.21,500,sample
308,2026-08-01,Sample Retailer E,16.4,20,sample
308,2026-08-01,Sample Retailer D,76.01,100,sample
308,2026-08-02,Sample Retailer E,14.57,20,sample
308,2026-08-02,Sample Retailer D,411.8,500,sample
308,2026-08-02,Sample Retailer A,39.0,50,sample
308,2026-08-02,Sample Retailer C,15.32,20,sample
308,2026-08-03,Sample Retailer A,161.68,250,sample
308,2026-08-03,Sample Retailer B,698.69,1000,sample
308,2026-08-03,Sample Retailer D,16.99,20,sample
308,2026-08-03,Sample Retailer E,207.02,250,sample
308,2026-08-03,Sample Retailer C,366.45,500,sample
308,2026-08-04,Sample Retailer A,650.68,1000,sample
308,2026-08-04,Sample Retailer C,197.26,250,sample
308,2026-08-04,Sample Retailer D,40.32,50,sample
308,2026-08-04,Sample Retailer B,379.68,500,sample
308,2026-08-04,Sample Retailer E,65.47,100,sample
308,2026-08-05,Sample Retailer C,752.86,1000,sample
308,2026-08-05,Sample Retailer D,39.72,50,sample
308,2026-08-05,Sample Retailer B,337.41,500,sample
308,2026-08-05,Sample Retailer A,189.24,250,sample
308,2026-08-06,Sample Retailer A,740.11,1000,sample
308,2026-08-06,Sample Retailer C,345.39,500,sample
308,2026-08-06,Sample Retailer E,423.66,500,sample
308,2026-08-07,Sample Retailer D,45.89,50,sample
308,2026-08-07,Sample Retailer E,41.08,50,sample
308,2026-08-07,Sample Retailer B,192.52,250,sample
308,2026-08-07,Sample Retailer A,379.0,500,sample
308,2026-08-07,Sample Retailer C,77.0,100,sample
308,2026-08-08,Sample Retailer A,825.54,1000,sample
308,2026-08-08,Sample Retailer C,16.61,20,sample
308,2026-08-08,Sample Retailer E,361.79,500,sample
308,2026-08-08,Sample Retailer D,74.84,100,sample
308,2026-08-09,Sample Retailer A,16.91,20,sample
308,2026-08-09,Sample Retailer D,220.53,250,sample
308,2026-08-09,Sample Retailer E,39.82,50,sample
308,2026-08-09,Sample Retailer C,75.41,100,sample
308,2026-08-10,Sample Retailer E,725.9,1000,sample
308,2026-08-10,Sample Retailer B,152.87,250,sample
308,2026-08-10,Sample Retailer D,38.49,50,sample
308,2026-08-10,Sample Retailer A,76.37,100,sample
308,2026-08-11,Sample Retailer D,169.65,250,sample
308,2026-08-11,Sample Retailer C,75.82,100,sample
308,2026-08-11,Sample Retailer B,69.04,100,sample
308,2026-08-11,Sample Retailer A,18.49,20,sample
308,2026-08-12,Sample Retailer D,791.04,1000,sample
308,2026-08-12,Sample Retailer C,709.59,1000,sample
308,2026-08-12,Sample Retailer A,73.54,100,sample
308,2026-08-12,Sample Retailer B,80.66,100,sample
308,2026-08-12,Sample Retailer E,171.85,250,sample
308,2026-08-13,Sample Retailer A,72.14,100,sample
308,2026-08-13,Sample Retailer C,655.46,1000,sample
308,2026-08-13,Sample Retailer B,40.54,50,sample
308,2026-08-13,Sample Retailer D,733.63,1000,sample
308,2026-08-14,Sample Retailer D,14.31,20,sample
308,2026-08-14,Sample Retailer A,73.26,100,sample
308,2026-08-14,Sample Retailer B,15.57,20,sample
308,2026-08-14,Sample Retailer E,839.91,1000,sample
308,2026-08-15,Sample Retailer D,40.81,50,sample
308,2026-08-15,Sample Retailer B,743.2,1000,sample
308,2026-08-15,Sample Retailer A,74.45,100,sample
308,2026-08-15,Sample Retailer E,781.4,1000,sample
308,2026-08-15,Sample Retailer C,72.83,100,sample
308,2026-08-16,Sample Retailer B,45.4,50,sample
308,2026-08-16,Sample Retailer A,65.49,100,sample
308,2026-08-16,Sample Retailer C,185.12,250,sample
308,2026-08-16,Sample Retailer E,204.39,250,sample
308,2026-08-16,Sample Retailer D,391.88,500,sample
308,2026-08-17,Sample Retailer E,41.23,50,sample
308,2026-08-17,Sample Retailer C,190.02,250,sample
308,2026-08-17,Sample Retailer A,39.04,50,sample
308,2026-08-17,Sample Retailer B,405.99,500,sample
308,2026-08-17,Sample Retailer D,203.81,250,sample
308,2026-08-18,Sample Retailer D,41.34,50,sample
308,2026-08-18,Sample Retailer E,774.34,1000,sample
308,2026-08-18,Sample Retailer A,84.19,100,sample
308,2026-08-18,Sample Retailer C,414.77,500,sample
308,2026-08-19,Sample Retailer B,414.48,500,sample
308,2026-08-19,Sample Retailer D,737.94,1000,sample
308,2026-08-19,Sample Retailer A,414.54,500,sample
308,2026-08-19,Sample Retailer C,37.77,50,sample
308,2026-08-20,Sample Retailer C,81.13,100,sample
308,2026-08-20,Sample Retailer A,731.71,1000,sample
308,2026-08-20,Sample Retailer B,70.74,100,sample
308,2026-08-20,Sample Retailer D,42.73,50,sample
308,2026-08-21,Sample Retailer C,14.33,20,sample
308,2026-08-21,Sample Retailer E,421.02,500,sample
308,2026-08-21,Sample Retailer A,726.53,1000,sample
308,2026-08-21,Sample Retailer D,731.7,1000,sample
308,2026-08-22,Sample Retailer A,45.01,50,sample
308,2026-08-22,Sample Retailer C,39.4,50,sample
308,2026-08-22,Sample Retailer D,184.47,250,sample
308,2026-08-22,Sample Retailer B,43.53,50,sample
308,2026-08-22,Sample Retailer E,39.04,50,sample
308,2026-08-23,Sample Retailer B,14.33,20,sample
308,2026-08-23,Sample Retailer D,41.3,50,sample
308,2026-08-23,Sample Retailer E,384.15,500,sample
308,2026-08-23,Sample Retailer A,37.96,50,sample
308,2026-08-23,Sample Retailer C,38.61,50,sample
308,2026-08-24,Sample Retailer E,68.27,100,sample
308,2026-08-24,Sample Retailer A,435.83,500,sample
308,2026-08-24,Sample Retailer B,78.36,100,sample
308,2026-08-25,Sample Retailer D,76.14,100,sample
308,2026-08-25,Sample Retailer E,45.85,50,sample
308,2026-08-25,Sample Retailer A,77.91,100,sample
308,2026-08-25,Sample Retailer C,75.06,100,sample
308,2026-08-25,Sample Retailer B,73.05,100,sample
308,2026-08-26,Sample Retailer E,731.86,1000,sample
308,2026-08-26,Sample Retailer A,37.65,50,sample
308,2026-08-26,Sample Retailer B,706.51,1000,sample
308,2026-08-26,Sample Retailer C,74.77,100,sample
308,2026-08-26,Sample Retailer D,52.91,50,sample
308,2026-08-27,Sample Retailer D,656.85,1000,sample
308,2026-08-27,Sample Retailer B,785.47,1000,sample
308,2026-08-27,Sample Retailer A,405.37,500,sample
308,2026-08-28,Sample Retailer A,350.81,500,sample
308,2026-08-28,Sample Retailer C,823.96,1000,sample
308,2026-08-28,Sample Retailer B,170.65,250,sample
308,2026-08-28,Sample Retailer E,41.85,50,sample
308,2026-08-28,Sample Retailer D,41.36,50,sample
308,2026-08-29,Sample Retailer B,76.49,100,sample
308,2026-08-29,Sample Retailer E,172.09,250,sample
308,2026-08-29,Sample Retailer D,14.89,20,sample
308,2026-08-30,Sample Retailer D,214.11,250,sample
308,2026-08-30,Sample Retailer A,207.08,250,sample
308,2026-08-30,Sample Retailer E,72.81,100,sample
308,2026-08-30,Sample Retailer C,73.74,100,sample
308,2026-08-31,Sample Retailer B,43.01,50,sample
308,2026-08-31,Sample Retailer A,43.99,50,sample
308,2026-08-31,Sample Retailer E,81.17,100,sample
308,2026-08-31,Sample Retailer D,392.51,500,sample
308,2026-08-31,Sample Retailer C,185.33,250,sample
308,2026-09-01,Sample Retailer A,17.65,20,sample
308,2026-09-01,Sample Retailer D,16.46,20,sample
308,2026-09-01,Sample Retailer E,40.99,50,sample
308,2026-09-01,Sample Retailer B,756.27,1000,sample
308,2026-09-02,Sample Retailer C,41.85,50,sample
308,2026-09-02,Sample Retailer E,39.96,50,sample
308,2026-09-02,Sample Retailer A,372.82,500,sample
308,2026-09-02,Sample Retailer B,326.78,500,sample
308,2026-09-03,Sample Retailer A,167.16,250,sample
308,2026-09-03,Sample Retailer B,14.28,20,sample
308,2026-09-03,Sample Retailer E,18.04,20,sample
308,2026-09-03,Sample Retailer D,774.07,1000,sample
308,2026-09-04,Sample Retailer A,73.47,100,sample
308,2026-09-04,Sample Retailer B,336.51,500,sample
308,2026-09-04,Sample Retailer D,42.33,50,sample
308,2026-09-04,Sample Retailer E,782.5,1000,sample
308,2026-09-04,Sample Retailer C,181.15,250,sample
308,2026-09-05,Sample Retailer E,17.18,20,sample
308,2026-09-05,Sample Retailer D,195.91,250,sample
308,2026-09-05,Sample Retailer B,390.79,500,sample
308,2026-09-06,Sample Retailer D,674.8,1000,sample
308,2026-09-06,Sample Retailer B,194.74,250,sample
308,2026-09-06,Sample Retailer A,954.04,1000,sample
308,2026-09-06,Sample Retailer E,14.49,20,sample
308,2026-09-06,Sample Retailer C,195.8,250,sample
308,2026-09-07,Sample Retailer A,184.64,250,sample
308,2026-09-07,Sample Retailer B,43.6,50,sample
308,2026-09-07,Sample Retailer C,43.79,50,sample
308,2026-09-08,Sample Retailer A,39.84,50,sample
308,2026-09-08,Sample Retailer B,183.16,250,sample
308,2026-09-08,Sample Retailer D,78.92,100,sample
308,2026-09-08,Sample Retailer C,14.88,20,sample
308,2026-09-08,Sample Retailer E,43.62,50,sample
308,2026-09-09,Sample Retailer D,17.49,20,sample
308,2026-09-09,Sample Retailer C,779.33,1000,sample
308,2026-09-09,Sample Retailer B,17.34,20,sample
308,2026-09-09,Sample Retailer E,13.74,20,sample
308,2026-09-10,Sample Retailer C,45.55,50,sample
308,2026-09-10,Sample Retailer E,157.87,250,sample
308,2026-09-10,Sample Retailer B,840.58,1000,sample
308,2026-09-10,Sample Retailer D,41.64,50,sample
308,2026-09-11,Sample Retailer E,178.35,250,sample
308,2026-09-11,Sample Retailer C,14.84,20,sample
308,2026-09-11,Sample Retailer A,771.79,1000,sample
308,2026-09-11,Sample Retailer D,351.13,500,sample
308,2026-09-11,Sample Retailer B,373.63,500,sample
308,2026-09-12,Sample Retailer A,741.59,1000,sample
308,2026-09-12,Sample Retailer B,66.34,100,sample
308,2026-09-12,Sample Retailer E,393.1,500,sample
308,2026-09-12,Sample Retailer D,72.8,100,sample
308,2026-09-13,Sample Retailer B,38.52,50,sample
308,2026-09-13,Sample Retailer A,851.4,1000,sample
308,2026-09-13,Sample Retailer D,19.41,20,sample
308,2026-09-13,Sample Retailer E,17.01,20,sample
308,2026-09-13,Sample Retailer C,188.46,250,sample
308,2026-09-14,Sample Retailer B,66.46,100,sample
308,2026-09-14,Sample Retailer D,447.45,500,sample
308,2026-09-14,Sample Retailer E,80.18,100,sample
308,2026-09-15,Sample Retailer A,196.37,250,sample
308,2026-09-15,Sample Retailer B,769.38,1000,sample
308,2026-09-15,Sample Retailer C,15.37,20,sample
308,2026-09-15,Sample Retailer E,44.9,50,sample
308,2026-09-16,Sample Retailer D,16.11,20,sample
308,2026-09-16,Sample Retailer C,14.95,20,sample
308,2026-09-16,Sample Retailer B,13.85,20,sample
308,2026-09-17,Sample Retailer E,74.2,100,sample
308,2026-09-17,Sample Retailer A,177.39,250,sample
308,2026-09-17,Sample Retailer D,18.44,20,sample
308,2026-09-17,Sample Retailer B,75.79,100,sample
308,2026-09-17,Sample Retailer C,43.65,50,sample
308,2026-09-18,Sample Retailer D,444.54,500,sample
308,2026-09-18,Sample Retailer C,173.05,250,sample
308,2026-09-18,Sample Retailer E,69.82,100,sample
308,2026-09-19,Sample Retailer C,350.28,500,sample
308,2026-09-19,Sample Retailer A,169.39,250,sample
308,2026-09-19,Sample Retailer D,74.83,100,sample
308,2026-09-19,Sample Retailer E,189.54,250,sample
308,2026-09-20,Sample Retailer A,37.72,50,sample
308,2026-09-20,Sample Retailer E,686.26,1000,sample
308,2026-09-20,Sample Retailer C,73.08,100,sample
308,2026-09-20,Sample Retailer B,73.75,100,sample
308,2026-09-21,Sample Retailer D,71.82,100,sample
308,2026-09-21,Sample Retailer C,20.85,20,sample
308,2026-09-21,Sample Retailer A,72.34,100,sample
308,2026-09-22,Sample Retailer D,38.95,50,sample
308,2026-09-22,Sample Retailer E,69.45,100,sample
308,2026-09-22,Sample Retailer C,74.96,100,sample
308,2026-09-22,Sample Retailer A,45.46,50,sample
308,2026-09-23,Sample Retailer B,687.26,1000,sample
308,2026-09-23,Sample Retailer E,40.87,50,sample
308,2026-09-23,Sample Retailer A,16.7,20,sample
308,2026-09-23,Sample Retailer D,39.66,50,sample
308,2026-09-23,Sample Retailer C,185.35,250,sample
308,2026-09-24,Sample Retailer B,65.7,100,sample
308,2026-09-24,Sample Retailer A,760.25,1000,sample
308,2026-09-24,Sample Retailer D,737.93,1000,sample
308,2026-09-25,Sample Retailer D,87.35,100,sample
308,2026-09-25,Sample Retailer E,41.68,50,sample
308,2026-09-25,Sample Retailer C,68.13,100,sample
308,2026-09-25,Sample Retailer B,200.6,250,sample
308,2026-09-26,Sample Retailer E,395.51,500,sample
308,2026-09-26,Sample Retailer D,204.08,250,sample
308,2026-09-26,Sample Retailer B,738.36,1000,sample
308,2026-09-27,Sample Retailer E,160.65,250,sample
308,2026-09-27,Sample Retailer C,16.42,20,sample
308,2026-09-27,Sample Retailer A,198.54,250,sample
308,2026-09-28,Sample Retailer D,333.45,500,sample
308,2026-09-28,Sample Retailer A,15.74,20,sample
308,2026-09-28,Sample Retailer C,790.36,1000,sample
308,2026-09-29,Sample Retailer E,887.58,1000,sample
308,2026-09-29,Sample Retailer D,350.46,500,sample
308,2026-09-29,Sample Retailer B,39.76,50,sample
308,2026-09-30,Sample Retailer A,15.12,20,sample
308,2026-09-30,Sample Retailer E,723.12,1000,sample
308,2026-09-30,Sample Retailer C,16.06,20,sample
308,2026-09-30,Sample Retailer B,609.87,1000,sample
308,2026-09-30,Sample Retailer D,177.73,250,sample
308,2026-10-01,Sample Retailer C,79.77,100,sample
308,2026-10-01,Sample Retailer E,41.83,50,sample
308,2026-10-01,Sample Retailer B,39.72,50,sample
308,2026-10-01,Sample Retailer A,656.34,1000,sample
308,2026-10-01,Sample Retailer D,363.25,500,sample
308,2026-10-02,Sample Retailer B,39.38,50,sample
308,2026-10-02,Sample Retailer D,17.84,20,sample
308,2026-10-02,Sample Retailer C,15.8,20,sample
308,2026-10-02,Sample Retailer E,84.26,100,sample
308,2026-10-03,Sample Retailer A,411.42,500,sample
308,2026-10-03,Sample Retailer D,178.15,250,sample
308,2026-10-03,Sample Retailer E,74.71,100,sample
308,2026-10-04,Sample Retailer A,16.12,20,sample
308,2026-10-04,Sample Retailer C,720.48,1000,sample
308,2026-10-04,Sample Retailer E,35.32,50,sample
308,2026-10-04,Sample Retailer B,353.2,500,sample
308,2026-10-04,Sample Retailer D,453.0,500,sample
308,2026-10-05,Sample Retailer A,42.13,50,sample
308,2026-10-05,Sample Retailer D,68.76,100,sample
308,2026-10-05,Sample Retailer B,183.45,250,sample
308,2026-10-05,Sample Retailer E,359.96,500,sample
308,2026-10-05,Sample Retailer C,17.29,20,sample
308,2026-10-06,Sample Retailer C,13.84,20,sample
308,2026-10-06,Sample Retailer B,366.94,500,sample
308,2026-10-06,Sample Retailer D,15.45,20,sample
308,2026-10-06,Sample Retailer E,391.29,500,sample
38spl,2026-06-09,Sample Retailer C,46.3,100,sample
38spl,2026-06-09,Sample Retailer E,21.32,50,sample
38spl,2026-06-09,Sample Retailer B,25.92,50,sample
38spl,2026-06-09,Sample Retailer A,114.52,250,sample
38spl,2026-06-09,Sample Retailer D,26.14,50,sample
38spl,2026-06-10,Sample Retailer C,43.14,100,sample
38spl,2026-06-10,Sample Retailer D,23.83,50,sample
38spl,2026-06-10,Sample Retailer B,239.74,500,sample
38spl,2026-06-10,Sample Retailer E,45.07,100,sample
38spl,2026-06-11,Sample Retailer C,11.0,20,sample
38spl,2026-06-11,Sample Retailer D,414.57,1000,sample
38spl,2026-06-11,Sample Retailer B,44.24,100,sample
38spl,2026-06-11,Sample Retailer E,411.55,1000,sample
38spl,2026-06-11,Sample Retailer A,210.64,500,sample
38spl,2026-06-12,Sample Retailer A,126.26,250,sample
38spl,2026-06-12,Sample Retailer E,471.17,1000,sample
38spl,2026-06-12,Sample Retailer C,52.82,100,sample
38spl,2026-06-12,Sample Retailer B,473.44,1000,sample
38spl,2026-06-12,Sample Retailer D,109.49,250,sample
38spl,2026-06-13,Sample Retailer D,25.54,50,sample
38spl,2026-06-13,Sample Retailer A,467.02,1000,sample
38spl,2026-06-13,Sample Retailer E,11.15,20,sample
38spl,2026-06-13,Sample Retailer C,233.93,500,sample
38spl,2026-06-13,Sample Retailer B,24.14,50,sample
38spl,2026-06-14,Sample Retailer D,9.42,20,sample
38spl,2026-06-14,Sample Retailer B,210.96,500,sample
38spl,2026-06-14,Sample Retailer A,461.67,1000,sample
38spl,2026-06-14,Sample Retailer C,44.53,100,sample
38spl,2026-06-14,Sample Retailer E,422.63,1000,sample
38spl,2026-06-15,Sample Retailer E,22.45,50,sample
38spl,2026-06-15,Sample Retailer B,8.55,20,sample
38spl,2026-06-15,Sample Retailer D,41.95,100,sample
38spl,2026-06-15,Sample Retailer C,49.87,100,sample
38spl,2026-06-15,Sample Retailer A,107.42,250,sample
38spl,2026-06-16,Sample Retailer D,98.08,250,sample
38spl,2026-06-16,Sample Retailer A,434.87,1000,sample
38spl,2026-06-16,Sample Retailer E,26.95,50,sample
38spl,2026-06-16,Sample Retailer B,21.74,50,sample
38spl,2026-06-17,Sample Retailer D,123.97,250,sample
38spl,2026-06-17,Sample Retailer B,9.72,20,sample
38spl,2026-06-17,Sample Retailer A,120.15,250,sample
38spl,2026-06-17,Sample Retailer C,207.12,500,sample
38spl,2026-06-17,Sample Retailer E,210.78,500,sample
38spl,2026-06-18,Sample Retailer A,217.44,500,sample
38spl,2026-06-18,Sample Retailer E,41.59,100,sample
38spl,2026-06-18,Sample Retailer B,44.37,100,sample
38spl,2026-06-18,Sample Retailer D,124.17,250,sample
38spl,2026-06-18,Sample Retailer C,510.67,1000,sample
38spl,2026-06-19,Sample Retailer A,24.72,50,sample
38spl,2026-06-19,Sample Retailer D,454.62,1000,sample
38spl,2026-06-19,Sample Retailer E,9.06,20,sample
38spl,2026-06-19,Sample Retailer C,25.39,50,sample
38spl,2026-06-20,Sample Retailer B,114.55,250,sample
38spl,2026-06-20,Sample Retailer E,8.63,20,sample
38spl,2026-06-20,Sample Retailer D,9.46,20,sample
38spl,2026-06-21,Sample Retailer D,118.3,250,sample
38spl,2026-06-21,Sample Retailer E,487.01,1000,sample
38spl,2026-06-21,Sample Retailer C,108.92,250,sample
38spl,2026-06-22,Sample Retailer E,202.85,500,sample
38spl,2026-06-22,Sample Retailer B,45.77,100,sample
38spl,2026-06-22,Sample Retailer A,23.73,50,sample
38spl,2026-06-22,Sample Retailer D,250.29,500,sample
38spl,2026-06-22,Sample Retailer C,26.47,50,sample
38spl,2026-06-23,Sample Retailer A,23.54,50,sample
38spl,2026-06-23,Sample Retailer E,42.4,100,sample
38spl,2026-06-23,Sample Retailer C,241.31,500,sample
38spl,2026-06-23,Sample Retailer B,103.29,250,sample
38spl,2026-06-24,Sample Retailer C,24.2,50,sample
38spl,2026-06-24,Sample Retailer A,10.19,20,sample
38spl,2026-06-24,Sample Retailer D,9.28,20,sample
38spl,2026-06-25,Sample Retailer E,101.81,250,sample
38spl,2026-06-25,Sample Retailer D,21.88,50,sample
38spl,2026-06-25,Sample Retailer C,116.69,250,sample
38spl,2026-06-26,Sample Retailer C,46.17,100,sample
38spl,2026-06-26,Sample Retailer E,46.68,100,sample
38spl,2026-06-26,Sample Retailer A,398.5,1000,sample
38spl,2026-06-27,Sample Retailer B,234.57,500,sample
38spl,2026-06-27,Sample Retailer E,41.42,100,sample
38spl,2026-06-27,Sample Retailer C,22.63,50,sample
38spl,2026-06-28,Sample Retailer D,123.45,250,sample
38spl,2026-06-28,Sample Retailer C,11.33,20,sample
38spl,2026-06-28,Sample Retailer B,223.82,500,sample
38spl,2026-06-28,Sample Retailer A,105.09,250,sample
38spl,2026-06-28,Sample Retailer E,24.16,50,sample
38spl,2026-06-29,Sample Retailer B,9.61,20,sample
38spl,2026-06-29,Sample Retailer D,10.12,20,sample
38spl,2026-06-29,Sample Retailer C,23.24,50,sample
38spl,2026-06-30,Sample Retailer A,8.58,20,sample
38spl,2026-06-30,Sample Retailer E,24.8,50,sample
38spl,2026-06-30,Sample Retailer C,8.97,20,sample
38spl,2026-06-30,Sample Retailer D,47.57,100,sample
38spl,2026-07-01,Sample Retailer C,119.2,250,sample
38spl,2026-07-01,Sample Retailer E,414.87,1000,sample
38spl,2026-07-01,Sample Retailer A,10.38,20,sample
38spl,2026-07-01,Sample Retailer B,9.9,20,sample
38spl,2026-07-02,Sample Retailer B,27.45,50,sample
38spl,2026-07-02,Sample Retailer D,442.72,1000,sample
38spl,2026-07-02,Sample Retailer E,10.88,20,sample
38spl,2026-07-02,Sample Retailer A,107.14,250,sample
38spl,2026-07-03,Sample Retailer A,102.0,250,sample
38spl,2026-07-03,Sample Retailer D,253.25,500,sample
38spl,2026-07-03,Sample Retailer C,47.77,100,sample
38spl,2026-07-04,Sample Retailer E,112.55,250,sample
38spl,2026-07-04,Sample Retailer C,253.79,500,sample
38spl,2026-07-04,Sample Retailer A,45.49,100,sample
38spl,2026-07-04,Sample Retailer B,24.52,50,sample
38spl,2026-07-05,Sample Retailer D,46.2,100,sample
38spl,2026-07-05,Sample Retailer B,8.5,20,sample
38spl,2026-07-05,Sample Retailer E,229.22,500,sample
38spl,2026-07-05,Sample Retailer C,397.25,1000,sample
38spl,2026-07-05,Sample Retailer A,48.24,100,sample
38spl,2026-07-06,Sample Retailer B,109.92,250,sample
38spl,2026-07-06,Sample Retailer E,95.83,250,sample
38spl,2026-07-06,Sample Retailer A,24.31,50,sample
38spl,2026-07-06,Sample Retailer C,28.26,50,sample
38spl,2026-07-07,Sample Retailer A,41.33,100,sample
38spl,2026-07-07,Sample Retailer E,248.11,500,sample
38spl,2026-07-07,Sample Retailer D,47.15,100,sample
38spl,2026-07-07,Sample Retailer B,199.84,500,sample
38spl,2026-07-08,Sample Retailer A,463.59,1000,sample
38spl,2026-07-08,Sample Retailer C,52.07,100,sample
38spl,2026-07-08,Sample Retailer D,218.58,500,sample
38spl,2026-07-08,Sample Retailer E,9.29,20,sample
38spl,2026-07-08,Sample Retailer B,21.33,50,sample
38spl,2026-07-09,Sample Retailer B,26.24,50,sample
38spl,2026-07-09,Sample Retailer C,9.04,20,sample
38spl,2026-07-09,Sample Retailer D,48.1,100,sample
38spl,2026-07-09,Sample Retailer A,41.0,100,sample
38spl,2026-07-09,Sample Retailer E,25.2,50,sample
38spl,2026-07-10,Sample Retailer E,246.61,500,sample
38spl,2026-07-10,Sample Retailer D,119.06,250,sample
38spl,2026-07-10,Sample Retailer C,461.33,1000,sample
38spl,2026-07-10,Sample Retailer B,354.41,1000,sample
38spl,2026-07-11,Sample Retailer A,9.37,20,sample
38spl,2026-07-11,Sample Retailer C,118.34,250,sample
38spl,2026-07-11,Sample Retailer E,21.48,50,sample
38spl,2026-07-11,Sample Retailer B,43.88,100,sample
38spl,2026-07-12,Sample Retailer E,44.84,100,sample
38spl,2026-07-12,Sample Retailer B,444.39,1000,sample
38spl,2026-07-12,Sample Retailer C,29.08,50,sample
38spl,2026-07-12,Sample Retailer D,47.4,100,sample
38spl,2026-07-13,Sample Retailer A,43.48,100,sample
38spl,2026-07-13,Sample Retailer C,198.39,500,sample
38spl,2026-07-13,Sample Retailer E,26.72,50,sample
38spl,2026-07-13,Sample Retailer D,43.09,100,sample
38spl,2026-07-14,Sample Retailer D,21.62,50,sample
38spl,2026-07-14,Sample Retailer E,219.55,500,sample
38spl,2026-07-14,Sample Retailer B,42.48,100,sample
38spl,2026-07-14,Sample Retailer A,23.89,50,sample
38spl,2026-07-15,Sample Retailer B,25.96,50,sample
38spl,2026-07-15,Sample Retailer C,20.64,50,sample
38spl,2026-07-15,Sample Retailer A,113.12,250,sample
38spl,2026-07-16,Sample Retailer B,40.23,100,sample
38spl,2026-07-16,Sample Retailer C,484.34,1000,sample
38spl,2026-07-16,Sample Retailer E,25.75,50,sample
38spl,2026-07-16,Sample Retailer D,30.07,50,sample
38spl,2026-07-16,Sample Retailer A,9.53,20,sample
38spl,2026-07-17,Sample Retailer C,44.37,100,sample
38spl,2026-07-17,Sample Retailer E,25.66,50,sample
38spl,2026-07-17,Sample Retailer A,49.18,100,sample
38spl,2026-07-17,Sample Retailer B,40.57,100,sample
38spl,2026-07-17,Sample Retailer D,51.11,100,sample
38spl,2026-07-18,Sample Retailer B,24.43,50,sample
38spl,2026-07-18,Sample Retailer A,22.53,50,sample
38spl,2026-07-18,Sample Retailer C,23.38,50,sample
38spl,2026-07-18,Sample Retailer E,43.07,100,sample
38spl,2026-07-18,Sample Retailer D,519.55,1000,sample
38spl,2026-07-19,Sample Retailer A,443.29,1000,sample
38spl,2026-07-19,Sample Retailer D,9.8,20,sample
38spl,2026-07-19,Sample Retailer B,56.0,100,sample
38spl,2026-07-19,Sample Retailer C,235.39,500,sample
38spl,2026-07-20,Sample Retailer C,447.99,1000,sample
38spl,2026-07-20,Sample Retailer E,116.12,250,sample
38spl,2026-07-20,Sample Retailer A,228.71,500,sample
38spl,2026-07-20,Sample Retailer D,458.36,1000,sample
38spl,2026-07-20,Sample Retailer B,29.03,50,sample
38spl,2026-07-21,Sample Retailer C,8.76,20,sample
38spl,2026-07-21,Sample Retailer B,24.3,50,sample
38spl,2026-07-21,Sample Retailer E,10.53,20,sample
38spl,2026-07-22,Sample Retailer C,9.6,20,sample
38spl,2026-07-22,Sample Retailer B,127.38,250,sample
38spl,2026-07-22,Sample Retailer E,24.46,50,sample
38spl,2026-07-23,Sample Retailer B,46.69,100,sample
38spl,2026-07-23,Sample Retailer A,438.87,1000,sample
38spl,2026-07-23,Sample Retailer D,112.51,250,sample
38spl,2026-07-23,Sample Retailer C,26.62,50,sample
38spl,2026-07-24,Sample Retailer C,23.51,50,sample
38spl,2026-07-24,Sample Retailer E,11.05,20,sample
38spl,2026-07-24,Sample Retailer A,459.24,1000,sample
38spl,2026-07-24,Sample Retailer B,454.53,1000,sample
38spl,2026-07-25,Sample Retailer E,10.17,20,sample
38spl,2026-07-25,Sample Retailer C,48.53,100,sample
38spl,2026-07-25,Sample Retailer A,511.03,1000,sample
38spl,2026-07-26,Sample Retailer B,8.73,20,sample
38spl,2026-07-26,Sample Retailer A,50.86,100,sample
38spl,2026-07-26,Sample Retailer E,9.26,20,sample
38spl,2026-07-26,Sample Retailer D,9.87,20,sample
38spl,2026-07-27,Sample Retailer E,247.79,500,sample
38spl,2026-07-27,Sample Retailer B,102.13,250,sample
38spl,2026-07-27,Sample Retailer D,53.7,100,sample
38spl,2026-07-27,Sample Retailer C,466.88,1000,sample
38spl,2026-07-27,Sample Retailer A,114.67,250,sample
38spl,2026-07-28,Sample Retailer D,249.07,500,sample
38spl,2026-07-28,Sample Retailer E,451.32,1000,sample
38spl,2026-07-28,Sample Retailer A,239.2,500,sample
38spl,2026-07-29,Sample Retailer B,25.02,50,sample
38spl,2026-07-29,Sample Retailer E,109.81,250,sample
38spl,2026-07-29,Sample Retailer A,197.1,500,sample
38spl,2026-07-30,Sample Retailer B,47.12,100,sample
38spl,2026-07-30,Sample Retailer C,250.38,500,sample
38spl,2026-07-30,Sample Retailer D,463.52,1000,sample
38spl,2026-07-31,Sample Retailer B,521.06,1000,sample
38spl,2026-07-31,Sample Retailer E,21.45,50,sample
38spl,2026-07-31,Sample Retailer A,10.48,20,sample
38spl,2026-08-01,Sample Retailer B,123.7,250,sample
38spl,2026-08-01,Sample Retailer A,116.9,250,sample
38spl,2026-08-01,Sample Retailer D,43.57,100,sample
38spl,2026-08-01,Sample Retailer C,45.52,100,sample
38spl,2026-08-01,Sample Retailer E,235.33,500,sample
38spl,2026-08-02,Sample Retailer D,430.92,1000,sample
38spl,2026-08-02,Sample Retailer A,9.65,20,sample
38spl,2026-08-02,Sample Retailer B,481.24,1000,sample
38spl,2026-08-02,Sample Retailer C,22.4,50,sample
38spl,2026-08-02,Sample Retailer E,275.61,500,sample
38spl,2026-08-03,Sample Retailer E,420.3,1000,sample
38spl,2026-08-03,Sample Retailer A,10.91,20,sample
38spl,2026-08-03,Sample Retailer C,105.68,250,sample
38spl,2026-08-03,Sample Retailer D,520.08,1000,sample
38spl,2026-08-04,Sample Retailer D,9.22,20,sample
38spl,2026-08-04,Sample Retailer B,9.47,20,sample
38spl,2026-08-04,Sample Retailer C,49.42,100,sample
38spl,2026-08-04,Sample Retailer E,10.75,20,sample
38spl,2026-08-05,Sample Retailer A,262.67,500,sample
38spl,2026-08-05,Sample Retailer C,104.58,250,sample
38spl,2026-08-05,Sample Retailer E,227.75,500,sample
38spl,2026-08-05,Sample Retailer B,481.7,1000,sample
38spl,2026-08-05,Sample Retailer D,240.97,500,sample
38spl,2026-08-06,Sample Retailer A,28.28,50,sample
38spl,2026-08-06,Sample Retailer C,219.16,500,sample
38spl,2026-08-06,Sample Retailer B,117.92,250,sample
38spl,2026-08-06,Sample Retailer E,11.26,20,sample
38spl,2026-08-07,Sample Retailer D,9.38,20,sample
38spl,2026-08-07,Sample Retailer C,115.21,250,sample
38spl,2026-08-07,Sample Retailer A,53.29,100,sample
38spl,2026-08-07,Sample Retailer E,23.84,50,sample
38spl,2026-08-08,Sample Retailer B,50.28,100,sample
38spl,2026-08-08,Sample Retailer D,247.85,500,sample
38spl,2026-08-08,Sample Retailer E,22.91,50,sample
38spl,2026-08-08,Sample Retailer A,42.91,100,sample
38spl,2026-08-08,Sample Retailer C,25.98,50,sample
38spl,2026-08-09,Sample Retailer A,11.09,20,sample
38spl,2026-08-09,Sample Retailer E,517.69,1000,sample
38spl,2026-08-09,Sample Retailer D,23.9,50,sample
38spl,2026-08-09,Sample Retailer C,47.47,100,sample
38spl,2026-08-10,Sample Retailer B,489.43,1000,sample
38spl,2026-08-10,Sample Retailer D,467.68,1000,sample
38spl,2026-08-10,Sample Retailer A,26.44,50,sample
38spl,2026-08-10,Sample Retailer E,11.16,20,sample
38spl,2026-08-10,Sample Retailer C,46.55,100,sample
38spl,2026-08-11,Sample Retailer D,110.43,250,sample
38spl,2026-08-11,Sample Retailer E,443.81,1000,sample
38spl,2026-08-11,Sample Retailer B,9.61,20,sample
38spl,2026-08-11,Sample Retailer A,11.18,20,sample
38spl,2026-08-11,Sample Retailer C,116.36,250,sample
38spl,2026-08-12,Sample Retailer C,263.34,500,sample
38spl,2026-08-12,Sample Retailer A,22.27,50,sample
38spl,2026-08-12,Sample Retailer E,10.15,20,sample
38spl,2026-08-12,Sample Retailer B,101.38,250,sample
38spl,2026-08-13,Sample Retailer A,439.1,1000,sample
38spl,2026-08-13,Sample Retailer D,9.16,20,sample
38spl,2026-08-13,Sample Retailer B,122.74,250,sample
38spl,2026-08-13,Sample Retailer C,234.95,500,sample
38spl,2026-08-14,Sample Retailer A,27.15,50,sample
38spl,2026-08-14,Sample Retailer E,45.27,100,sample
38spl,2026-08-14,Sample Retailer D,243.11,500,sample
38spl,2026-08-14,Sample Retailer C,412.51,1000,sample
38spl,2026-08-14,Sample Retailer B,110.58,250,sample
38spl,2026-08-15,Sample Retailer C,125.66,250,sample
38spl,2026-08-15,Sample Retailer E,109.82,250,sample
38spl,2026-08-15,Sample Retailer B,24.53,50,sample
38spl,2026-08-16,Sample Retailer C,113.72,250,sample
38spl,2026-08-16,Sample Retailer D,570.41,1000,sample
38spl,2026-08-16,Sample Retailer B,236.25,500,sample
38spl,2026-08-17,Sample Retailer C,263.06,500,sample
38spl,2026-08-17,Sample Retailer E,458.1,1000,sample
38spl,2026-08-17,Sample Retailer D,51.32,100,sample
38spl,2026-08-18,Sample Retailer C,226.03,500,sample
38spl,2026-08-18,Sample Retailer E,143.46,250,sample
38spl,2026-08-18,Sample Retailer D,43.21,100,sample
38spl,2026-08-18,Sample Retailer B,462.95,1000,sample
38spl,2026-08-19,Sample Retailer B,47.44,100,sample
38spl,2026-08-19,Sample Retailer C,9.41,20,sample
38spl,2026-08-19,Sample Retailer E,199.9,500,sample
38spl,2026-08-20,Sample Retailer C,48.51,100,sample
38spl,2026-08-20,Sample Retailer D,11.17,20,sample
38spl,2026-08-20,Sample Retailer A,9.57,20,sample
38spl,2026-08-20,Sample Retailer E,120.47,250,sample
38spl,2026-08-20,Sample Retailer B,9.28,20,sample
38spl,2026-08-21,Sample Retailer C,242.09,500,sample
38spl,2026-08-21,Sample Retailer E,46.91,100,sample
38spl,2026-08-21,Sample Retailer A,23.48,50,sample
38spl,2026-08-22,Sample Retailer B,10.64,20,sample
38spl,2026-08-22,Sample Retailer E,46.82,100,sample
38spl,2026-08-22,Sample Retailer C,47.28,100,sample
38spl,2026-08-23,Sample Retailer B,477.42,1000,sample
38spl,2026-08-23,Sample Retailer E,517.13,1000,sample
38spl,2026-08-23,Sample Retailer C,11.21,20,sample
38spl,2026-08-23,Sample Retailer A,29.23,50,sample
38spl,2026-08-23,Sample Retailer D,126.8,250,sample
38spl,2026-08-24,Sample Retailer B,398.31,1000,sample
38spl,2026-08-24,Sample Retailer A,113.45,250,sample
38spl,2026-08-24,Sample Retailer E,10.22,20,sample
38spl,2026-08-24,Sample Retailer C,210.34,500,sample
38spl,2026-08-25,Sample Retailer A,44.88,100,sample
38spl,2026-08-25,Sample Retailer B,110.84,250,sample
38spl,2026-08-25,Sample Retailer C,128.38,250,sample
38spl,2026-08-25,Sample Retailer E,458.44,1000,sample
38spl,2026-08-25,Sample Retailer D,8.99,20,sample
38spl,2026-08-26,Sample Retailer B,246.39,500,sample
38spl,2026-08-26,Sample Retailer A,9.87,20,sample
38spl,2026-08-26,Sample Retailer C,49.67,100,sample
38spl,2026-08-26,Sample Retailer E,25.95,50,sample
38spl,2026-08-27,Sample Retailer A,132.54,250,sample
38spl,2026-08-27,Sample Retailer B,50.49,100,sample
38spl,2026-08-27,Sample Retailer E,25.9,50,sample
38spl,2026-08-27,Sample Retailer D,48.08,100,sample
38spl,2026-08-27,Sample Retailer C,434.6,1000,sample
38spl,2026-08-28,Sample Retailer B,53.33,100,sample
38spl,2026-08-28,Sample Retailer D,44.85,100,sample
38spl,2026-08-28,Sample Retailer E,468.16,1000,sample
38spl,2026-08-29,Sample Retailer A,214.08,500,sample
38spl,2026-08-29,Sample Retailer D,39.44,100,sample
38spl,2026-08-29,Sample Retailer E,23.83,50,sample
38spl,2026-08-29,Sample Retailer B,441.85,1000,sample
38spl,2026-08-30,Sample Retailer A,39.78,100,sample
38spl,2026-08-30,Sample Retailer B,39.36,100,sample
38spl,2026-08-30,Sample Retailer C,20.2,50,sample
38spl,2026-08-30,Sample Retailer E,120.64,250,sample
38spl,2026-08-30,Sample Retailer D,22.97,50,sample
38spl,2026-08-31,Sample Retailer B,205.0,500,sample
38spl,2026-08-31,Sample Retailer D,21.79,50,sample
38spl,2026-08-31,Sample Retailer C,11.07,20,sample
38spl,2026-09-01,Sample Retailer C,9.62,20,sample
38spl,2026-09-01,Sample Retailer D,53.32,100,sample
38spl,2026-09-01,Sample Retailer E,10.08,20,sample
38spl,2026-09-01,Sample Retailer A,10.88,20,sample
38spl,2026-09-02,Sample Retailer A,10.11,20,sample
38spl,2026-09-02,Sample Retailer D,9.18,20,sample
38spl,2026-09-02,Sample Retailer E,118.38,250,sample
38spl,2026-09-03,Sample Retailer D,238.23,500,sample
38spl,2026-09-03,Sample Retailer C,129.91,250,sample
38spl,2026-09-03,Sample Retailer E,232.91,500,sample
38spl,2026-09-04,Sample Retailer C,10.11,20,sample
38spl,2026-09-04,Sample Retailer D,26.58,50,sample
38spl,2026-09-04,Sample Retailer A,10.4,20,sample
38spl,2026-09-04,Sample Retailer E,459.08,1000,sample
38spl,2026-09-04,Sample Retailer B,451.9,1000,sample
38spl,2026-09-05,Sample Retailer B,115.19,250,sample
38spl,2026-09-05,Sample Retailer C,107.58,250,sample
38spl,2026-09-05,Sample Retailer E,9.5,20,sample
38spl,2026-09-05,Sample Retailer D,240.99,500,sample
38spl,2026-09-05,Sample Retailer A,47.13,100,sample
38spl,2026-09-06,Sample Retailer B,481.86,1000,sample
38spl,2026-09-06,Sample Retailer D,100.96,250,sample
38spl,2026-09-06,Sample Retailer A,25.26,50,sample
38spl,2026-09-06,Sample Retailer C,111.5,250,sample
38spl,2026-09-07,Sample Retailer B,11.13,20,sample
38spl,2026-09-07,Sample Retailer D,114.54,250,sample
38spl,2026-09-07,Sample Retailer A,125.04,250,sample
38spl,2026-09-08,Sample Retailer A,113.56,250,sample
38spl,2026-09-08,Sample Retailer D,111.58,250,sample
38spl,2026-09-08,Sample Retailer C,235.73,500,sample
38spl,2026-09-08,Sample Retailer B,129.92,250,sample
38spl,2026-09-08,Sample Retailer E,10.61,20,sample
38spl,2026-09-09,Sample Retailer A,10.08,20,sample
38spl,2026-09-09,Sample Retailer D,127.2,250,sample
38spl,2026-09-09,Sample Retailer B,21.68,50,sample
38spl,2026-09-10,Sample Retailer C,250.69,500,sample
38spl,2026-09-10,Sample Retailer D,23.61,50,sample
38spl,2026-09-10,Sample Retailer E,24.22,50,sample
38spl,2026-09-10,Sample Retailer B,240.44,500,sample
38spl,2026-09-11,Sample Retailer E,9.9,20,sample
38spl,2026-09-11,Sample Retailer A,49.32,100,sample
38spl,2026-09-11,Sample Retailer D,486.12,1000,sample
38spl,2026-09-11,Sample Retailer C,247.43,500,sample
38spl,2026-09-11,Sample Retailer B,21.57,50,sample
38spl,2026-09-12,Sample Retailer E,451.15,1000,sample
38spl,2026-09-12,Sample Retailer D,467.62,1000,sample
38spl,2026-09-12,Sample Retailer B,10.08,20,sample
38spl,2026-09-12,Sample Retailer C,443.49,1000,sample
38spl,2026-09-13,Sample Retailer C,48.28,100,sample
38spl,2026-09-13,Sample Retailer E,414.9,1000,sample
38spl,2026-09-13,Sample Retailer A,25.28,50,sample
38spl,2026-09-13,Sample Retailer B,41.36,100,sample
38spl,2026-09-13,Sample Retailer D,113.1,250,sample
38spl,2026-09-14,Sample Retailer E,126.29,250,sample
38spl,2026-09-14,Sample Retailer D,9.59,20,sample
38spl,2026-09-14,Sample Retailer A,9.74,20,sample
38spl,2026-09-15,Sample Retailer D,120.08,250,sample
38spl,2026-09-15,Sample Retailer E,45.91,100,sample
38spl,2026-09-15,Sample Retailer A,50.35,100,sample
38spl,2026-09-15,Sample Retailer B,208.68,500,sample
38spl,2026-09-16,Sample Retailer E,28.5,50,sample
38spl,2026-09-16,Sample Retailer B,27.33,50,sample
38spl,2026-09-16,Sample Retailer C,252.73,500,sample
38spl,2026-09-17,Sample Retailer D,137.93,250,sample
38spl,2026-09-17,Sample Retailer E,227.38,500,sample
38spl,2026-09-17,Sample Retailer C,101.25,250,sample
38spl,2026-09-17,Sample Retailer A,115.57,250,sample
38spl,2026-09-18,Sample Retailer C,111.87,250,sample
38spl,2026-09-18,Sample Retailer D,425.22,1000,sample
38spl,2026-09-18,Sample Retailer E,40.3,100,sample
38spl,2026-09-18,Sample Retailer B,48.67,100,sample
38spl,2026-09-18,Sample Retailer A,123.82,250,sample
38spl,2026-09-19,Sample Retailer E,48.51,100,sample
38spl,2026-09-19,Sample Retailer C,212.7,500,sample
38spl,2026-09-19,Sample Retailer D,10.2,20,sample
38spl,2026-09-19,Sample Retailer B,502.6,1000,sample
38spl,2026-09-19,Sample Retailer A,446.09,1000,sample
38spl,2026-09-20,Sample Retailer B,48.44,100,sample
38spl,2026-09-20,Sample Retailer E,26.02,50,sample
38spl,2026-09-20,Sample Retailer D,42.61,100,sample
38spl,2026-09-20,Sample Retailer C,23.89,50,sample
38spl,2026-09-20,Sample Retailer A,47.27,100,sample
38spl,2026-09-21,Sample Retailer A,43.24,100,sample
38spl,2026-09-21,Sample Retailer B,9.94,20,sample
38spl,2026-09-21,Sample Retailer C,44.79,100,sample
38spl,2026-09-22,Sample Retailer C,24.42,50,sample
38spl,2026-09-22,Sample Retailer A,48.64,100,sample
38spl,2026-09-22,Sample Retailer D,25.15,50,sample
38spl,2026-09-22,Sample Retailer E,9.75,20,sample
38spl,2026-09-22,Sample Retailer B,441.79,1000,sample
38spl,2026-09-23,Sample Retailer C,43.78,100,sample
38spl,2026-09-23,Sample Retailer B,43.91,100,sample
38spl,2026-09-23,Sample Retailer D,8.47,20,sample
38spl,2026-09-23,Sample Retailer A,9.91,20,sample
38spl,2026-09-24,Sample Retailer B,490.55,1000,sample
38spl,2026-09-24,Sample Retailer E,210.12,500,sample
38spl,2026-09-24,Sample Retailer C,24.46,50,sample
38spl,2026-09-25,Sample Retailer A,120.24,250,sample
38spl,2026-09-25,Sample Retailer B,12.7,20,sample
38spl,2026-09-25,Sample Retailer C,42.6,100,sample
38spl,2026-09-25,Sample Retailer D,46.82,100,sample
38spl,2026-09-25,Sample Retailer E,23.46,50,sample
38spl,2026-09-26,Sample Retailer C,121.08,250,sample
38spl,2026-09-26,Sample Retailer D,271.21,500,sample
38spl,2026-09-26,Sample Retailer A,8.8,20,sample
38spl,2026-09-26,Sample Retailer B,9.79,20,sample
38spl,2026-09-26,Sample Retailer E,236.51,500,sample
38spl,2026-09-27,Sample Retailer E,114.28,250,sample
38spl,2026-09-27,Sample Retailer A,43.2,100,sample
38spl,2026-09-27,Sample Retailer C,24.32,50,sample
38spl,2026-09-27,Sample Retailer B,9.56,20,sample
38spl,2026-09-27,Sample Retailer D,49.2,100,sample
38spl,2026-09-28,Sample Retailer C,208.2,500,sample
38spl,2026-09-28,Sample Retailer E,27.54,50,sample
38spl,2026-09-28,Sample Retailer D,25.43,50,sample
38spl,2026-09-29,Sample Retailer E,44.3,100,sample
38spl,2026-09-29,Sample Retailer A,236.4,500,sample
38spl,2026-09-29,Sample Retailer C,41.18,100,sample
38spl,2026-09-29,Sample Retailer D,113.27,250,sample
38spl,2026-09-30,Sample Retailer C,46.84,100,sample
38spl,2026-09-30,Sample Retailer A,126.16,250,sample
38spl,2026-09-30,Sample Retailer D,50.31,100,sample
38spl,2026-09-30,Sample Retailer E,24.33,50,sample
38spl,2026-10-01,Sample Retailer A,457.11,1000,sample
38spl,2026-10-01,Sample Retailer B,9.21,20,sample
38spl,2026-10-01,Sample Retailer C,106.7,250,sample
38spl,2026-10-02,Sample Retailer C,255.81,500,sample
38spl,2026-10-02,Sample Retailer B,10.6,20,sample
38spl,2026-10-02,Sample Retailer E,47.83,100,sample
38spl,2026-10-03,Sample Retailer B,113.38,250,sample
38spl,2026-10-03,Sample Retailer C,24.52,50,sample
38spl,2026-10-03,Sample Retailer D,491.38,1000,sample
38spl,2026-10-03,Sample Retailer E,492.39,1000,sample
38spl,2026-10-03,Sample Retailer A,39.76,100,sample
38spl,2026-10-04,Sample Retailer E,254.77,500,sample
38spl,2026-10-04,Sample Retailer D,112.0,250,sample
38spl,2026-10-04,Sample Retailer C,228.08,500,sample
38spl,2026-10-05,Sample Retailer D,121.83,250,sample
38spl,2026-10-05,Sample Retailer C,11.14,20,sample
38spl,2026-10-05,Sample Retailer E,25.66,50,sample
38spl,2026-10-05,Sample Retailer A,239.52,500,sample
38spl,2026-10-05,Sample Retailer B,422.92,1000,sample
38spl,2026-10-06,Sample Retailer C,9.56,20,sample
38spl,2026-10-06,Sample Retailer B,42.41,100,sample
38spl,2026-10-06,Sample Retailer D,121.52,250,sample
38spl,2026-10-06,Sample Retailer A,514.4,1000,sample
12ga-00,2026-06-09,Sample Retailer C,878.8,1000,sample
12ga-00,2026-06-09,Sample Retailer D,70.98,100,sample
12ga-00,2026-06-09,Sample Retailer E,764.52,1000,sample
12ga-00,2026-06-10,Sample Retailer D,365.88,500,sample
12ga-00,2026-06-10,Sample Retailer B,70.87,100,sample
12ga-00,2026-06-10,Sample Retailer E,977.22,1000,sample
12ga-00,2026-06-11,Sample Retailer E,876.14,1000,sample
12ga-00,2026-06-11,Sample Retailer A,875.23,1000,sample
12ga-00,2026-06-11,Sample Retailer C,86.6,100,sample
12ga-00,2026-06-12,Sample Retailer C,76.73,100,sample
12ga-00,2026-06-12,Sample Retailer D,203.2,250,sample
12ga-00,2026-06-12,Sample Retailer A,47.44,50,sample
12ga-00,2026-06-12,Sample Retailer E,17.79,20,sample
12ga-00,2026-06-12,Sample Retailer B,43.87,50,sample
12ga-00,2026-06-13,Sample Retailer B,798.17,1000,sample
12ga-00,2026-06-13,Sample Retailer A,45.07,50,sample
12ga-00,2026-06-13,Sample Retailer D,79.09,100,sample
12ga-00,2026-06-14,Sample Retailer C,19.71,20,sample
12ga-00,2026-06-14,Sample Retailer B,227.46,250,sample
12ga-00,2026-06-14,Sample Retailer A,875.99,1000,sample
12ga-00,2026-06-14,Sample Retailer E,16.55,20,sample
12ga-00,2026-06-15,Sample Retailer E,17.84,20,sample
12ga-00,2026-06-15,Sample Retailer B,419.3,500,sample
12ga-00,2026-06-15,Sample Retailer C,15.98,20,sample
12ga-00,2026-06-15,Sample Retailer A,194.88,250,sample
12ga-00,2026-06-16,Sample Retailer B,784.34,1000,sample
12ga-00,2026-06-16,Sample Retailer A,41.98,50,sample
12ga-00,2026-06-16,Sample Retailer D,405.82,500,sample
12ga-00,2026-06-16,Sample Retailer E,415.43,500,sample
12ga-00,2026-06-16,Sample Retailer C,36.11,50,sample
12ga-00,2026-06-17,Sample Retailer C,218.06,250,sample
12ga-00,2026-06-17,Sample Retailer D,466.41,500,sample
12ga-00,2026-06-17,Sample Retailer A,210.19,250,sample
12ga-00,2026-06-17,Sample Retailer B,198.3,250,sample
12ga-00,2026-06-18,Sample Retailer D,418.41,500,sample
12ga-00,2026-06-18,Sample Retailer B,86.13,100,sample
12ga-00,2026-06-18,Sample Retailer E,16.99,20,sample
12ga-00,2026-06-18,Sample Retailer A,44.46,50,sample
12ga-00,2026-06-18,Sample Retailer C,205.83,250,sample
12ga-00,2026-06-19,Sample Retailer B,86.14,100,sample
12ga-00,2026-06-19,Sample Retailer E,755.88,1000,sample
12ga-00,2026-06-19,Sample Retailer A,18.14,20,sample
12ga-00,2026-06-19,Sample Retailer C,386.28,500,sample
12ga-00,2026-06-20,Sample Retailer B,867.8,1000,sample
12ga-00,2026-06-20,Sample Retailer C,20.21,20,sample
12ga-00,2026-06-20,Sample Retailer D,18.68,20,sample
12ga-00,2026-06-21,Sample Retailer E,854.29,1000,sample
12ga-00,2026-06-21,Sample Retailer C,675.42,1000,sample
12ga-00,2026-06-21,Sample Retailer B,398.42,500,sample
12ga-00,2026-06-21,Sample Retailer D,45.94,50,sample
12ga-00,2026-06-22,Sample Retailer C,412.58,500,sample
12ga-00,2026-06-22,Sample Retailer B,878.77,1000,sample
12ga-00,2026-06-22,Sample Retailer E,18.99,20,sample
12ga-00,2026-06-22,Sample Retailer A,197.89,250,sample
12ga-00,2026-06-22,Sample Retailer D,17.31,20,sample
12ga-00,2026-06-23,Sample Retailer D,92.79,100,sample
12ga-00,2026-06-23,Sample Retailer A,211.67,250,sample
12ga-00,2026-06-23,Sample Retailer C,46.25,50,sample
12ga-00,2026-06-23,Sample Retailer B,16.42,20,sample
12ga-00,2026-06-24,Sample Retailer E,841.5,1000,sample
12ga-00,2026-06-24,Sample Retailer B,205.95,250,sample
12ga-00,2026-06-24,Sample Retailer D,227.27,250,sample
12ga-00,2026-06-25,Sample Retailer B,192.04,250,sample
12ga-00,2026-06-25,Sample Retailer D,466.03,500,sample
12ga-00,2026-06-25,Sample Retailer E,17.93,20,sample
12ga-00,2026-06-25,Sample Retailer A,47.6,50,sample
12ga-00,2026-06-26,Sample Retailer C,46.86,50,sample
12ga-00,2026-06-26,Sample Retailer D,471.02,500,sample
12ga-00,2026-06-26,Sample Retailer A,39.57,50,sample
12ga-00,2026-06-27,Sample Retailer A,49.08,50,sample
12ga-00,2026-06-27,Sample Retailer C,915.69,1000,sample
12ga-00,2026-06-27,Sample Retailer E,19.99,20,sample
12ga-00,2026-06-27,Sample Retailer B,40.42,50,sample
12ga-00,2026-06-28,Sample Retailer B,844.49,1000,sample
12ga-00,2026-06-28,Sample Retailer C,16.88,20,sample
12ga-00,2026-06-28,Sample Retailer A,84.74,100,sample
12ga-00,2026-06-29,Sample Retailer C,47.41,50,sample
12ga-00,2026-06-29,Sample Retailer A,51.87,50,sample
12ga-00,2026-06-29,Sample Retailer E,76.75,100,sample
12ga-00,2026-06-29,Sample Retailer D,16.43,20,sample
12ga-00,2026-06-29,Sample Retailer B,778.73,1000,sample
12ga-00,2026-06-30,Sample Retailer C,407.08,500,sample
12ga-00,2026-06-30,Sample Retailer E,18.26,20,sample
12ga-00,2026-06-30,Sample Retailer D,46.29,50,sample
12ga-00,2026-07-01,Sample Retailer A,450.01,500,sample
12ga-00,2026-07-01,Sample Retailer D,864.97,1000,sample
12ga-00,2026-07-01,Sample Retailer E,983.73,1000,sample
12ga-00,2026-07-01,Sample Retailer B,43.67,50,sample
12ga-00,2026-07-01,Sample Retailer C,20.0,20,sample
12ga-00,2026-07-02,Sample Retailer E,196.7,250,sample
12ga-00,2026-07-02,Sample Retailer D,934.89,1000,sample
12ga-00,2026-07-02,Sample Retailer C,218.2,250,sample
12ga-00,2026-07-02,Sample Retailer B,80.88,100,sample
12ga-00,2026-07-02,Sample Retailer A,18.13,20,sample
12ga-00,2026-07-03,Sample Retailer D,16.33,20,sample
12ga-00,2026-07-03,Sample Retailer B,829.71,1000,sample
12ga-00,2026-07-03,Sample Retailer C,336.69,500,sample
12ga-00,2026-07-04,Sample Retailer E,21.97,20,sample
12ga-00,2026-07-04,Sample Retailer D,870.46,1000,sample
12ga-00,2026-07-04,Sample Retailer A,44.07,50,sample
12ga-00,2026-07-05,Sample Retailer B,81.89,100,sample
12ga-00,2026-07-05,Sample Retailer C,18.27,20,sample
12ga-00,2026-07-05,Sample Retailer A,80.91,100,sample
12ga-00,2026-07-05,Sample Retailer E,19.62,20,sample
12ga-00,2026-07-06,Sample Retailer A,44.32,50,sample
12ga-00,2026-07-06,Sample Retailer E,42.51,50,sample
12ga-00,2026-07-06,Sample Retailer B,81.82,100,sample
12ga-00,2026-07-06,Sample Retailer C,811.23,1000,sample
12ga-00,2026-07-07,Sample Retailer A,196.27,250,sample
12ga-00,2026-07-07,Sample Retailer B,200.24,250,sample
12ga-00,2026-07-07,Sample Retailer E,85.86,100,sample
12ga-00,2026-07-08,Sample Retailer D,214.21,250,sample
12ga-00,2026-07-08,Sample Retailer B,17.35,20,sample
12ga-00,2026-07-08,Sample Retailer C,192.54,250,sample
12ga-00,2026-07-08,Sample Retailer E,71.27,100,sample
12ga-00,2026-07-09,Sample Retailer E,807.07,1000,sample
12ga-00,2026-07-09,Sample Retailer A,85.41,100,sample
12ga-00,2026-07-09,Sample Retailer C,39.09,50,sample
12ga-00,2026-07-09,Sample Retailer B,18.76,20,sample
12ga-00,2026-07-09,Sample Retailer D,17.48,20,sample
12ga-00,2026-07-10,Sample Retailer C,417.22,500,sample
12ga-00,2026-07-10,Sample Retailer B,828.5,1000,sample
12ga-00,2026-07-10,Sample Retailer D,80.32,100,sample
12ga-00,2026-07-10,Sample Retailer A,16.65,20,sample
12ga-00,2026-07-10,Sample Retailer E,18.71,20,sample
12ga-00,2026-07-11,Sample Retailer B,749.58,1000,sample
12ga-00,2026-07-11,Sample Retailer A,84.56,100,sample
12ga-00,2026-07-11,Sample Retailer D,47.56,50,sample
12ga-00,2026-07-12,Sample Retailer C,46.31,50,sample
12ga-00,2026-07-12,Sample Retailer B,356.45,500,sample
12ga-00,2026-07-12,Sample Retailer A,204.2,250,sample
12ga-00,2026-07-12,Sample Retailer E,784.23,1000,sample
12ga-00,2026-07-13,Sample Retailer B,84.84,100,sample
12ga-00,2026-07-13,Sample Retailer E,192.5,250,sample
12ga-00,2026-07-13,Sample Retailer D,211.95,250,sample
12ga-00,2026-07-13,Sample Retailer C,78.0,100,sample
12ga-00,2026-07-13,Sample Retailer A,17.63,20,sample
12ga-00,2026-07-14,Sample Retailer B,797.86,1000,sample
12ga-00,2026-07-14,Sample Retailer A,207.42,250,sample
12ga-00,2026-07-14,Sample Retailer C,15.16,20,sample
12ga-00,2026-07-14,Sample Retailer E,44.94,50,sample
12ga-00,2026-07-15,Sample Retailer E,20.05,20,sample
12ga-00,2026-07-15,Sample Retailer A,17.37,20,sample
12ga-00,2026-07-15,Sample Retailer B,75.8,100,sample
12ga-00,2026-07-15,Sample Retailer D,85.92,100,sample
12ga-00,2026-07-16,Sample Retailer E,444.12,500,sample
12ga-00,2026-07-16,Sample Retailer A,18.45,20,sample
12ga-00,2026-07-16,Sample Retailer C,18.32,20,sample
12ga-00,2026-07-16,Sample Retailer D,17.03,20,sample
12ga-00,2026-07-16,Sample Retailer B,15.42,20,sample
12ga-00,2026-07-17,Sample Retailer D,415.54,500,sample
12ga-00,2026-07-17,Sample Retailer E,18.0,20,sample
12ga-00,2026-07-17,Sample Retailer A,16.51,20,sample
12ga-00,2026-07-18,Sample Retailer D,46.47,50,sample
12ga-00,2026-07-18,Sample Retailer B,203.38,250,sample
12ga-00,2026-07-18,Sample Retailer A,218.55,250,sample
12ga-00,2026-07-18,Sample Retailer E,703.94,1000,sample
12ga-00,2026-07-18,Sample Retailer C,888.08,1000,sample
12ga-00,2026-07-19,Sample Retailer D,80.9,100,sample
12ga-00,2026-07-19,Sample Retailer A,364.07,500,sample
12ga-00,2026-07-19,Sample Retailer E,86.23,100,sample
12ga-00,2026-07-19,Sample Retailer C,17.42,20,sample
12ga-00,2026-07-19,Sample Retailer B,198.27,250,sample
12ga-00,2026-07-20,Sample Retailer B,51.32,50,sample
12ga-00,2026-07-20,Sample Retailer E,797.77,1000,sample
12ga-00,2026-07-20,Sample Retailer C,43.74,50,sample
12ga-00,2026-07-20,Sample Retailer D,409.75,500,sample
12ga-00,2026-07-21,Sample Retailer C,17.73,20,sample
12ga-00,2026-07-21,Sample Retailer A,78.58,100,sample
12ga-00,2026-07-21,Sample Retailer E,44.27,50,sample
12ga-00,2026-07-22,Sample Retailer C,44.54,50,sample
12ga-00,2026-07-22,Sample Retailer D,224.53,250,sample
12ga-00,2026-07-22,Sample Retailer B,17.89,20,sample
12ga-00,2026-07-22,Sample Retailer A,227.03,250,sample
12ga-00,2026-07-23,Sample Retailer B,41.52,50,sample
12ga-00,2026-07-23,Sample Retailer E,420.78,500,sample
12ga-00,2026-07-23,Sample Retailer C,81.11,100,sample
12ga-00,2026-07-24,Sample Retailer C,197.91,250,sample
12ga-00,2026-07-24,Sample Retailer B,185.43,250,sample
12ga-00,2026-07-24,Sample Retailer D,402.62,500,sample
12ga-00,2026-07-24,Sample Retailer A,45.18,50,sample
12ga-00,2026-07-25,Sample Retailer C,43.69,50,sample
12ga-00,2026-07-25,Sample Retailer E,44.17,50,sample
12ga-00,2026-07-25,Sample Retailer A,81.16,100,sample
12ga-00,2026-07-26,Sample Retailer C,40.44,50,sample
12ga-00,2026-07-26,Sample Retailer B,46.39,50,sample
12ga-00,2026-07-26,Sample Retailer A,71.8,100,sample
12ga-00,2026-07-26,Sample Retailer E,74.72,100,sample
12ga-00,2026-07-27,Sample Retailer E,18.29,20,sample
12ga-00,2026-07-27,Sample Retailer D,91.68,100,sample
12ga-00,2026-07-27,Sample Retailer B,412.82,500,sample
12ga-00,2026-07-27,Sample Retailer A,80.69,100,sample
12ga-00,2026-07-27,Sample Retailer C,82.24,100,sample
12ga-00,2026-07-28,Sample Retailer A,42.54,50,sample
12ga-00,2026-07-28,Sample Retailer C,872.97,1000,sample
12ga-00,2026-07-28,Sample Retailer B,72.08,100,sample
12ga-00,2026-07-28,Sample Retailer D,194.72,250,sample
12ga-00,2026-07-28,Sample Retailer E,16.39,20,sample
12ga-00,2026-07-29,Sample Retailer B,84.34,100,sample
12ga-00,2026-07-29,Sample Retailer E,460.63,500,sample
12ga-00,2026-07-29,Sample Retailer C,203.88,250,sample
12ga-00,2026-07-29,Sample Retailer D,395.53,500,sample
12ga-00,2026-07-30,Sample Retailer B,899.02,1000,sample
12ga-00,2026-07-30,Sample Retailer A,15.89,20,sample
12ga-00,2026-07-30,Sample Retailer C,48.25,50,sample
12ga-00,2026-07-31,Sample Retailer B,101.75,100,sample
12ga-00,2026-07-31,Sample Retailer D,172.51,250,sample
12ga-00,2026-07-31,Sample Retailer A,706.38,1000,sample
12ga-00,2026-07-31,Sample Retailer E,860.54,1000,sample
12ga-00,2026-07-31,Sample Retailer C,42.27,50,sample
12ga-00,2026-08-01,Sample Retailer D,430.98,500,sample
12ga-00,2026-08-01,Sample Retailer E,186.64,250,sample
12ga-00,2026-08-01,Sample Retailer B,770.31,1000,sample
12ga-00,2026-08-01,Sample Retailer A,839.63,1000,sample
12ga-00,2026-08-02,Sample Retailer D,45.06,50,sample
12ga-00,2026-08-02,Sample Retailer A,41.13,50,sample
12ga-00,2026-08-02,Sample Retailer B,17.6,20,sample
12ga-00,2026-08-02,Sample Retailer E,767.11,1000,sample
12ga-00,2026-08-02,Sample Retailer C,17.01,20,sample
12ga-00,2026-08-03,Sample Retailer C,798.12,1000,sample
12ga-00,2026-08-03,Sample Retailer E,43.64,50,sample
12ga-00,2026-08-03,Sample Retailer B,365.74,500,sample
12ga-00,2026-08-03,Sample Retailer A,637.92,1000,sample
12ga-00,2026-08-04,Sample Retailer B,89.05,100,sample
12ga-00,2026-08-04,Sample Retailer E,85.35,100,sample
12ga-00,2026-08-04,Sample Retailer A,860.5,1000,sample
12ga-00,2026-08-04,Sample Retailer C,81.44,100,sample
12ga-00,2026-08-04,Sample Retailer D,723.1,1000,sample
12ga-00,2026-08-05,Sample Retailer D,46.65,50,sample
12ga-00,2026-08-05,Sample Retailer C,212.24,250,sample
12ga-00,2026-08-05,Sample Retailer A,18.69,20,sample
12ga-00,2026-08-06,Sample Retailer C,199.39,250,sample
12ga-00,2026-08-06,Sample Retailer B,393.94,500,sample
12ga-00,2026-08-06,Sample Retailer A,198.98,250,sample
12ga-00,2026-08-06,Sample Retailer D,78.22,100,sample
12ga-00,2026-08-07,Sample Retailer A,73.64,100,sample
12ga-00,2026-08-07,Sample Retailer B,223.3,250,sample
12ga-00,2026-08-07,Sample Retailer E,84.14,100,sample
12ga-00,2026-08-08,Sample Retailer C,226.58,250,sample
12ga-00,2026-08-08,Sample Retailer D,78.75,100,sample
12ga-00,2026-08-08,Sample Retailer A,793.45,1000,sample
12ga-00,2026-08-09,Sample Retailer C,16.7,20,sample
12ga-00,2026-08-09,Sample Retailer E,70.0,100,sample
12ga-00,2026-08-09,Sample Retailer B,198.11,250,sample
12ga-00,2026-08-09,Sample Retailer A,751.44,1000,sample
12ga-00,2026-08-09,Sample Retailer D,79.1,100,sample
12ga-00,2026-08-10,Sample Retailer B,15.98,20,sample
12ga-00,2026-08-10,Sample Retailer A,91.09,100,sample
12ga-00,2026-08-10,Sample Retailer C,765.76,1000,sample
12ga-00,2026-08-11,Sample Retailer B,45.18,50,sample
12ga-00,2026-08-11,Sample Retailer C,845.08,1000,sample
12ga-00,2026-08-11,Sample Retailer E,881.36,1000,sample
12ga-00,2026-08-11,Sample Retailer A,88.12,100,sample
12ga-00,2026-08-12,Sample Retailer E,88.56,100,sample
12ga-00,2026-08-12,Sample Retailer D,422.34,500,sample
12ga-00,2026-08-12,Sample Retailer A,427.16,500,sample
12ga-00,2026-08-13,Sample Retailer C,45.8,50,sample
12ga-00,2026-08-13,Sample Retailer E,81.98,100,sample
12ga-00,2026-08-13,Sample Retailer A,254.16,250,sample
12ga-00,2026-08-13,Sample Retailer D,234.37,250,sample
12ga-00,2026-08-13,Sample Retailer B,203.28,250,sample
12ga-00,2026-08-14,Sample Retailer B,39.25,50,sample
12ga-00,2026-08-14,Sample Retailer C,198.17,250,sample
12ga-00,2026-08-14,Sample Retailer A,392.78,500,sample
12ga-00,2026-08-14,Sample Retailer E,202.87,250,sample
12ga-00,2026-08-14,Sample Retailer D,80.07,100,sample
12ga-00,2026-08-15,Sample Retailer A,166.88,250,sample
12ga-00,2026-08-15,Sample Retailer C,953.3,1000,sample
12ga-00,2026-08-15,Sample Retailer B,391.98,500,sample
12ga-00,2026-08-15,Sample Retailer D,833.57,1000,sample
12ga-00,2026-08-16,Sample Retailer D,874.77,1000,sample
12ga-00,2026-08-16,Sample Retailer E,213.3,250,sample
12ga-00,2026-08-16,Sample Retailer A,423.93,500,sample
12ga-00,2026-08-16,Sample Retailer C,399.97,500,sample
12ga-00,2026-08-16,Sample Retailer B,366.07,500,sample
12ga-00,2026-08-17,Sample Retailer C,799.66,1000,sample
12ga-00,2026-08-17,Sample Retailer E,83.51,100,sample
12ga-00,2026-08-17,Sample Retailer B,43.03,50,sample
12ga-00,2026-08-17,Sample Retailer A,42.8,50,sample
12ga-00,2026-08-17,Sample Retailer D,20.03,20,sample
12ga-00,2026-08-18,Sample Retailer C,94.09,100,sample
12ga-00,2026-08-18,Sample Retailer A,435.59,500,sample
12ga-00,2026-08-18,Sample Retailer D,461.08,500,sample
12ga-00,2026-08-19,Sample Retailer E,18.64,20,sample
12ga-00,2026-08-19,Sample Retailer B,44.94,50,sample
12ga-00,2026-08-19,Sample Retailer D,21.35,20,sample
12ga-00,2026-08-20,Sample Retailer E,210.6,250,sample
12ga-00,2026-08-20,Sample Retailer A,399.27,500,sample
12ga-00,2026-08-20,Sample Retailer D,83.19,100,sample
12ga-00,2026-08-20,Sample Retailer B,372.07,500,sample
12ga-00,2026-08-21,Sample Retailer B,17.23,20,sample
12ga-00,2026-08-21,Sample Retailer A,411.28,500,sample
12ga-00,2026-08-21,Sample Retailer D,793.38,1000,sample
12ga-00,2026-08-21,Sample Retailer E,44.57,50,sample
12ga-00,2026-08-21,Sample Retailer C,378.38,500,sample
12ga-00,2026-08-22,Sample Retailer B,218.23,250,sample
12ga-00,2026-08-22,Sample Retailer A,218.98,250,sample
12ga-00,2026-08-22,Sample Retailer D,351.58,500,sample
12ga-00,2026-08-22,Sample Retailer E,74.68,100,sample
12ga-00,2026-08-23,Sample Retailer E,44.83,50,sample
12ga-00,2026-08-23,Sample Retailer C,479.55,500,sample
12ga-00,2026-08-23,Sample Retailer D,17.78,20,sample
12ga-00,2026-08-23,Sample Retailer B,93.71,100,sample
12ga-00,2026-08-24,Sample Retailer C,727.3,1000,sample
12ga-00,2026-08-24,Sample Retailer A,19.54,20,sample
12ga-00,2026-08-24,Sample Retailer E,84.41,100,sample
12ga-00,2026-08-24,Sample Retailer B,44.93,50,sample
12ga-00,2026-08-25,Sample Retailer B,201.1,250,sample
12ga-00,2026-08-25,Sample Retailer D,176.41,250,sample
12ga-00,2026-08-25,Sample Retailer E,19.12,20,sample
12ga-00,2026-08-25,Sample Retailer A,15.61,20,sample
12ga-00,2026-08-26,Sample Retailer A,872.04,1000,sample
12ga-00,2026-08-26,Sample Retailer C,47.37,50,sample
12ga-00,2026-08-26,Sample Retailer B,368.61,500,sample
12ga-00,2026-08-27,Sample Retailer A,47.87,50,sample
12ga-00,2026-08-27,Sample Retailer C,87.98,100,sample
12ga-00,2026-08-27,Sample Retailer D,16.26,20,sample
12ga-00,2026-08-27,Sample Retailer B,416.5,500,sample
12ga-00,2026-08-27,Sample Retailer E,18.47,20,sample
12ga-00,2026-08-28,Sample Retailer B,884.65,1000,sample
12ga-00,2026-08-28,Sample Retailer C,86.37,100,sample
12ga-00,2026-08-28,Sample Retailer E,197.71,250,sample
12ga-00,2026-08-28,Sample Retailer A,51.24,50,sample
12ga-00,2026-08-29,Sample Retailer B,82.61,100,sample
12ga-00,2026-08-29,Sample Retailer D,79.03,100,sample
12ga-00,2026-08-29,Sample Retailer A,823.24,1000,sample
12ga-00,2026-08-29,Sample Retailer E,79.88,100,sample
12ga-00,2026-08-30,Sample Retailer E,189.99,250,sample
12ga-00,2026-08-30,Sample Retailer C,865.23,1000,sample
12ga-00,2026-08-30,Sample Retailer A,378.95,500,sample
12ga-00,2026-08-30,Sample Retailer B,882.77,1000,sample
12ga-00,2026-08-30,Sample Retailer D,65.87,100,sample
12ga-00,2026-08-31,Sample Retailer A,840.52,1000,sample
12ga-00,2026-08-31,Sample Retailer D,20.56,20,sample
12ga-00,2026-08-31,Sample Retailer B,211.97,250,sample
12ga-00,2026-09-01,Sample Retailer A,71.26,100,sample
12ga-00,2026-09-01,Sample Retailer D,838.37,1000,sample
12ga-00,2026-09-01,Sample Retailer E,19.4,20,sample
12ga-00,2026-09-01,Sample Retailer C,17.93,20,sample
12ga-00,2026-09-01,Sample Retailer B,41.84,50,sample
12ga-00,2026-09-02,Sample Retailer E,18.49,20,sample
12ga-00,2026-09-02,Sample Retailer A,82.92,100,sample
12ga-00,2026-09-02,Sample Retailer D,183.18,250,sample
12ga-00,2026-09-02,Sample Retailer C,390.51,500,sample
12ga-00,2026-09-02,Sample Retailer B,46.03,50,sample
12ga-00,2026-09-03,Sample Retailer E,233.15,250,sample
12ga-00,2026-09-03,Sample Retailer C,95.98,100,sample
12ga-00,2026-09-03,Sample Retailer B,17.19,20,sample
12ga-00,2026-09-04,Sample Retailer B,20.01,20,sample
12ga-00,2026-09-04,Sample Retailer E,78.99,100,sample
12ga-00,2026-09-04,Sample Retailer D,79.36,100,sample
12ga-00,2026-09-04,Sample Retailer C,19.21,20,sample
12ga-00,2026-09-04,Sample Retailer A,388.7,500,sample
12ga-00,2026-09-05,Sample Retailer B,178.82,250,sample
12ga-00,2026-09-05,Sample Retailer E,18.01,20,sample
12ga-00,2026-09-05,Sample Retailer A,17.24,20,sample
12ga-00,2026-09-06,Sample Retailer D,425.68,500,sample
12ga-00,2026-09-06,Sample Retailer E,945.2,1000,sample
12ga-00,2026-09-06,Sample Retailer C,48.66,50,sample
12ga-00,2026-09-06,Sample Retailer B,78.27,100,sample
12ga-00,2026-09-07,Sample Retailer D,40.86,50,sample
12ga-00,2026-09-07,Sample Retailer A,16.95,20,sample
12ga-00,2026-09-07,Sample Retailer B,41.17,50,sample
12ga-00,2026-09-07,Sample Retailer C,219.21,250,sample
12ga-00,2026-09-08,Sample Retailer A,87.56,100,sample
12ga-00,2026-09-08,Sample Retailer E,215.29,250,sample
12ga-00,2026-09-08,Sample Retailer D,45.72,50,sample
12ga-00,2026-09-08,Sample Retailer B,844.28,1000,sample
12ga-00,2026-09-08,Sample Retailer C,233.42,250,sample
12ga-00,2026-09-09,Sample Retailer A,16.91,20,sample
12ga-00,2026-09-09,Sample Retailer B,818.25,1000,sample
12ga-00,2026-09-09,Sample Retailer D,920.8,1000,sample
12ga-00,2026-09-10,Sample Retailer B,37.54,50,sample
12ga-00,2026-09-10,Sample Retailer E,1030.93,1000,sample
12ga-00,2026-09-10,Sample Retailer C,46.51,50,sample
12ga-00,2026-09-10,Sample Retailer A,416.07,500,sample
12ga-00,2026-09-11,Sample Retailer C,236.57,250,sample
12ga-00,2026-09-11,Sample Retailer D,845.18,1000,sample
12ga-00,2026-09-11,Sample Retailer E,91.16,100,sample
12ga-00,2026-09-11,Sample Retailer A,363.86,500,sample
12ga-00,2026-09-11,Sample Retailer B,186.93,250,sample
12ga-00,2026-09-12,Sample Retailer D,44.25,50,sample
12ga-00,2026-09-12,Sample Retailer E,39.9,50,sample
12ga-00,2026-09-12,Sample Retailer A,422.28,500,sample
12ga-00,2026-09-12,Sample Retailer B,437.61,500,sample
12ga-00,2026-09-13,Sample Retailer B,186.6,250,sample
12ga-00,2026-09-13,Sample Retailer A,17.84,20,sample
12ga-00,2026-09-13,Sample Retailer E,81.97,100,sample
12ga-00,2026-09-13,Sample Retailer D,99.48,100,sample
12ga-00,2026-09-14,Sample Retailer A,198.36,250,sample
12ga-00,2026-09-14,Sample Retailer D,220.03,250,sample
12ga-00,2026-09-14,Sample Retailer C,79.67,100,sample
12ga-00,2026-09-14,Sample Retailer B,73.35,100,sample
12ga-00,2026-09-15,Sample Retailer A,228.91,250,sample
12ga-00,2026-09-15,Sample Retailer D,360.8,500,sample
12ga-00,2026-09-15,Sample Retailer C,70.66,100,sample
12ga-00,2026-09-15,Sample Retailer B,721.78,1000,sample
12ga-00,2026-09-15,Sample Retailer E,193.07,250,sample
12ga-00,2026-09-16,Sample Retailer B,349.11,500,sample
12ga-00,2026-09-16,Sample Retailer C,215.35,250,sample
12ga-00,2026-09-16,Sample Retailer E,69.26,100,sample
12ga-00,2026-09-17,Sample Retailer E,45.8,50,sample
12ga-00,2026-09-17,Sample Retailer B,80.32,100,sample
12ga-00,2026-09-17,Sample Retailer A,749.53,1000,sample
12ga-00,2026-09-17,Sample Retailer D,435.33,500,sample
12ga-00,2026-09-17,Sample Retailer C,213.81,250,sample
12ga-00,2026-09-18,Sample Retailer E,423.2,500,sample
12ga-00,2026-09-18,Sample Retailer D,857.19,1000,sample
12ga-00,2026-09-18,Sample Retailer B,21.73,20,sample
12ga-00,2026-09-19,Sample Retailer D,48.34,50,sample
12ga-00,2026-09-19,Sample Retailer C,215.32,250,sample
12ga-00,2026-09-19,Sample Retailer B,42.32,50,sample
12ga-00,2026-09-20,Sample Retailer E,48.07,50,sample
12ga-00,2026-09-20,Sample Retailer A,206.41,250,sample
12ga-00,2026-09-20,Sample Retailer C,817.65,1000,sample
12ga-00,2026-09-20,Sample Retailer D,990.65,1000,sample
12ga-00,2026-09-20,Sample Retailer B,87.54,100,sample
12ga-00,2026-09-21,Sample Retailer A,432.66,500,sample
12ga-00,2026-09-21,Sample Retailer D,753.48,1000,sample
12ga-00,2026-09-21,Sample Retailer E,209.61,250,sample
12ga-00,2026-09-22,Sample Retailer A,884.03,1000,sample
12ga-00,2026-09-22,Sample Retailer D,203.9,250,sample
12ga-00,2026-09-22,Sample Retailer B,799.72,1000,sample
12ga-00,2026-09-23,Sample Retailer C,200.34,250,sample
12ga-00,2026-09-23,Sample Retailer A,827.21,1000,sample
12ga-00,2026-09-23,Sample Retailer D,52.85,50,sample
12ga-00,2026-09-23,Sample Retailer E,81.35,100,sample
12ga-00,2026-09-24,Sample Retailer A,92.24,100,sample
12ga-00,2026-09-24,Sample Retailer D,17.07,20,sample
12ga-00,2026-09-24,Sample Retailer B,443.75,500,sample
12ga-00,2026-09-24,Sample Retailer C,900.56,1000,sample
12ga-00,2026-09-25,Sample Retailer D,44.88,50,sample
12ga-00,2026-09-25,Sample Retailer B,208.96,250,sample
12ga-00,2026-09-25,Sample Retailer C,230.41,250,sample
12ga-00,2026-09-25,Sample Retailer A,375.78,500,sample
12ga-00,2026-09-26,Sample Retailer D,448.01,500,sample
12ga-00,2026-09-26,Sample Retailer E,71.93,100,sample
12ga-00,2026-09-26,Sample Retailer A,810.93,1000,sample
12ga-00,2026-09-26,Sample Retailer B,442.19,500,sample
12ga-00,2026-09-27,Sample Retailer E,796.6,1000,sample
12ga-00,2026-09-27,Sample Retailer D,366.02,500,sample
12ga-00,2026-09-27,Sample Retailer A,372.07,500,sample
12ga-00,2026-09-28,Sample Retailer D,48.14,50,sample
12ga-00,2026-09-28,Sample Retailer B,197.06,250,sample
12ga-00,2026-09-28,Sample Retailer E,392.27,500,sample
12ga-00,2026-09-29,Sample Retailer E,96.22,100,sample
12ga-00,2026-09-29,Sample Retailer B,224.5,250,sample
12ga-00,2026-09-29,Sample Retailer A,19.19,20,sample
12ga-00,2026-09-30,Sample Retailer A,16.68,20,sample
12ga-00,2026-09-30,Sample Retailer C,812.92,1000,sample
12ga-00,2026-09-30,Sample Retailer E,204.53,250,sample
12ga-00,2026-09-30,Sample Retailer B,720.01,1000,sample
12ga-00,2026-09-30,Sample Retailer D,85.1,100,sample
12ga-00,2026-10-01,Sample Retailer C,842.31,1000,sample
12ga-00,2026-10-01,Sample Retailer E,397.31,500,sample
12ga-00,2026-10-01,Sample Retailer D,17.0,20,sample
12ga-00,2026-10-01,Sample Retailer A,88.0,100,sample
12ga-00,2026-10-02,Sample Retailer A,217.39,250,sample
12ga-00,2026-10-02,Sample Retailer E,18.44,20,sample
12ga-00,2026-10-02,Sample Retailer B,49.02,50,sample
12ga-00,2026-10-03,Sample Retailer C,227.13,250,sample
12ga-00,2026-10-03,Sample Retailer E,80.55,100,sample
12ga-00,2026-10-03,Sample Retailer D,54.32,50,sample
12ga-00,2026-10-04,Sample Retailer A,481.64,500,sample
12ga-00,2026-10-04,Sample Retailer E,46.89,50,sample
12ga-00,2026-10-04,Sample Retailer B,16.98,20,sample
12ga-00,2026-10-04,Sample Retailer D,372.99,500,sample
12ga-00,2026-10-04,Sample Retailer C,184.81,250,sample
12ga-00,2026-10-05,Sample Retailer D,94.01,100,sample
12ga-00,2026-10-05,Sample Retailer B,415.18,500,sample
12ga-00,2026-10-05,Sample Retailer C,76.43,100,sample
12ga-00,2026-10-06,Sample Retailer E,880.42,1000,sample
12ga-00,2026-10-06,Sample Retailer D,42.23,50,sample
12ga-00,2026-10-06,Sample Retailer C,76.14,100,sample
12ga-00,2026-10-06,Sample Retailer A,905.25,1000,sample
12ga-00,2026-10-06,Sample Retailer B,79.53,100,sample
45acp,2026-06-09,Sample Retailer D,195.79,500,sample
45acp,2026-06-09,Sample Retailer A,41.89,100,sample
45acp,2026-06-09,Sample Retailer C,8.44,20,sample
45acp,2026-06-09,Sample Retailer E,7.22,20,sample
45acp,2026-06-09,Sample Retailer B,22.54,50,sample
45acp,2026-06-10,Sample Retailer A,202.91,500,sample
45acp,2026-06-10,Sample Retailer E,8.8,20,sample
45acp,2026-06-10,Sample Retailer B,23.59,50,sample
45acp,2026-06-11,Sample Retailer C,231.87,500,sample
45acp,2026-06-11,Sample Retailer D,371.37,1000,sample
45acp,2026-06-11,Sample Retailer B,109.71,250,sample
45acp,2026-06-12,Sample Retailer C,114.92,250,sample
45acp,2026-06-12,Sample Retailer E,45.22,100,sample
45acp,2026-06-12,Sample Retailer D,226.29,500,sample
45acp,2026-06-12,Sample Retailer B,45.08,100,sample
45acp,2026-06-13,Sample Retailer A,178.56,500,sample
45acp,2026-06-13,Sample Retailer E,22.42,50,sample
45acp,2026-06-13,Sample Retailer B,393.25,1000,sample
45acp,2026-06-14,Sample Retailer A,205.9,500,sample
45acp,2026-06-14,Sample Retailer D,9.01,20,sample
45acp,2026-06-14,Sample Retailer B,197.15,500,sample
45acp,2026-06-15,Sample Retailer C,8.52,20,sample
45acp,2026-06-15,Sample Retailer E,419.02,1000,sample
45acp,2026-06-15,Sample Retailer A,189.87,500,sample
45acp,2026-06-16,Sample Retailer A,101.15,250,sample
45acp,2026-06-16,Sample Retailer C,436.27,1000,sample
45acp,2026-06-16,Sample Retailer E,44.09,100,sample
45acp,2026-06-17,Sample Retailer D,9.08,20,sample
45acp,2026-06-17,Sample Retailer C,453.46,1000,sample
45acp,2026-06-17,Sample Retailer E,20.34,50,sample
45acp,2026-06-18,Sample Retailer E,41.34,100,sample
45acp,2026-06-18,Sample Retailer B,195.43,500,sample
45acp,2026-06-18,Sample Retailer D,423.42,1000,sample
45acp,2026-06-19,Sample Retailer A,42.55,100,sample
45acp,2026-06-19,Sample Retailer B,42.93,100,sample
45acp,2026-06-19,Sample Retailer E,40.42,100,sample
45acp,2026-06-20,Sample Retailer D,23.16,50,sample
45acp,2026-06-20,Sample Retailer E,407.44,1000,sample
45acp,2026-06-20,Sample Retailer A,89.52,250,sample
45acp,2026-06-20,Sample Retailer C,98.25,250,sample
45acp,2026-06-20,Sample Retailer B,344.74,1000,sample
45acp,2026-06-21,Sample Retailer E,225.76,500,sample
45acp,2026-06-21,Sample Retailer B,24.08,50,sample
45acp,2026-06-21,Sample Retailer D,20.72,50,sample
45acp,2026-06-22,Sample Retailer B,9.27,20,sample
45acp,2026-06-22,Sample Retailer E,92.2,250,sample
45acp,2026-06-22,Sample Retailer D,200.88,500,sample
45acp,2026-06-23,Sample Retailer C,40.5,100,sample
45acp,2026-06-23,Sample Retailer A,96.41,250,sample
45acp,2026-06-23,Sample Retailer D,205.88,500,sample
45acp,2026-06-23,Sample Retailer B,9.03,20,sample
45acp,2026-06-24,Sample Retailer C,388.8,1000,sample
45acp,2026-06-24,Sample Retailer B,23.97,50,sample
45acp,2026-06-24,Sample Retailer A,100.72,250,sample
45acp,2026-06-24,Sample Retailer E,22.3,50,sample
45acp,2026-06-25,Sample Retailer A,21.5,50,sample
45acp,2026-06-25,Sample Retailer C,222.87,500,sample
45acp,2026-06-25,Sample Retailer D,34.73,100,sample
45acp,2026-06-25,Sample Retailer E,177.7,500,sample
45acp,2026-06-26,Sample Retailer B,41.71,100,sample
45acp,2026-06-26,Sample Retailer D,118.36,250,sample
45acp,2026-06-26,Sample Retailer E,111.46,250,sample
45acp,2026-06-26,Sample Retailer C,8.78,20,sample
45acp,2026-06-26,Sample Retailer A,100.4,250,sample
45acp,2026-06-27,Sample Retailer B,44.34,100,sample
45acp,2026-06-27,Sample Retailer A,411.33,1000,sample
45acp,2026-06-27,Sample Retailer E,227.13,500,sample
45acp,2026-06-27,Sample Retailer C,423.83,1000,sample
45acp,2026-06-28,Sample Retailer A,432.34,1000,sample
45acp,2026-06-28,Sample Retailer B,404.39,1000,sample
45acp,2026-06-28,Sample Retailer E,382.28,1000,sample
45acp,2026-06-28,Sample Retailer C,185.82,500,sample
45acp,2026-06-28,Sample Retailer D,9.98,20,sample
45acp,2026-06-29,Sample Retailer D,23.78,50,sample
45acp,2026-06-29,Sample Retailer A,229.13,500,sample
45acp,2026-06-29,Sample Retailer E,24.26,50,sample
45acp,2026-06-29,Sample Retailer B,42.43,100,sample
45acp,2026-06-29,Sample Retailer C,38.49,100,sample
45acp,2026-06-30,Sample Retailer E,94.58,250,sample
45acp,2026-06-30,Sample Retailer B,401.69,1000,sample
45acp,2026-06-30,Sample Retailer D,436.76,1000,sample
45acp,2026-06-30,Sample Retailer A,205.43,500,sample
45acp,2026-06-30,Sample Retailer C,20.94,50,sample
45acp,2026-07-01,Sample Retailer B,405.2,1000,sample
45acp,2026-07-01,Sample Retailer D,244.32,500,sample
45acp,2026-07-01,Sample Retailer E,104.07,250,sample
45acp,2026-07-02,Sample Retailer D,9.8,20,sample
45acp,2026-07-02,Sample Retailer B,418.05,1000,sample
45acp,2026-07-02,Sample Retailer A,101.07,250,sample
45acp,2026-07-03,Sample Retailer C,39.62,100,sample
45acp,2026-07-03,Sample Retailer E,23.04,50,sample
45acp,2026-07-03,Sample Retailer D,40.6,100,sample
45acp,2026-07-04,Sample Retailer D,191.44,500,sample
45acp,2026-07-04,Sample Retailer B,225.42,500,sample
45acp,2026-07-04,Sample Retailer C,8.91,20,sample
45acp,2026-07-04,Sample Retailer A,25.84,50,sample
45acp,2026-07-05,Sample Retailer A,407.65,1000,sample
45acp,2026-07-05,Sample Retailer B,9.11,20,sample
45acp,2026-07-05,Sample Retailer D,24.97,50,sample
45acp,2026-07-05,Sample Retailer E,217.65,500,sample
45acp,2026-07-05,Sample Retailer C,9.01,20,sample
45acp,2026-07-06,Sample Retailer E,23.67,50,sample
45acp,2026-07-06,Sample Retailer B,124.86,250,sample
45acp,2026-07-06,Sample Retailer A,465.57,1000,sample
45acp,2026-07-07,Sample Retailer B,8.63,20,sample
45acp,2026-07-07,Sample Retailer C,192.78,500,sample
45acp,2026-07-07,Sample Retailer E,42.05,100,sample
45acp,2026-07-07,Sample Retailer A,40.07,100,sample
45acp,2026-07-08,Sample Retailer C,205.69,500,sample
45acp,2026-07-08,Sample Retailer B,22.45,50,sample
45acp,2026-07-08,Sample Retailer D,42.62,100,sample
45acp,2026-07-09,Sample Retailer B,22.96,50,sample
45acp,2026-07-09,Sample Retailer A,37.94,100,sample
45acp,2026-07-09,Sample Retailer E,40.7,100,sample
45acp,2026-07-09,Sample Retailer C,427.07,1000,sample
45acp,2026-07-10,Sample Retailer E,47.11,100,sample
45acp,2026-07-10,Sample Retailer D,44.21,100,sample
45acp,2026-07-10,Sample Retailer A,19.83,50,sample
45acp,2026-07-11,Sample Retailer A,23.4,50,sample
45acp,2026-07-11,Sample Retailer C,8.89,20,sample
45acp,2026-07-11,Sample Retailer D,187.4,500,sample
45acp,2026-07-11,Sample Retailer E,36.15,100,sample
45acp,2026-07-12,Sample Retailer A,99.55,250,sample
45acp,2026-07-12,Sample Retailer E,98.03,250,sample
45acp,2026-07-12,Sample Retailer C,189.3,500,sample
45acp,2026-07-12,Sample Retailer D,20.9,50,sample
45acp,2026-07-13,Sample Retailer B,214.6,500,sample
45acp,2026-07-13,Sample Retailer D,25.47,50,sample
45acp,2026-07-13,Sample Retailer C,112.05,250,sample
45acp,2026-07-13,Sample Retailer A,37.22,100,sample
45acp,2026-07-14,Sample Retailer B,416.18,1000,sample
45acp,2026-07-14,Sample Retailer D,214.25,500,sample
45acp,2026-07-14,Sample Retailer C,442.03,1000,sample
45acp,2026-07-14,Sample Retailer E,466.5,1000,sample
45acp,2026-07-14,Sample Retailer A,472.77,1000,sample
45acp,2026-07-15,Sample Retailer C,205.04,500,sample
45acp,2026-07-15,Sample Retailer B,97.15,250,sample
45acp,2026-07-15,Sample Retailer E,112.04,250,sample
45acp,2026-07-15,Sample Retailer A,417.83,1000,sample
45acp,2026-07-16,Sample Retailer D,105.78,250,sample
45acp,2026-07-16,Sample Retailer E,42.04,100,sample
45acp,2026-07-16,Sample Retailer A,105.0,250,sample
45acp,2026-07-16,Sample Retailer C,19.79,50,sample
45acp,2026-07-17,Sample Retailer C,450.73,1000,sample
45acp,2026-07-17,Sample Retailer A,99.17,250,sample
45acp,2026-07-17,Sample Retailer E,8.3,20,sample
45acp,2026-07-17,Sample Retailer D,21.74,50,sample
45acp,2026-07-18,Sample Retailer C,90.03,250,sample
45acp,2026-07-18,Sample Retailer A,397.19,1000,sample
45acp,2026-07-18,Sample Retailer E,201.33,500,sample
45acp,2026-07-18,Sample Retailer D,9.16,20,sample
45acp,2026-07-19,Sample Retailer E,111.41,250,sample
45acp,2026-07-19,Sample Retailer D,97.69,250,sample
45acp,2026-07-19,Sample Retailer A,436.89,1000,sample
45acp,2026-07-20,Sample Retailer A,8.87,20,sample
45acp,2026-07-20,Sample Retailer C,40.07,100,sample
45acp,2026-07-20,Sample Retailer E,375.98,1000,sample
45acp,2026-07-20,Sample Retailer B,93.25,250,sample
45acp,2026-07-21,Sample Retailer A,202.52,500,sample
45acp,2026-07-21,Sample Retailer B,8.74,20,sample
45acp,2026-07-21,Sample Retailer E,98.43,250,sample
45acp,2026-07-22,Sample Retailer E,9.41,20,sample
45acp,2026-07-22,Sample Retailer B,400.95,1000,sample
45acp,2026-07-22,Sample Retailer D,213.48,500,sample
45acp,2026-07-23,Sample Retailer D,39.35,100,sample
45acp,2026-07-23,Sample Retailer E,23.2,50,sample
45acp,2026-07-23,Sample Retailer B,37.73,100,sample
45acp,2026-07-23,Sample Retailer C,9.89,20,sample
45acp,2026-07-24,Sample Retailer A,7.93,20,sample
45acp,2026-07-24,Sample Retailer E,114.78,250,sample
45acp,2026-07-24,Sample Retailer C,42.16,100,sample
45acp,2026-07-25,Sample Retailer B,191.8,500,sample
45acp,2026-07-25,Sample Retailer D,8.24,20,sample
45acp,2026-07-25,Sample Retailer A,195.83,500,sample
45acp,2026-07-25,Sample Retailer C,9.33,20,sample
45acp,2026-07-25,Sample Retailer E,221.65,500,sample
45acp,2026-07-26,Sample Retailer B,24.3,50,sample
45acp,2026-07-26,Sample Retailer D,177.17,500,sample
45acp,2026-07-26,Sample Retailer A,22.89,50,sample
45acp,2026-07-26,Sample Retailer E,8.9,20,sample
45acp,2026-07-26,Sample Retailer C,8.69,20,sample
45acp,2026-07-27,Sample Retailer C,209.43,500,sample
45acp,2026-07-27,Sample Retailer D,101.36,250,sample
45acp,2026-07-27,Sample Retailer E,45.02,100,sample
45acp,2026-07-27,Sample Retailer B,40.92,100,sample
45acp,2026-07-27,Sample Retailer A,19.21,50,sample
45acp,2026-07-28,Sample Retailer B,23.62,50,sample
45acp,2026-07-28,Sample Retailer D,36.58,100,sample
45acp,2026-07-28,Sample Retailer A,116.69,250,sample
45acp,2026-07-28,Sample Retailer E,9.74,20,sample
45acp,2026-07-28,Sample Retailer C,8.92,20,sample
45acp,2026-07-29,Sample Retailer D,22.14,50,sample
45acp,2026-07-29,Sample Retailer C,104.94,250,sample
45acp,2026-07-29,Sample Retailer A,207.72,500,sample
45acp,2026-07-29,Sample Retailer B,221.07,500,sample
45acp,2026-07-30,Sample Retailer C,40.57,100,sample
45acp,2026-07-30,Sample Retailer E,47.53,100,sample
45acp,2026-07-30,Sample Retailer A,98.24,250,sample
45acp,2026-07-30,Sample Retailer B,41.17,100,sample
45acp,2026-07-31,Sample Retailer B,21.93,50,sample
45acp,2026-07-31,Sample Retailer E,19.43,50,sample
45acp,2026-07-31,Sample Retailer D,8.56,20,sample
45acp,2026-08-01,Sample Retailer B,438.55,1000,sample
45acp,2026-08-01,Sample Retailer A,101.31,250,sample
45acp,2026-08-01,Sample Retailer C,8.12,20,sample
45acp,2026-08-01,Sample Retailer D,8.9,20,sample
45acp,2026-08-01,Sample Retailer E,451.03,1000,sample
45acp,2026-08-02,Sample Retailer E,214.31,500,sample
45acp,2026-08-02,Sample Retailer A,202.3,500,sample
45acp,2026-08-02,Sample Retailer B,9.73,20,sample
45acp,2026-08-02,Sample Retailer D,101.03,250,sample
45acp,2026-08-03,Sample Retailer E,43.44,100,sample
45acp,2026-08-03,Sample Retailer D,42.43,100,sample
45acp,2026-08-03,Sample Retailer B,23.0,50,sample
45acp,2026-08-03,Sample Retailer A,39.18,100,sample
45acp,2026-08-03,Sample Retailer C,215.28,500,sample
45acp,2026-08-04,Sample Retailer A,101.28,250,sample
45acp,2026-08-04,Sample Retailer B,199.49,500,sample
45acp,2026-08-04,Sample Retailer D,21.73,50,sample
45acp,2026-08-04,Sample Retailer C,40.52,100,sample
45acp,2026-08-04,Sample Retailer E,24.18,50,sample
45acp,2026-08-05,Sample Retailer B,40.93,100,sample
45acp,2026-08-05,Sample Retailer C,104.28,250,sample
45acp,2026-08-05,Sample Retailer E,194.07,500,sample
45acp,2026-08-05,Sample Retailer D,384.39,1000,sample
45acp,2026-08-06,Sample Retailer D,23.01,50,sample
45acp,2026-08-06,Sample Retailer C,107.39,250,sample
45acp,2026-08-06,Sample Retailer B,204.38,500,sample
45acp,2026-08-06,Sample Retailer A,107.16,250,sample
45acp,2026-08-07,Sample Retailer D,90.43,250,sample
45acp,2026-08-07,Sample Retailer C,8.63,20,sample
45acp,2026-08-07,Sample Retailer A,44.52,100,sample
45acp,2026-08-08,Sample Retailer A,22.33,50,sample
45acp,2026-08-08,Sample Retailer D,113.21,250,sample
45acp,2026-08-08,Sample Retailer B,9.0,20,sample
45acp,2026-08-09,Sample Retailer E,38.07,100,sample
45acp,2026-08-09,Sample Retailer A,400.37,1000,sample
45acp,2026-08-09,Sample Retailer C,359.77,1000,sample
45acp,2026-08-09,Sample Retailer B,50.19,100,sample
45acp,2026-08-10,Sample Retailer E,24.32,50,sample
45acp,2026-08-10,Sample Retailer C,9.53,20,sample
45acp,2026-08-10,Sample Retailer B,384.21,1000,sample
45acp,2026-08-10,Sample Retailer A,20.07,50,sample
45acp,2026-08-10,Sample Retailer D,8.97,20,sample
45acp,2026-08-11,Sample Retailer B,40.59,100,sample
45acp,2026-08-11,Sample Retailer C,8.96,20,sample
45acp,2026-08-11,Sample Retailer A,97.38,250,sample
45acp,2026-08-12,Sample Retailer E,40.88,100,sample
45acp,2026-08-12,Sample Retailer B,44.5,100,sample
45acp,2026-08-12,Sample Retailer C,41.47,100,sample
45acp,2026-08-13,Sample Retailer A,8.09,20,sample
45acp,2026-08-13,Sample Retailer B,9.37,20,sample
45acp,2026-08-13,Sample Retailer E,398.69,1000,sample
45acp,2026-08-13,Sample Retailer C,186.99,500,sample
45acp,2026-08-14,Sample Retailer B,20.1,50,sample
45acp,2026-08-14,Sample Retailer A,8.72,20,sample
45acp,2026-08-14,Sample Retailer C,371.1,1000,sample
45acp,2026-08-15,Sample Retailer B,37.44,100,sample
45acp,2026-08-15,Sample Retailer D,39.76,100,sample
45acp,2026-08-15,Sample Retailer E,104.02,250,sample
45acp,2026-08-15,Sample Retailer A,213.99,500,sample
45acp,2026-08-15,Sample Retailer C,8.25,20,sample
45acp,2026-08-16,Sample Retailer D,424.8,1000,sample
45acp,2026-08-16,Sample Retailer A,38.97,100,sample
45acp,2026-08-16,Sample Retailer C,90.13,250,sample
45acp,2026-08-17,Sample Retailer A,98.12,250,sample
45acp,2026-08-17,Sample Retailer B,9.72,20,sample
45acp,2026-08-17,Sample Retailer E,206.41,500,sample
45acp,2026-08-18,Sample Retailer D,413.74,1000,sample
45acp,2026-08-18,Sample Retailer C,40.03,100,sample
45acp,2026-08-18,Sample Retailer A,98.1,250,sample
45acp,2026-08-19,Sample Retailer C,10.5,20,sample
45acp,2026-08-19,Sample Retailer D,8.84,20,sample
45acp,2026-08-19,Sample Retailer E,359.71,1000,sample
45acp,2026-08-19,Sample Retailer A,110.22,250,sample
45acp,2026-08-19,Sample Retailer B,224.95,500,sample
45acp,2026-08-20,Sample Retailer A,9.92,20,sample
45acp,2026-08-20,Sample Retailer C,21.97,50,sample
45acp,2026-08-20,Sample Retailer D,106.59,250,sample
45acp,2026-08-20,Sample Retailer B,460.94,1000,sample
45acp,2026-08-20,Sample Retailer E,44.48,100,sample
45acp,2026-08-21,Sample Retailer E,8.62,20,sample
45acp,2026-08-21,Sample Retailer C,8.54,20,sample
45acp,2026-08-21,Sample Retailer B,20.78,50,sample
45acp,2026-08-21,Sample Retailer A,208.87,500,sample
45acp,2026-08-21,Sample Retailer D,9.19,20,sample
45acp,2026-08-22,Sample Retailer C,22.07,50,sample
45acp,2026-08-22,Sample Retailer D,21.11,50,sample
45acp,2026-08-22,Sample Retailer B,22.21,50,sample
45acp,2026-08-23,Sample Retailer A,94.23,250,sample
45acp,2026-08-23,Sample Retailer D,416.91,1000,sample
45acp,2026-08-23,Sample Retailer B,208.09,500,sample
45acp,2026-08-23,Sample Retailer E,183.87,500,sample
45acp,2026-08-24,Sample Retailer B,382.52,1000,sample
45acp,2026-08-24,Sample Retailer E,43.07,100,sample
45acp,2026-08-24,Sample Retailer A,203.94,500,sample
45acp,2026-08-24,Sample Retailer D,102.62,250,sample
45acp,2026-08-25,Sample Retailer B,23.72,50,sample
45acp,2026-08-25,Sample Retailer D,20.2,50,sample
45acp,2026-08-25,Sample Retailer A,46.17,100,sample
45acp,2026-08-26,Sample Retailer D,21.64,50,sample
45acp,2026-08-26,Sample Retailer E,36.33,100,sample
45acp,2026-08-26,Sample Retailer C,8.91,20,sample
45acp,2026-08-26,Sample Retailer A,186.51,500,sample
45acp,2026-08-26,Sample Retailer B,348.16,1000,sample
45acp,2026-08-27,Sample Retailer E,20.96,50,sample
45acp,2026-08-27,Sample Retailer D,449.34,1000,sample
45acp,2026-08-27,Sample Retailer A,21.49,50,sample
45acp,2026-08-28,Sample Retailer B,43.75,100,sample
45acp,2026-08-28,Sample Retailer D,110.39,250,sample
45acp,2026-08-28,Sample Retailer E,22.88,50,sample
45acp,2026-08-28,Sample Retailer A,9.88,20,sample
45acp,2026-08-29,Sample Retailer B,93.58,250,sample
45acp,2026-08-29,Sample Retailer A,109.83,250,sample
45acp,2026-08-29,Sample Retailer E,104.02,250,sample
45acp,2026-08-29,Sample Retailer C,105.02,250,sample
45acp,2026-08-29,Sample Retailer D,9.19,20,sample
45acp,2026-08-30,Sample Retailer A,40.44,100,sample
45acp,2026-08-30,Sample Retailer B,94.55,250,sample
45acp,2026-08-30,Sample Retailer E,9.74,20,sample
45acp,2026-08-30,Sample Retailer C,8.59,20,sample
45acp,2026-08-30,Sample Retailer D,9.65,20,sample
45acp,2026-08-31,Sample Retailer E,201.44,500,sample
45acp,2026-08-31,Sample Retailer A,39.32,100,sample
45acp,2026-08-31,Sample Retailer B,410.34,1000,sample
45acp,2026-08-31,Sample Retailer C,38.49,100,sample
45acp,2026-08-31,Sample Retailer D,33.32,100,sample
45acp,2026-09-01,Sample Retailer B,8.61,20,sample
45acp,2026-09-01,Sample Retailer C,25.02,50,sample
45acp,2026-09-01,Sample Retailer E,114.11,250,sample
45acp,2026-09-01,Sample Retailer A,21.99,50,sample
45acp,2026-09-02,Sample Retailer D,41.42,100,sample
45acp,2026-09-02,Sample Retailer A,8.31,20,sample
45acp,2026-09-02,Sample Retailer E,7.29,20,sample
45acp,2026-09-02,Sample Retailer B,112.43,250,sample
45acp,2026-09-02,Sample Retailer C,23.3,50,sample
45acp,2026-09-03,Sample Retailer D,386.62,1000,sample
45acp,2026-09-03,Sample Retailer C,44.98,100,sample
45acp,2026-09-03,Sample Retailer B,37.97,100,sample
45acp,2026-09-03,Sample Retailer A,42.41,100,sample
45acp,2026-09-03,Sample Retailer E,350.4,1000,sample
45acp,2026-09-04,Sample Retailer B,21.35,50,sample
45acp,2026-09-04,Sample Retailer E,9.74,20,sample
45acp,2026-09-04,Sample Retailer C,102.69,250,sample
45acp,2026-09-05,Sample Retailer D,188.42,500,sample
45acp,2026-09-05,Sample Retailer B,223.92,500,sample
45acp,2026-09-05,Sample Retailer C,105.26,250,sample
45acp,2026-09-06,Sample Retailer C,22.33,50,sample
45acp,2026-09-06,Sample Retailer A,9.92,20,sample
45acp,2026-09-06,Sample Retailer B,9.08,20,sample
45acp,2026-09-06,Sample Retailer D,10.41,20,sample
45acp,2026-09-07,Sample Retailer E,9.78,20,sample
45acp,2026-09-07,Sample Retailer D,394.66,1000,sample
45acp,2026-09-07,Sample Retailer B,23.54,50,sample
45acp,2026-09-07,Sample Retailer C,37.77,100,sample
45acp,2026-09-07,Sample Retailer A,415.79,1000,sample
45acp,2026-09-08,Sample Retailer E,445.75,1000,sample
45acp,2026-09-08,Sample Retailer D,7.77,20,sample
45acp,2026-09-08,Sample Retailer C,10.63,20,sample
45acp,2026-09-09,Sample Retailer B,20.1,50,sample
45acp,2026-09-09,Sample Retailer C,212.19,500,sample
45acp,2026-09-09,Sample Retailer E,399.36,1000,sample
45acp,2026-09-09,Sample Retailer D,37.35,100,sample
45acp,2026-09-09,Sample Retailer A,23.06,50,sample
45acp,2026-09-10,Sample Retailer A,481.17,1000,sample
45acp,2026-09-10,Sample Retailer E,8.21,20,sample
45acp,2026-09-10,Sample Retailer B,108.97,250,sample
45acp,2026-09-11,Sample Retailer B,9.63,20,sample
45acp,2026-09-11,Sample Retailer E,358.55,1000,sample
45acp,2026-09-11,Sample Retailer A,22.69,50,sample
45acp,2026-09-12,Sample Retailer D,106.19,250,sample
45acp,2026-09-12,Sample Retailer B,22.12,50,sample
45acp,2026-09-12,Sample Retailer C,431.07,1000,sample
45acp,2026-09-13,Sample Retailer B,104.17,250,sample
45acp,2026-09-13,Sample Retailer A,25.46,50,sample
45acp,2026-09-13,Sample Retailer C,39.21,100,sample
45acp,2026-09-13,Sample Retailer E,193.37,500,sample
45acp,2026-09-13,Sample Retailer D,40.46,100,sample
45acp,2026-09-14,Sample Retailer A,108.37,250,sample
45acp,2026-09-14,Sample Retailer C,8.65,20,sample
45acp,2026-09-14,Sample Retailer E,36.74,100,sample
45acp,2026-09-14,Sample Retailer D,229.44,500,sample
45acp,2026-09-14,Sample Retailer B,8.95,20,sample
45acp,2026-09-15,Sample Retailer A,101.91,250,sample
45acp,2026-09-15,Sample Retailer B,7.81,20,sample
45acp,2026-09-15,Sample Retailer E,38.9,100,sample
45acp,2026-09-16,Sample Retailer C,212.97,500,sample
45acp,2026-09-16,Sample Retailer D,35.45,100,sample
45acp,2026-09-16,Sample Retailer A,42.87,100,sample
45acp,2026-09-16,Sample Retailer E,199.18,500,sample
45acp,2026-09-17,Sample Retailer D,8.71,20,sample
45acp,2026-09-17,Sample Retailer A,21.2,50,sample
45acp,2026-09-17,Sample Retailer E,8.93,20,sample
45acp,2026-09-17,Sample Retailer C,382.8,1000,sample
45acp,2026-09-18,Sample Retailer A,226.33,500,sample
45acp,2026-09-18,Sample Retailer D,44.08,100,sample
45acp,2026-09-18,Sample Retailer C,92.06,250,sample
45acp,2026-09-19,Sample Retailer A,37.94,100,sample
45acp,2026-09-19,Sample Retailer B,413.99,1000,sample
45acp,2026-09-19,Sample Retailer C,366.81,1000,sample
45acp,2026-09-19,Sample Retailer D,117.95,250,sample
45acp,2026-09-19,Sample Retailer E,21.68,50,sample
45acp,2026-09-20,Sample Retailer E,370.02,1000,sample
45acp,2026-09-20,Sample Retailer D,42.02,100,sample
45acp,2026-09-20,Sample Retailer B,218.54,500,sample
45acp,2026-09-21,Sample Retailer B,200.64,500,sample
45acp,2026-09-21,Sample Retailer E,196.02,500,sample
45acp,2026-09-21,Sample Retailer C,19.73,50,sample
45acp,2026-09-21,Sample Retailer D,38.57,100,sample
45acp,2026-09-21,Sample Retailer A,38.38,100,sample
45acp,2026-09-22,Sample Retailer B,370.8,1000,sample
45acp,2026-09-22,Sample Retailer C,100.84,250,sample
45acp,2026-09-22,Sample Retailer E,9.11,20,sample
45acp,2026-09-23,Sample Retailer A,104.84,250,sample
45acp,2026-09-23,Sample Retailer E,8.8,20,sample
45acp,2026-09-23,Sample Retailer B,415.71,1000,sample
45acp,2026-09-23,Sample Retailer D,109.28,250,sample
45acp,2026-09-24,Sample Retailer E,238.21,500,sample
45acp,2026-09-24,Sample Retailer B,208.6,500,sample
45acp,2026-09-24,Sample Retailer C,39.37,100,sample
45acp,2026-09-24,Sample Retailer D,8.76,20,sample
45acp,2026-09-24,Sample Retailer A,9.42,20,sample
45acp,2026-09-25,Sample Retailer B,91.04,250,sample
45acp,2026-09-25,Sample Retailer D,10.13,20,sample
45acp,2026-09-25,Sample Retailer A,41.32,100,sample
45acp,2026-09-25,Sample Retailer E,423.25,1000,sample
45acp,2026-09-25,Sample Retailer C,106.84,250,sample
45acp,2026-09-26,Sample Retailer B,114.51,250,sample
45acp,2026-09-26,Sample Retailer A,36.06,100,sample
45acp,2026-09-26,Sample Retailer E,35.32,100,sample
45acp,2026-09-27,Sample Retailer C,36.09,100,sample
45acp,2026-09-27,Sample Retailer B,106.16,250,sample
45acp,2026-09-27,Sample Retailer E,45.2,100,sample
45acp,2026-09-27,Sample Retailer A,9.53,20,sample
45acp,2026-09-27,Sample Retailer D,214.03,500,sample
45acp,2026-09-28,Sample Retailer A,36.04,100,sample
45acp,2026-09-28,Sample Retailer C,46.76,100,sample
45acp,2026-09-28,Sample Retailer E,91.12,250,sample
45acp,2026-09-28,Sample Retailer B,27.39,50,sample
45acp,2026-09-28,Sample Retailer D,22.12,50,sample
45acp,2026-09-29,Sample Retailer A,37.91,100,sample
45acp,2026-09-29,Sample Retailer C,101.77,250,sample
45acp,2026-09-29,Sample Retailer E,112.7,250,sample
45acp,2026-09-29,Sample Retailer D,375.29,1000,sample
45acp,2026-09-29,Sample Retailer B,107.02,250,sample
45acp,2026-09-30,Sample Retailer B,202.59,500,sample
45acp,2026-09-30,Sample Retailer A,21.37,50,sample
45acp,2026-09-30,Sample Retailer C,192.47,500,sample
45acp,2026-09-30,Sample Retailer D,40.01,100,sample
45acp,2026-09-30,Sample Retailer E,490.45,1000,sample
45acp,2026-10-01,Sample Retailer C,438.72,1000,sample
45acp,2026-10-01,Sample Retailer E,388.21,1000,sample
45acp,2026-10-01,Sample Retailer D,10.1,20,sample
45acp,2026-10-01,Sample Retailer A,8.0,20,sample
45acp,2026-10-01,Sample Retailer B,7.94,20,sample
45acp,2026-10-02,Sample Retailer A,207.2,500,sample
45acp,2026-10-02,Sample Retailer E,20.18,50,sample
45acp,2026-10-02,Sample Retailer B,390.1,1000,sample
45acp,2026-10-02,Sample Retailer C,20.8,50,sample
45acp,2026-10-03,Sample Retailer B,189.28,500,sample
45acp,2026-10-03,Sample Retailer C,8.37,20,sample
45acp,2026-10-03,Sample Retailer D,9.85,20,sample
45acp,2026-10-04,Sample Retailer B,227.39,500,sample
45acp,2026-10-04,Sample Retailer D,430.32,1000,sample
45acp,2026-10-04,Sample Retailer E,98.2,250,sample
45acp,2026-10-04,Sample Retailer A,42.64,100,sample
45acp,2026-10-05,Sample Retailer B,19.67,50,sample
45acp,2026-10-05,Sample Retailer D,40.55,100,sample
45acp,2026-10-05,Sample Retailer E,8.51,20,sample
45acp,2026-10-05,Sample Retailer A,23.4,50,sample
45acp,2026-10-05,Sample Retailer C,8.24,20,sample
45acp,2026-10-06,Sample Retailer E,24.01,50,sample
45acp,2026-10-06,Sample Retailer A,9.28,20,sample
45acp,2026-10-06,Sample Retailer B,208.79,500,sample
30carbine,2026-06-09,Sample Retailer E,203.02,250,sample
30carbine,2026-06-09,Sample Retailer A,366.37,500,sample
30carbine,2026-06-09,Sample Retailer C,14.3,20,sample
30carbine,2026-06-09,Sample Retailer B,329.4,500,sample
30carbine,2026-06-09,Sample Retailer D,78.82,100,sample
30carbine,2026-06-10,Sample Retailer E,172.14,250,sample
30carbine,2026-06-10,Sample Retailer B,72.7,100,sample
30carbine,2026-06-10,Sample Retailer C,325.29,500,sample
30carbine,2026-06-10,Sample Retailer A,360.15,500,sample
30carbine,2026-06-10,Sample Retailer D,158.56,250,sample
30carbine,2026-06-11,Sample Retailer D,42.07,50,sample
30carbine,2026-06-11,Sample Retailer B,37.79,50,sample
30carbine,2026-06-11,Sample Retailer E,205.27,250,sample
30carbine,2026-06-11,Sample Retailer C,416.03,500,sample
30carbine,2026-06-11,Sample Retailer A,162.3,250,sample
30carbine,2026-06-12,Sample Retailer E,70.88,100,sample
30carbine,2026-06-12,Sample Retailer C,365.61,500,sample
30carbine,2026-06-12,Sample Retailer B,74.4,100,sample
30carbine,2026-06-12,Sample Retailer A,175.63,250,sample
30carbine,2026-06-13,Sample Retailer C,351.38,500,sample
30carbine,2026-06-13,Sample Retailer A,15.11,20,sample
30carbine,2026-06-13,Sample Retailer D,386.92,500,sample
30carbine,2026-06-13,Sample Retailer B,15.6,20,sample
30carbine,2026-06-14,Sample Retailer C,163.1,250,sample
30carbine,2026-06-14,Sample Retailer D,32.37,50,sample
30carbine,2026-06-14,Sample Retailer A,184.77,250,sample
30carbine,2026-06-14,Sample Retailer B,305.2,500,sample
30carbine,2026-06-15,Sample Retailer C,386.33,500,sample
30carbine,2026-06-15,Sample Retailer D,686.62,1000,sample
30carbine,2026-06-15,Sample Retailer A,166.66,250,sample
30carbine,2026-06-15,Sample Retailer E,194.02,250,sample
30carbine,2026-06-15,Sample Retailer B,197.5,250,sample
30carbine,2026-06-16,Sample Retailer E,175.24,250,sample
30carbine,2026-06-16,Sample Retailer B,176.5,250,sample
30carbine,2026-06-16,Sample Retailer A,38.24,50,sample
30carbine,2026-06-16,Sample Retailer C,13.79,20,sample
30carbine,2026-06-17,Sample Retailer C,155.42,250,sample
30carbine,2026-06-17,Sample Retailer A,404.0,500,sample
30carbine,2026-06-17,Sample Retailer B,342.12,500,sample
30carbine,2026-06-17,Sample Retailer D,65.11,100,sample
30carbine,2026-06-18,Sample Retailer D,349.13,500,sample
30carbine,2026-06-18,Sample Retailer C,658.95,1000,sample
30carbine,2026-06-18,Sample Retailer E,359.74,500,sample
30carbine,2026-06-18,Sample Retailer B,347.37,500,sample
30carbine,2026-06-18,Sample Retailer A,162.61,250,sample
30carbine,2026-06-19,Sample Retailer D,74.53,100,sample
30carbine,2026-06-19,Sample Retailer B,41.77,50,sample
30carbine,2026-06-19,Sample Retailer A,38.7,50,sample
30carbine,2026-06-19,Sample Retailer E,685.3,1000,sample
30carbine,2026-06-19,Sample Retailer C,749.12,1000,sample
30carbine,2026-06-20,Sample Retailer C,353.37,500,sample
30carbine,2026-06-20,Sample Retailer D,38.48,50,sample
30carbine,2026-06-20,Sample Retailer E,165.12,250,sample
30carbine,2026-06-20,Sample Retailer B,707.88,1000,sample
30carbine,2026-06-20,Sample Retailer A,77.7,100,sample
30carbine,2026-06-21,Sample Retailer A,359.89,500,sample
30carbine,2026-06-21,Sample Retailer E,75.76,100,sample
30carbine,2026-06-21,Sample Retailer C,79.81,100,sample
30carbine,2026-06-22,Sample Retailer E,82.46,100,sample
30carbine,2026-06-22,Sample Retailer B,169.43,250,sample
30carbine,2026-06-22,Sample Retailer A,15.43,20,sample
30carbine,2026-06-22,Sample Retailer D,174.61,250,sample
30carbine,2026-06-22,Sample Retailer C,636.8,1000,sample
30carbine,2026-06-23,Sample Retailer D,178.7,250,sample
30carbine,2026-06-23,Sample Retailer B,38.03,50,sample
30carbine,2026-06-23,Sample Retailer C,41.53,50,sample
30carbine,2026-06-23,Sample Retailer E,39.63,50,sample
30carbine,2026-06-24,Sample Retailer C,351.62,500,sample
30carbine,2026-06-24,Sample Retailer B,215.09,250,sample
30carbine,2026-06-24,Sample Retailer D,377.32,500,sample
30carbine,2026-06-25,Sample Retailer E,16.24,20,sample
30carbine,2026-06-25,Sample Retailer B,392.06,500,sample
30carbine,2026-06-25,Sample Retailer D,70.59,100,sample
30carbine,2026-06-25,Sample Retailer A,333.54,500,sample
30carbine,2026-06-26,Sample Retailer D,184.79,250,sample
30carbine,2026-06-26,Sample Retailer C,182.48,250,sample
30carbine,2026-06-26,Sample Retailer E,727.36,1000,sample
30carbine,2026-06-27,Sample Retailer C,46.98,50,sample
30carbine,2026-06-27,Sample Retailer B,169.64,250,sample
30carbine,2026-06-27,Sample Retailer D,39.12,50,sample
30carbine,2026-06-27,Sample Retailer A,15.22,20,sample
30carbine,2026-06-28,Sample Retailer D,740.64,1000,sample
30carbine,2026-06-28,Sample Retailer B,170.49,250,sample
30carbine,2026-06-28,Sample Retailer C,316.12,500,sample
30carbine,2026-06-29,Sample Retailer B,343.67,500,sample
30carbine,2026-06-29,Sample Retailer E,68.75,100,sample
30carbine,2026-06-29,Sample Retailer A,158.79,250,sample
30carbine,2026-06-29,Sample Retailer D,157.77,250,sample
30carbine,2026-06-29,Sample Retailer C,66.33,100,sample
30carbine,2026-06-30,Sample Retailer D,69.36,100,sample
30carbine,2026-06-30,Sample Retailer C,189.68,250,sample
30carbine,2026-06-30,Sample Retailer E,78.22,100,sample
30carbine,2026-07-01,Sample Retailer B,381.39,500,sample
30carbine,2026-07-01,Sample Retailer E,737.84,1000,sample
30carbine,2026-07-01,Sample Retailer D,70.3,100,sample
30carbine,2026-07-02,Sample Retailer D,855.59,1000,sample
30carbine,2026-07-02,Sample Retailer B,73.2,100,sample
30carbine,2026-07-02,Sample Retailer E,161.29,250,sample
30carbine,2026-07-02,Sample Retailer A,420.92,500,sample
30carbine,2026-07-03,Sample Retailer A,16.78,20,sample
30carbine,2026-07-03,Sample Retailer E,84.23,100,sample
30carbine,2026-07-03,Sample Retailer C,358.7,500,sample
30carbine,2026-07-03,Sample Retailer B,166.48,250,sample
30carbine,2026-07-04,Sample Retailer D,354.23,500,sample
30carbine,2026-07-04,Sample Retailer A,15.55,20,sample
30carbine,2026-07-04,Sample Retailer C,362.38,500,sample
30carbine,2026-07-04,Sample Retailer B,184.76,250,sample
30carbine,2026-07-05,Sample Retailer A,185.26,250,sample
30carbine,2026-07-05,Sample Retailer E,46.98,50,sample
30carbine,2026-07-05,Sample Retailer D,35.37,50,sample
30carbine,2026-07-06,Sample Retailer D,36.47,50,sample
30carbine,2026-07-06,Sample Retailer B,184.18,250,sample
30carbine,2026-07-06,Sample Retailer E,18.51,20,sample
30carbine,2026-07-06,Sample Retailer A,16.26,20,sample
30carbine,2026-07-07,Sample Retailer D,73.85,100,sample
30carbine,2026-07-07,Sample Retailer C,385.82,500,sample
30carbine,2026-07-07,Sample Retailer E,185.11,250,sample
30carbine,2026-07-07,Sample Retailer A,714.6,1000,sample
30carbine,2026-07-08,Sample Retailer B,15.46,20,sample
30carbine,2026-07-08,Sample Retailer C,711.82,1000,sample
30carbine,2026-07-08,Sample Retailer D,37.51,50,sample
30carbine,2026-07-09,Sample Retailer D,345.91,500,sample
30carbine,2026-07-09,Sample Retailer A,715.22,1000,sample
30carbine,2026-07-09,Sample Retailer B,166.33,250,sample
30carbine,2026-07-10,Sample Retailer A,15.25,20,sample
30carbine,2026-07-10,Sample Retailer D,16.06,20,sample
30carbine,2026-07-10,Sample Retailer E,764.86,1000,sample
30carbine,2026-07-11,Sample Retailer C,199.66,250,sample
30carbine,2026-07-11,Sample Retailer A,368.72,500,sample
30carbine,2026-07-11,Sample Retailer D,39.93,50,sample
30carbine,2026-07-11,Sample Retailer E,422.01,500,sample
30carbine,2026-07-12,Sample Retailer A,193.41,250,sample
30carbine,2026-07-12,Sample Retailer D,176.85,250,sample
30carbine,2026-07-12,Sample Retailer E,368.79,500,sample
30carbine,2026-07-12,Sample Retailer C,15.91,20,sample
30carbine,2026-07-12,Sample Retailer B,38.76,50,sample
30carbine,2026-07-13,Sample Retailer E,392.6,500,sample
30carbine,2026-07-13,Sample Retailer B,40.08,50,sample
30carbine,2026-07-13,Sample Retailer A,775.7,1000,sample
30carbine,2026-07-13,Sample Retailer D,211.62,250,sample
30carbine,2026-07-14,Sample Retailer C,15.28,20,sample
30carbine,2026-07-14,Sample Retailer D,78.23,100,sample
30carbine,2026-07-14,Sample Retailer E,40.92,50,sample
30carbine,2026-07-14,Sample Retailer A,16.19,20,sample
30carbine,2026-07-15,Sample Retailer C,13.94,20,sample
30carbine,2026-07-15,Sample Retailer D,42.98,50,sample
30carbine,2026-07-15,Sample Retailer B,400.16,500,sample
30carbine,2026-07-15,Sample Retailer E,82.03,100,sample
30carbine,2026-07-15,Sample Retailer A,73.98,100,sample
30carbine,2026-07-16,Sample Retailer A,78.01,100,sample
30carbine,2026-07-16,Sample Retailer D,628.74,1000,sample
30carbine,2026-07-16,Sample Retailer E,784.23,1000,sample
30carbine,2026-07-16,Sample Retailer B,416.07,500,sample
30carbine,2026-07-16,Sample Retailer C,17.36,20,sample
30carbine,2026-07-17,Sample Retailer C,167.23,250,sample
30carbine,2026-07-17,Sample Retailer A,15.65,20,sample
30carbine,2026-07-17,Sample Retailer E,77.18,100,sample
30carbine,2026-07-17,Sample Retailer B,42.03,50,sample
30carbine,2026-07-17,Sample Retailer D,44.29,50,sample
30carbine,2026-07-18,Sample Retailer A,78.75,100,sample
30carbine,2026-07-18,Sample Retailer D,729.28,1000,sample
30carbine,2026-07-18,Sample Retailer B,18.94,20,sample
30carbine,2026-07-18,Sample Retailer C,227.56,250,sample
30carbine,2026-07-18,Sample Retailer E,619.72,1000,sample
30carbine,2026-07-19,Sample Retailer C,66.74,100,sample
30carbine,2026-07-19,Sample Retailer E,40.37,50,sample
30carbine,2026-07-19,Sample Retailer D,187.45,250,sample
30carbine,2026-07-20,Sample Retailer C,73.56,100,sample
30carbine,2026-07-20,Sample Retailer B,16.3,20,sample
30carbine,2026-07-20,Sample Retailer D,353.41,500,sample
30carbine,2026-07-21,Sample Retailer B,735.89,1000,sample
30carbine,2026-07-21,Sample Retailer D,356.96,500,sample
30carbine,2026-07-21,Sample Retailer E,761.67,1000,sample
30carbine,2026-07-21,Sample Retailer A,40.26,50,sample
30carbine,2026-07-21,Sample Retailer C,681.09,1000,sample
30carbine,2026-07-22,Sample Retailer D,17.26,20,sample
30carbine,2026-07-22,Sample Retailer C,348.64,500,sample
30carbine,2026-07-22,Sample Retailer E,653.65,1000,sample
30carbine,2026-07-22,Sample Retailer B,75.33,100,sample
30carbine,2026-07-23,Sample Retailer D,71.17,100,sample
30carbine,2026-07-23,Sample Retailer E,379.89,500,sample
30carbine,2026-07-23,Sample Retailer C,79.8,100,sample
30carbine,2026-07-23,Sample Retailer B,44.16,50,sample
30carbine,2026-07-24,Sample Retailer C,70.14,100,sample
30carbine,2026-07-24,Sample Retailer A,360.14,500,sample
30carbine,2026-07-24,Sample Retailer D,44.29,50,sample
30carbine,2026-07-25,Sample Retailer D,202.87,250,sample
30carbine,2026-07-25,Sample Retailer B,13.74,20,sample
30carbine,2026-07-25,Sample Retailer A,379.76,500,sample
30carbine,2026-07-25,Sample Retailer C,67.91,100,sample
30carbine,2026-07-26,Sample Retailer C,202.51,250,sample
30carbine,2026-07-26,Sample Retailer A,180.63,250,sample
30carbine,2026-07-26,Sample Retailer D,681.11,1000,sample
30carbine,2026-07-27,Sample Retailer C,645.79,1000,sample
30carbine,2026-07-27,Sample Retailer A,46.09,50,sample
30carbine,2026-07-27,Sample Retailer E,716.77,1000,sample
30carbine,2026-07-27,Sample Retailer B,76.88,100,sample
30carbine,2026-07-27,Sample Retailer D,17.22,20,sample
30carbine,2026-07-28,Sample Retailer A,763.36,1000,sample
30carbine,2026-07-28,Sample Retailer E,161.2,250,sample
30carbine,2026-07-28,Sample Retailer B,74.95,100,sample
30carbine,2026-07-28,Sample Retailer D,71.96,100,sample
30carbine,2026-07-29,Sample Retailer E,71.85,100,sample
30carbine,2026-07-29,Sample Retailer B,668.63,1000,sample
30carbine,2026-07-29,Sample Retailer C,17.31,20,sample
30carbine,2026-07-30,Sample Retailer A,393.74,500,sample
30carbine,2026-07-30,Sample Retailer C,74.33,100,sample
30carbine,2026-07-30,Sample Retailer E,349.83,500,sample
30carbine,2026-07-31,Sample Retailer C,193.43,250,sample
30carbine,2026-07-31,Sample Retailer B,365.85,500,sample
30carbine,2026-07-31,Sample Retailer A,789.43,1000,sample
30carbine,2026-08-01,Sample Retailer B,369.86,500,sample
30carbine,2026-08-01,Sample Retailer D,43.42,50,sample
30carbine,2026-08-01,Sample Retailer E,318.89,500,sample
30carbine,2026-08-01,Sample Retailer C,44.95,50,sample
30carbine,2026-08-01,Sample Retailer A,192.02,250,sample
30carbine,2026-08-02,Sample Retailer A,16.56,20,sample
30carbine,2026-08-02,Sample Retailer B,380.46,500,sample
30carbine,2026-08-02,Sample Retailer C,78.39,100,sample
30carbine,2026-08-02,Sample Retailer D,17.12,20,sample
30carbine,2026-08-03,Sample Retailer E,197.52,250,sample
30carbine,2026-08-03,Sample Retailer B,774.05,1000,sample
30carbine,2026-08-03,Sample Retailer C,79.64,100,sample
30carbine,2026-08-03,Sample Retailer A,767.74,1000,sample
30carbine,2026-08-03,Sample Retailer D,77.9,100,sample
30carbine,2026-08-04,Sample Retailer E,190.74,250,sample
30carbine,2026-08-04,Sample Retailer C,13.39,20,sample
30carbine,2026-08-04,Sample Retailer D,204.54,250,sample
30carbine,2026-08-04,Sample Retailer A,39.85,50,sample
30carbine,2026-08-04,Sample Retailer B,191.23,250,sample
30carbine,2026-08-05,Sample Retailer A,731.2,1000,sample
30carbine,2026-08-05,Sample Retailer D,389.62,500,sample
30carbine,2026-08-05,Sample Retailer B,40.71,50,sample
30carbine,2026-08-05,Sample Retailer E,70.45,100,sample
30carbine,2026-08-05,Sample Retailer C,161.52,250,sample
30carbine,2026-08-06,Sample Retailer A,78.7,100,sample
30carbine,2026-08-06,Sample Retailer B,71.93,100,sample
30carbine,2026-08-06,Sample Retailer E,311.9,500,sample
30carbine,2026-08-07,Sample Retailer E,19.1,20,sample
30carbine,2026-08-07,Sample Retailer C,774.43,1000,sample
30carbine,2026-08-07,Sample Retailer A,74.92,100,sample
30carbine,2026-08-07,Sample Retailer D,193.48,250,sample
30carbine,2026-08-07,Sample Retailer B,17.74,20,sample
30carbine,2026-08-08,Sample Retailer E,744.98,1000,sample
30carbine,2026-08-08,Sample Retailer B,742.08,1000,sample
30carbine,2026-08-08,Sample Retailer A,762.92,1000,sample
30carbine,2026-08-09,Sample Retailer E,414.93,500,sample
30carbine,2026-08-09,Sample Retailer A,43.03,50,sample
30carbine,2026-08-09,Sample Retailer D,38.05,50,sample
30carbine,2026-08-09,Sample Retailer B,80.51,100,sample
30carbine,2026-08-09,Sample Retailer C,42.58,50,sample
30carbine,2026-08-10,Sample Retailer D,70.7,100,sample
30carbine,2026-08-10,Sample Retailer E,206.73,250,sample
30carbine,2026-08-10,Sample Retailer B,38.69,50,sample
30carbine,2026-08-10,Sample Retailer A,44.94,50,sample
30carbine,2026-08-11,Sample Retailer B,16.49,20,sample
30carbine,2026-08-11,Sample Retailer A,14.1,20,sample
30carbine,2026-08-11,Sample Retailer D,745.8,1000,sample
30carbine,2026-08-11,Sample Retailer C,34.47,50,sample
30carbine,2026-08-12,Sample Retailer C,15.22,20,sample
30carbine,2026-08-12,Sample Retailer A,66.07,100,sample
30carbine,2026-08-12,Sample Retailer B,767.05,1000,sample
30carbine,2026-08-12,Sample Retailer D,14.67,20,sample
30carbine,2026-08-13,Sample Retailer D,682.58,1000,sample
30carbine,2026-08-13,Sample Retailer A,714.86,1000,sample
30carbine,2026-08-13,Sample Retailer E,70.02,100,sample
30carbine,2026-08-13,Sample Retailer C,410.95,500,sample
30carbine,2026-08-14,Sample Retailer C,650.58,1000,sample
30carbine,2026-08-14,Sample Retailer A,169.51,250,sample
30carbine,2026-08-14,Sample Retailer B,172.35,250,sample
30carbine,2026-08-15,Sample Retailer E,402.96,500,sample
30carbine,2026-08-15,Sample Retailer B,380.64,500,sample
30carbine,2026-08-15,Sample Retailer D,72.79,100,sample
30carbine,2026-08-15,Sample Retailer A,69.6,100,sample
30carbine,2026-08-16,Sample Retailer E,43.54,50,sample
30carbine,2026-08-16,Sample Retailer B,639.6,1000,sample
30carbine,2026-08-16,Sample Retailer A,68.68,100,sample
30carbine,2026-08-17,Sample Retailer B,15.22,20,sample
30carbine,2026-08-17,Sample Retailer D,17.23,20,sample
30carbine,2026-08-17,Sample Retailer C,172.65,250,sample
30carbine,2026-08-17,Sample Retailer E,39.39,50,sample
30carbine,2026-08-18,Sample Retailer B,70.36,100,sample
30carbine,2026-08-18,Sample Retailer A,734.63,1000,sample
30carbine,2026-08-18,Sample Retailer C,39.95,50,sample
30carbine,2026-08-18,Sample Retailer D,36.12,50,sample
30carbine,2026-08-18,Sample Retailer E,73.16,100,sample
30carbine,2026-08-19,Sample Retailer B,37.85,50,sample
30carbine,2026-08-19,Sample Retailer D,15.83,20,sample
30carbine,2026-08-19,Sample Retailer A,15.21,20,sample
30carbine,2026-08-19,Sample Retailer C,61.72,100,sample
30carbine,2026-08-20,Sample Retailer A,72.4,100,sample
30carbine,2026-08-20,Sample Retailer C,375.85,500,sample
30carbine,2026-08-20,Sample Retailer E,187.74,250,sample
30carbine,2026-08-20,Sample Retailer D,367.08,500,sample
30carbine,2026-08-21,Sample Retailer C,16.95,20,sample
30carbine,2026-08-21,Sample Retailer E,816.03,1000,sample
30carbine,2026-08-21,Sample Retailer B,193.63,250,sample
30carbine,2026-08-21,Sample Retailer D,171.75,250,sample
30carbine,2026-08-22,Sample Retailer E,17.25,20,sample
30carbine,2026-08-22,Sample Retailer A,742.4,1000,sample
30carbine,2026-08-22,Sample Retailer B,79.51,100,sample
30carbine,2026-08-22,Sample Retailer D,64.71,100,sample
30carbine,2026-08-22,Sample Retailer C,73.25,100,sample
30carbine,2026-08-23,Sample Retailer C,77.38,100,sample
30carbine,2026-08-23,Sample Retailer E,818.8,1000,sample
30carbine,2026-08-23,Sample Retailer D,424.0,500,sample
30carbine,2026-08-24,Sample Retailer D,14.54,20,sample
30carbine,2026-08-24,Sample Retailer C,404.19,500,sample
30carbine,2026-08-24,Sample Retailer B,705.66,1000,sample
30carbine,2026-08-24,Sample Retailer E,171.55,250,sample
30carbine,2026-08-24,Sample Retailer A,44.49,50,sample
30carbine,2026-08-25,Sample Retailer E,363.65,500,sample
30carbine,2026-08-25,Sample Retailer C,184.79,250,sample
30carbine,2026-08-25,Sample Retailer B,16.46,20,sample
30carbine,2026-08-25,Sample Retailer D,16.75,20,sample
30carbine,2026-08-25,Sample Retailer A,41.35,50,sample
30carbine,2026-08-26,Sample Retailer D,351.94,500,sample
30carbine,2026-08-26,Sample Retailer B,187.37,250,sample
30carbine,2026-08-26,Sample Retailer E,385.95,500,sample
30carbine,2026-08-26,Sample Retailer A,75.07,100,sample
30carbine,2026-08-26,Sample Retailer C,390.73,500,sample
30carbine,2026-08-27,Sample Retailer D,708.14,1000,sample
30carbine,2026-08-27,Sample Retailer A,710.32,1000,sample
30carbine,2026-08-27,Sample Retailer B,192.4,250,sample
30carbine,2026-08-28,Sample Retailer B,37.73,50,sample
30carbine,2026-08-28,Sample Retailer E,81.47,100,sample
30carbine,2026-08-28,Sample Retailer A,14.75,20,sample
30carbine,2026-08-28,Sample Retailer C,40.74,50,sample
30carbine,2026-08-29,Sample Retailer E,38.09,50,sample
30carbine,2026-08-29,Sample Retailer D,796.22,1000,sample
30carbine,2026-08-29,Sample Retailer B,79.34,100,sample
30carbine,2026-08-30,Sample Retailer B,347.03,500,sample
30carbine,2026-08-30,Sample Retailer C,15.51,20,sample
30carbine,2026-08-30,Sample Retailer A,414.31,500,sample
30carbine,2026-08-30,Sample Retailer D,68.25,100,sample
30carbine,2026-08-30,Sample Retailer E,16.03,20,sample
30carbine,2026-08-31,Sample Retailer B,737.88,1000,sample
30carbine,2026-08-31,Sample Retailer A,394.28,500,sample
30carbine,2026-08-31,Sample Retailer C,666.46,1000,sample
30carbine,2026-09-01,Sample Retailer B,179.5,250,sample
30carbine,2026-09-01,Sample Retailer A,686.78,1000,sample
30carbine,2026-09-01,Sample Retailer C,185.43,250,sample
30carbine,2026-09-01,Sample Retailer E,15.59,20,sample
30carbine,2026-09-01,Sample Retailer D,33.8,50,sample
30carbine,2026-09-02,Sample Retailer C,715.77,1000,sample
30carbine,2026-09-02,Sample Retailer A,47.13,50,sample
30carbine,2026-09-02,Sample Retailer E,379.67,500,sample
30carbine,2026-09-03,Sample Retailer E,14.59,20,sample
30carbine,2026-09-03,Sample Retailer B,204.5,250,sample
30carbine,2026-09-03,Sample Retailer C,182.87,250,sample
30carbine,2026-09-03,Sample Retailer A,382.95,500,sample
30carbine,2026-09-04,Sample Retailer B,73.42,100,sample
30carbine,2026-09-04,Sample Retailer A,336.18,500,sample
30carbine,2026-09-04,Sample Retailer D,37.62,50,sample
30carbine,2026-09-05,Sample Retailer E,386.11,500,sample
30carbine,2026-09-05,Sample Retailer A,16.21,20,sample
30carbine,2026-09-05,Sample Retailer D,48.23,50,sample
30carbine,2026-09-05,Sample Retailer C,383.43,500,sample
30carbine,2026-09-06,Sample Retailer C,195.75,250,sample
30carbine,2026-09-06,Sample Retailer A,186.0,250,sample
30carbine,2026-09-06,Sample Retailer B,42.58,50,sample
30carbine,2026-09-07,Sample Retailer B,40.5,50,sample
30carbine,2026-09-07,Sample Retailer A,348.23,500,sample
30carbine,2026-09-07,Sample Retailer C,16.42,20,sample
30carbine,2026-09-07,Sample Retailer D,388.26,500,sample
30carbine,2026-09-08,Sample Retailer C,38.21,50,sample
30carbine,2026-09-08,Sample Retailer A,38.36,50,sample
30carbine,2026-09-08,Sample Retailer B,170.03,250,sample
30carbine,2026-09-08,Sample Retailer E,208.54,250,sample
30carbine,2026-09-09,Sample Retailer C,719.83,1000,sample
30carbine,2026-09-09,Sample Retailer E,39.43,50,sample
30carbine,2026-09-09,Sample Retailer A,188.74,250,sample
30carbine,2026-09-09,Sample Retailer D,20.09,20,sample
30carbine,2026-09-09,Sample Retailer B,39.66,50,sample
30carbine,2026-09-10,Sample Retailer E,385.72,500,sample
30carbine,2026-09-10,Sample Retailer C,80.97,100,sample
30carbine,2026-09-10,Sample Retailer A,39.53,50,sample
30carbine,2026-09-10,Sample Retailer B,165.55,250,sample
30carbine,2026-09-11,Sample Retailer B,74.7,100,sample
30carbine,2026-09-11,Sample Retailer D,78.92,100,sample
30carbine,2026-09-11,Sample Retailer E,43.96,50,sample
30carbine,2026-09-11,Sample Retailer A,17.34,20,sample
30carbine,2026-09-11,Sample Retailer C,45.73,50,sample
30carbine,2026-09-12,Sample Retailer A,16.0,20,sample
30carbine,2026-09-12,Sample Retailer E,186.87,250,sample
30carbine,2026-09-12,Sample Retailer B,78.12,100,sample
30carbine,2026-09-12,Sample Retailer D,15.1,20,sample
30carbine,2026-09-13,Sample Retailer E,743.05,1000,sample
30carbine,2026-09-13,Sample Retailer B,366.38,500,sample
30carbine,2026-09-13,Sample Retailer C,39.21,50,sample
30carbine,2026-09-13,Sample Retailer D,603.98,1000,sample
30carbine,2026-09-13,Sample Retailer A,347.12,500,sample
30carbine,2026-09-14,Sample Retailer E,17.29,20,sample
30carbine,2026-09-14,Sample Retailer B,77.71,100,sample
30carbine,2026-09-14,Sample Retailer C,173.26,250,sample
30carbine,2026-09-14,Sample Retailer D,387.13,500,sample
30carbine,2026-09-14,Sample Retailer A,728.27,1000,sample
30carbine,2026-09-15,Sample Retailer D,40.39,50,sample
30carbine,2026-09-15,Sample Retailer E,217.62,250,sample
30carbine,2026-09-15,Sample Retailer C,207.07,250,sample
30carbine,2026-09-16,Sample Retailer D,179.08,250,sample
30carbine,2026-09-16,Sample Retailer C,905.1,1000,sample
30carbine,2026-09-16,Sample Retailer E,61.69,100,sample
30carbine,2026-09-17,Sample Retailer D,186.99,250,sample
30carbine,2026-09-17,Sample Retailer C,180.87,250,sample
30carbine,2026-09-17,Sample Retailer E,47.67,50,sample
30carbine,2026-09-17,Sample Retailer A,15.81,20,sample
30carbine,2026-09-17,Sample Retailer B,17.47,20,sample
30carbine,2026-09-18,Sample Retailer B,42.56,50,sample
30carbine,2026-09-18,Sample Retailer A,80.65,100,sample
30carbine,2026-09-18,Sample Retailer D,64.77,100,sample
30carbine,2026-09-18,Sample Retailer C,190.19,250,sample
30carbine,2026-09-19,Sample Retailer A,635.76,1000,sample
30carbine,2026-09-19,Sample Retailer B,182.04,250,sample
30carbine,2026-09-19,Sample Retailer D,41.98,50,sample
30carbine,2026-09-19,Sample Retailer C,67.73,100,sample
30carbine,2026-09-20,Sample Retailer E,750.97,1000,sample
30carbine,2026-09-20,Sample Retailer D,40.99,50,sample
30carbine,2026-09-20,Sample Retailer B,81.62,100,sample
30carbine,2026-09-21,Sample Retailer D,39.32,50,sample
30carbine,2026-09-21,Sample Retailer E,379.24,500,sample
30carbine,2026-09-21,Sample Retailer C,179.3,250,sample
30carbine,2026-09-21,Sample Retailer A,163.35,250,sample
30carbine,2026-09-21,Sample Retailer B,74.66,100,sample
30carbine,2026-09-22,Sample Retailer D,356.49,500,sample
30carbine,2026-09-22,Sample Retailer E,200.99,250,sample
30carbine,2026-09-22,Sample Retailer B,345.66,500,sample
30carbine,2026-09-22,Sample Retailer A,37.9,50,sample
30carbine,2026-09-23,Sample Retailer B,17.7,20,sample
30carbine,2026-09-23,Sample Retailer C,388.45,500,sample
30carbine,2026-09-23,Sample Retailer E,189.69,250,sample
30carbine,2026-09-23,Sample Retailer D,416.35,500,sample
30carbine,2026-09-24,Sample Retailer C,40.75,50,sample
30carbine,2026-09-24,Sample Retailer D,77.12,100,sample
30carbine,2026-09-24,Sample Retailer E,418.45,500,sample
30carbine,2026-09-25,Sample Retailer E,396.97,500,sample
30carbine,2026-09-25,Sample Retailer A,17.04,20,sample
30carbine,2026-09-25,Sample Retailer C,729.98,1000,sample
30carbine,2026-09-26,Sample Retailer C,36.41,50,sample
30carbine,2026-09-26,Sample Retailer B,191.91,250,sample
30carbine,2026-09-26,Sample Retailer D,35.45,50,sample
30carbine,2026-09-27,Sample Retailer B,40.22,50,sample
30carbine,2026-09-27,Sample Retailer A,735.89,1000,sample
30carbine,2026-09-27,Sample Retailer C,75.6,100,sample
30carbine,2026-09-28,Sample Retailer D,16.09,20,sample
30carbine,2026-09-28,Sample Retailer C,43.17,50,sample
30carbine,2026-09-28,Sample Retailer A,349.78,500,sample
30carbine,2026-09-28,Sample Retailer B,421.3,500,sample
30carbine,2026-09-28,Sample Retailer E,66.01,100,sample
30carbine,2026-09-29,Sample Retailer A,17.46,20,sample
30carbine,2026-09-29,Sample Retailer B,83.23,100,sample
30carbine,2026-09-29,Sample Retailer C,73.36,100,sample
30carbine,2026-09-29,Sample Retailer E,797.1,1000,sample
30carbine,2026-09-30,Sample Retailer E,198.56,250,sample
30carbine,2026-09-30,Sample Retailer C,15.89,20,sample
30carbine,2026-09-30,Sample Retailer D,173.52,250,sample
30carbine,2026-10-01,Sample Retailer D,17.42,20,sample
30carbine,2026-10-01,Sample Retailer B,15.46,20,sample
30carbine,2026-10-01,Sample Retailer C,15.76,20,sample
30carbine,2026-10-01,Sample Retailer E,73.07,100,sample
30carbine,2026-10-01,Sample Retailer A,38.9,50,sample
30carbine,2026-10-02,Sample Retailer C,336.4,500,sample
30carbine,2026-10-02,Sample Retailer A,14.66,20,sample
30carbine,2026-10-02,Sample Retailer E,65.76,100,sample
30carbine,2026-10-03,Sample Retailer E,707.04,1000,sample
30carbine,2026-10-03,Sample Retailer D,168.57,250,sample
30carbine,2026-10-03,Sample Retailer A,17.6,20,sample
30carbine,2026-10-03,Sample Retailer B,46.36,50,sample
30carbine,2026-10-03,Sample Retailer C,15.79,20,sample
30carbine,2026-10-04,Sample Retailer B,715.23,1000,sample
30carbine,2026-10-04,Sample Retailer A,86.85,100,sample
30carbine,2026-10-04,Sample Retailer E,15.68,20,sample
30carbine,2026-10-04,Sample Retailer D,184.58,250,sample
30carbine,2026-10-04,Sample Retailer C,43.14,50,sample
30carbine,2026-10-05,Sample Retailer C,189.76,250,sample
30carbine,2026-10-05,Sample Retailer D,745.69,1000,sample
30carbine,2026-10-05,Sample Retailer E,15.3,20,sample
30carbine,2026-10-05,Sample Retailer B,16.92,20,sample
30carbine,2026-10-06,Sample Retailer A,772.44,1000,sample
30carbine,2026-10-06,Sample Retailer E,194.58,250,sample
30carbine,2026-10-06,Sample Retailer B,17.03,20,sample
30carbine,2026-10-06,Sample Retailer D,78.32,100,sample
3006-m2,2026-06-09,Sample Retailer A,52.73,50,sample
3006-m2,2026-06-09,Sample Retailer B,58.17,50,sample
3006-m2,2026-06-09,Sample Retailer E,26.18,20,sample
3006-m2,2026-06-09,Sample Retailer D,53.35,50,sample
3006-m2,2026-06-10,Sample Retailer C,551.07,500,sample
3006-m2,2026-06-10,Sample Retailer B,23.61,20,sample
3006-m2,2026-06-10,Sample Retailer E,1114.84,1000,sample
3006-m2,2026-06-10,Sample Retailer D,257.23,250,sample
3006-m2,2026-06-10,Sample Retailer A,554.83,500,sample
3006-m2,2026-06-11,Sample Retailer C,24.39,20,sample
3006-m2,2026-06-11,Sample Retailer E,109.15,100,sample
3006-m2,2026-06-11,Sample Retailer A,60.86,50,sample
3006-m2,2026-06-11,Sample Retailer D,92.74,100,sample
3006-m2,2026-06-12,Sample Retailer B,54.09,50,sample
3006-m2,2026-06-12,Sample Retailer E,1187.53,1000,sample
3006-m2,2026-06-12,Sample Retailer C,275.15,250,sample
3006-m2,2026-06-13,Sample Retailer B,110.97,100,sample
3006-m2,2026-06-13,Sample Retailer A,94.32,100,sample
3006-m2,2026-06-13,Sample Retailer E,246.3,250,sample
3006-m2,2026-06-13,Sample Retailer C,1097.39,1000,sample
3006-m2,2026-06-14,Sample Retailer C,303.72,250,sample
3006-m2,2026-06-14,Sample Retailer B,515.13,500,sample
3006-m2,2026-06-14,Sample Retailer E,1056.31,1000,sample
3006-m2,2026-06-15,Sample Retailer B,268.14,250,sample
3006-m2,2026-06-15,Sample Retailer C,572.05,500,sample
3006-m2,2026-06-15,Sample Retailer A,238.12,250,sample
3006-m2,2026-06-16,Sample Retailer C,120.49,100,sample
3006-m2,2026-06-16,Sample Retailer B,100.49,100,sample
3006-m2,2026-06-16,Sample Retailer E,973.15,1000,sample
3006-m2,2026-06-17,Sample Retailer D,107.16,100,sample
3006-m2,2026-06-17,Sample Retailer A,279.42,250,sample
3006-m2,2026-06-17,Sample Retailer E,114.56,100,sample
3006-m2,2026-06-18,Sample Retailer E,23.41,20,sample
3006-m2,2026-06-18,Sample Retailer A,992.21,1000,sample
3006-m2,2026-06-18,Sample Retailer C,297.37,250,sample
3006-m2,2026-06-18,Sample Retailer B,98.41,100,sample
3006-m2,2026-06-18,Sample Retailer D,92.23,100,sample
3006-m2,2026-06-19,Sample Retailer B,449.03,500,sample
3006-m2,2026-06-19,Sample Retailer A,22.27,20,sample
3006-m2,2026-06-19,Sample Retailer D,1108.93,1000,sample
3006-m2,2026-06-20,Sample Retailer B,113.27,100,sample
3006-m2,2026-06-20,Sample Retailer D,233.14,250,sample
3006-m2,2026-06-20,Sample Retailer A,1011.97,1000,sample
3006-m2,2026-06-20,Sample Retailer C,245.56,250,sample
3006-m2,2026-06-21,Sample Retailer D,52.32,50,sample
3006-m2,2026-06-21,Sample Retailer C,1141.88,1000,sample
3006-m2,2026-06-21,Sample Retailer B,56.33,50,sample
3006-m2,2026-06-21,Sample Retailer A,116.25,100,sample
3006-m2,2026-06-22,Sample Retailer A,469.0,500,sample
3006-m2,2026-06-22,Sample Retailer C,297.22,250,sample
3006-m2,2026-06-22,Sample Retailer D,23.54,20,sample
3006-m2,2026-06-22,Sample Retailer E,1111.92,1000,sample
3006-m2,2026-06-23,Sample Retailer E,24.73,20,sample
3006-m2,2026-06-23,Sample Retailer B,113.23,100,sample
3006-m2,2026-06-23,Sample Retailer A,262.65,250,sample
3006-m2,2026-06-23,Sample Retailer C,55.72,50,sample
3006-m2,2026-06-24,Sample Retailer E,285.31,250,sample
3006-m2,2026-06-24,Sample Retailer A,498.56,500,sample
3006-m2,2026-06-24,Sample Retailer D,21.01,20,sample
3006-m2,2026-06-24,Sample Retailer B,242.53,250,sample
3006-m2,2026-06-25,Sample Retailer D,101.49,100,sample
3006-m2,2026-06-25,Sample Retailer E,96.86,100,sample
3006-m2,2026-06-25,Sample Retailer C,104.61,100,sample
3006-m2,2026-06-25,Sample Retailer A,1035.77,1000,sample
3006-m2,2026-06-25,Sample Retailer B,440.86,500,sample
3006-m2,2026-06-26,Sample Retailer B,61.03,50,sample
3006-m2,2026-06-26,Sample Retailer E,22.84,20,sample
3006-m2,2026-06-26,Sample Retailer C,1261.84,1000,sample
3006-m2,2026-06-27,Sample Retailer C,65.74,50,sample
3006-m2,2026-06-27,Sample Retailer E,558.94,500,sample
3006-m2,2026-06-27,Sample Retailer D,258.44,250,sample
3006-m2,2026-06-28,Sample Retailer A,21.5,20,sample
3006-m2,2026-06-28,Sample Retailer E,120.83,100,sample
3006-m2,2026-06-28,Sample Retailer D,463.12,500,sample
3006-m2,2026-06-28,Sample Retailer C,478.09,500,sample
3006-m2,2026-06-29,Sample Retailer C,276.08,250,sample
3006-m2,2026-06-29,Sample Retailer B,1065.95,1000,sample
3006-m2,2026-06-29,Sample Retailer D,1119.84,1000,sample
3006-m2,2026-06-30,Sample Retailer D,1189.66,1000,sample
3006-m2,2026-06-30,Sample Retailer A,531.07,500,sample
3006-m2,2026-06-30,Sample Retailer B,270.39,250,sample
3006-m2,2026-06-30,Sample Retailer C,60.25,50,sample
3006-m2,2026-06-30,Sample Retailer E,481.08,500,sample
3006-m2,2026-07-01,Sample Retailer C,99.82,100,sample
3006-m2,2026-07-01,Sample Retailer E,20.78,20,sample
3006-m2,2026-07-01,Sample Retailer D,256.41,250,sample
3006-m2,2026-07-01,Sample Retailer B,23.82,20,sample
3006-m2,2026-07-02,Sample Retailer D,54.71,50,sample
3006-m2,2026-07-02,Sample Retailer A,22.18,20,sample
3006-m2,2026-07-02,Sample Retailer B,545.05,500,sample
3006-m2,2026-07-02,Sample Retailer C,257.24,250,sample
3006-m2,2026-07-02,Sample Retailer E,275.43,250,sample
3006-m2,2026-07-03,Sample Retailer D,261.17,250,sample
3006-m2,2026-07-03,Sample Retailer C,1017.8,1000,sample
3006-m2,2026-07-03,Sample Retailer A,49.0,50,sample
3006-m2,2026-07-03,Sample Retailer E,493.71,500,sample
3006-m2,2026-07-03,Sample Retailer B,54.86,50,sample
3006-m2,2026-07-04,Sample Retailer B,997.31,1000,sample
3006-m2,2026-07-04,Sample Retailer C,558.43,500,sample
3006-m2,2026-07-04,Sample Retailer E,102.45,100,sample
3006-m2,2026-07-05,Sample Retailer D,95.37,100,sample
3006-m2,2026-07-05,Sample Retailer E,20.65,20,sample
3006-m2,2026-07-05,Sample Retailer A,110.23,100,sample
3006-m2,2026-07-05,Sample Retailer C,56.54,50,sample
3006-m2,2026-07-06,Sample Retailer E,511.42,500,sample
3006-m2,2026-07-06,Sample Retailer D,286.71,250,sample
3006-m2,2026-07-06,Sample Retailer B,103.47,100,sample
3006-m2,2026-07-06,Sample Retailer A,939.37,1000,sample
3006-m2,2026-07-07,Sample Retailer E,274.2,250,sample
3006-m2,2026-07-07,Sample Retailer B,933.79,1000,sample
3006-m2,2026-07-07,Sample Retailer A,60.28,50,sample
3006-m2,2026-07-08,Sample Retailer E,1144.29,1000,sample
3006-m2,2026-07-08,Sample Retailer D,108.48,100,sample
3006-m2,2026-07-08,Sample Retailer C,1006.88,1000,sample
3006-m2,2026-07-08,Sample Retailer A,1133.59,1000,sample
3006-m2,2026-07-08,Sample Retailer B,261.55,250,sample
3006-m2,2026-07-09,Sample Retailer B,21.06,20,sample
3006-m2,2026-07-09,Sample Retailer A,122.71,100,sample
3006-m2,2026-07-09,Sample Retailer C,481.5,500,sample
3006-m2,2026-07-09,Sample Retailer D,25.41,20,sample
3006-m2,2026-07-09,Sample Retailer E,51.45,50,sample
3006-m2,2026-07-10,Sample Retailer C,1070.56,1000,sample
3006-m2,2026-07-10,Sample Retailer D,114.69,100,sample
3006-m2,2026-07-10,Sample Retailer A,107.29,100,sample
3006-m2,2026-07-10,Sample Retailer B,24.72,20,sample
3006-m2,2026-07-10,Sample Retailer E,112.47,100,sample
3006-m2,2026-07-11,Sample Retailer B,543.42,500,sample
3006-m2,2026-07-11,Sample Retailer D,22.41,20,sample
3006-m2,2026-07-11,Sample Retailer E,988.88,1000,sample
3006-m2,2026-07-12,Sample Retailer A,250.98,250,sample
3006-m2,2026-07-12,Sample Retailer C,61.33,50,sample
3006-m2,2026-07-12,Sample Retailer D,23.49,20,sample
3006-m2,2026-07-12,Sample Retailer E,22.35,20,sample
3006-m2,2026-07-12,Sample Retailer B,516.81,500,sample
3006-m2,2026-07-13,Sample Retailer D,1016.83,1000,sample
3006-m2,2026-07-13,Sample Retailer E,24.16,20,sample
3006-m2,2026-07-13,Sample Retailer C,105.15,100,sample
3006-m2,2026-07-14,Sample Retailer C,25.59,20,sample
3006-m2,2026-07-14,Sample Retailer B,1020.61,1000,sample
3006-m2,2026-07-14,Sample Retailer A,104.23,100,sample
3006-m2,2026-07-14,Sample Retailer E,315.69,250,sample
3006-m2,2026-07-14,Sample Retailer D,544.52,500,sample
3006-m2,2026-07-15,Sample Retailer C,1033.99,1000,sample
3006-m2,2026-07-15,Sample Retailer E,984.55,1000,sample
3006-m2,2026-07-15,Sample Retailer B,1018.75,1000,sample
3006-m2,2026-07-15,Sample Retailer A,258.56,250,sample
3006-m2,2026-07-15,Sample Retailer D,60.98,50,sample
3006-m2,2026-07-16,Sample Retailer D,532.91,500,sample
3006-m2,2026-07-16,Sample Retailer A,107.89,100,sample
3006-m2,2026-07-16,Sample Retailer E,1051.07,1000,sample
3006-m2,2026-07-17,Sample Retailer B,298.31,250,sample
3006-m2,2026-07-17,Sample Retailer D,1030.87,1000,sample
3006-m2,2026-07-17,Sample Retailer E,512.14,500,sample
3006-m2,2026-07-17,Sample Retailer C,89.78,100,sample
3006-m2,2026-07-17,Sample Retailer A,55.82,50,sample
3006-m2,2026-07-18,Sample Retailer E,66.57,50,sample
3006-m2,2026-07-18,Sample Retailer D,1050.72,1000,sample
3006-m2,2026-07-18,Sample Retailer B,1030.48,1000,sample
3006-m2,2026-07-19,Sample Retailer D,498.86,500,sample
3006-m2,2026-07-19,Sample Retailer C,53.36,50,sample
3006-m2,2026-07-19,Sample Retailer E,1139.02,1000,sample
3006-m2,2026-07-19,Sample Retailer B,234.11,250,sample
3006-m2,2026-07-19,Sample Retailer A,61.42,50,sample
3006-m2,2026-07-20,Sample Retailer D,1291.74,1000,sample
3006-m2,2026-07-20,Sample Retailer E,273.77,250,sample
3006-m2,2026-07-20,Sample Retailer B,1030.34,1000,sample
3006-m2,2026-07-20,Sample Retailer C,546.78,500,sample
3006-m2,2026-07-20,Sample Retailer A,1018.17,1000,sample
3006-m2,2026-07-21,Sample Retailer D,422.42,500,sample
3006-m2,2026-07-21,Sample Retailer C,1053.01,1000,sample
3006-m2,2026-07-21,Sample Retailer A,546.33,500,sample
3006-m2,2026-07-22,Sample Retailer B,608.43,500,sample
3006-m2,2026-07-22,Sample Retailer D,544.61,500,sample
3006-m2,2026-07-22,Sample Retailer E,1076.28,1000,sample
3006-m2,2026-07-22,Sample Retailer C,1142.63,1000,sample
3006-m2,2026-07-22,Sample Retailer A,1069.61,1000,sample
3006-m2,2026-07-23,Sample Retailer D,108.94,100,sample
3006-m2,2026-07-23,Sample Retailer A,63.75,50,sample
3006-m2,2026-07-23,Sample Retailer B,1112.05,1000,sample
3006-m2,2026-07-23,Sample Retailer E,239.61,250,sample
3006-m2,2026-07-24,Sample Retailer E,467.57,500,sample
3006-m2,2026-07-24,Sample Retailer B,100.62,100,sample
3006-m2,2026-07-24,Sample Retailer D,261.55,250,sample
3006-m2,2026-07-24,Sample Retailer A,536.4,500,sample
3006-m2,2026-07-24,Sample Retailer C,95.56,100,sample
3006-m2,2026-07-25,Sample Retailer B,486.14,500,sample
3006-m2,2026-07-25,Sample Retailer C,518.99,500,sample
3006-m2,2026-07-25,Sample Retailer D,283.16,250,sample
3006-m2,2026-07-26,Sample Retailer E,21.36,20,sample
3006-m2,2026-07-26,Sample Retailer A,61.59,50,sample
3006-m2,2026-07-26,Sample Retailer D,1180.93,1000,sample
3006-m2,2026-07-26,Sample Retailer C,56.17,50,sample
3006-m2,2026-07-26,Sample Retailer B,110.81,100,sample
3006-m2,2026-07-27,Sample Retailer B,249.35,250,sample
3006-m2,2026-07-27,Sample Retailer E,57.97,50,sample
3006-m2,2026-07-27,Sample Retailer C,1114.38,1000,sample
3006-m2,2026-07-28,Sample Retailer A,237.15,250,sample
3006-m2,2026-07-28,Sample Retailer D,534.86,500,sample
3006-m2,2026-07-28,Sample Retailer B,310.52,250,sample
3006-m2,2026-07-28,Sample Retailer E,554.92,500,sample
3006-m2,2026-07-29,Sample Retailer D,1011.49,1000,sample
3006-m2,2026-07-29,Sample Retailer C,23.58,20,sample
3006-m2,2026-07-29,Sample Retailer B,65.02,50,sample
3006-m2,2026-07-30,Sample Retailer E,1130.77,1000,sample
3006-m2,2026-07-30,Sample Retailer A,54.78,50,sample
3006-m2,2026-07-30,Sample Retailer D,19.92,20,sample
3006-m2,2026-07-30,Sample Retailer B,111.92,100,sample
3006-m2,2026-07-31,Sample Retailer E,249.98,250,sample
3006-m2,2026-07-31,Sample Retailer D,585.78,500,sample
3006-m2,2026-07-31,Sample Retailer C,1101.48,1000,sample
3006-m2,2026-07-31,Sample Retailer B,292.87,250,sample
3006-m2,2026-07-31,Sample Retailer A,48.74,50,sample
3006-m2,2026-08-01,Sample Retailer D,63.72,50,sample
3006-m2,2026-08-01,Sample Retailer A,56.23,50,sample
3006-m2,2026-08-01,Sample Retailer C,23.75,20,sample
3006-m2,2026-08-02,Sample Retailer D,60.72,50,sample
3006-m2,2026-08-02,Sample Retailer A,93.48,100,sample
3006-m2,2026-08-02,Sample Retailer E,116.91,100,sample
3006-m2,2026-08-03,Sample Retailer E,23.7,20,sample
3006-m2,2026-08-03,Sample Retailer C,53.68,50,sample
3006-m2,2026-08-03,Sample Retailer D,1059.92,1000,sample
3006-m2,2026-08-03,Sample Retailer A,106.03,100,sample
3006-m2,2026-08-03,Sample Retailer B,511.66,500,sample
3006-m2,2026-08-04,Sample Retailer E,562.81,500,sample
3006-m2,2026-08-04,Sample Retailer D,23.17,20,sample
3006-m2,2026-08-04,Sample Retailer C,25.09,20,sample
3006-m2,2026-08-04,Sample Retailer B,269.48,250,sample
3006-m2,2026-08-05,Sample Retailer B,510.9,500,sample
3006-m2,2026-08-05,Sample Retailer E,288.53,250,sample
3006-m2,2026-08-05,Sample Retailer A,60.01,50,sample
3006-m2,2026-08-05,Sample Retailer C,1102.9,1000,sample
3006-m2,2026-08-05,Sample Retailer D,23.39,20,sample
3006-m2,2026-08-06,Sample Retailer E,967.26,1000,sample
3006-m2,2026-08-06,Sample Retailer A,86.09,100,sample
3006-m2,2026-08-06,Sample Retailer D,268.52,250,sample
3006-m2,2026-08-06,Sample Retailer B,21.85,20,sample
3006-m2,2026-08-07,Sample Retailer A,58.14,50,sample
3006-m2,2026-08-07,Sample Retailer C,120.16,100,sample
3006-m2,2026-08-07,Sample Retailer D,24.23,20,sample
3006-m2,2026-08-07,Sample Retailer B,22.78,20,sample
3006-m2,2026-08-07,Sample Retailer E,61.41,50,sample
3006-m2,2026-08-08,Sample Retailer B,22.19,20,sample
3006-m2,2026-08-08,Sample Retailer C,259.67,250,sample
3006-m2,2026-08-08,Sample Retailer E,99.28,100,sample
3006-m2,2026-08-08,Sample Retailer A,121.3,100,sample
3006-m2,2026-08-08,Sample Retailer D,24.77,20,sample
3006-m2,2026-08-09,Sample Retailer A,289.8,250,sample
3006-m2,2026-08-09,Sample Retailer B,1219.54,1000,sample
3006-m2,2026-08-09,Sample Retailer E,23.49,20,sample
3006-m2,2026-08-09,Sample Retailer D,1128.02,1000,sample
3006-m2,2026-08-09,Sample Retailer C,528.27,500,sample
3006-m2,2026-08-10,Sample Retailer B,254.39,250,sample
3006-m2,2026-08-10,Sample Retailer A,110.47,100,sample
3006-m2,2026-08-10,Sample Retailer D,58.78,50,sample
3006-m2,2026-08-10,Sample Retailer E,106.0,100,sample
3006-m2,2026-08-11,Sample Retailer B,65.14,50,sample
3006-m2,2026-08-11,Sample Retailer D,61.61,50,sample
3006-m2,2026-08-11,Sample Retailer C,60.65,50,sample
3006-m2,2026-08-12,Sample Retailer C,21.56,20,sample
3006-m2,2026-08-12,Sample Retailer A,23.72,20,sample
3006-m2,2026-08-12,Sample Retailer B,26.43,20,sample
3006-m2,2026-08-12,Sample Retailer D,560.99,500,sample
3006-m2,2026-08-12,Sample Retailer E,283.32,250,sample
3006-m2,2026-08-13,Sample Retailer D,511.36,500,sample
3006-m2,2026-08-13,Sample Retailer C,506.59,500,sample
3006-m2,2026-08-13,Sample Retailer E,23.3,20,sample
3006-m2,2026-08-13,Sample Retailer B,907.98,1000,sample
3006-m2,2026-08-14,Sample Retailer E,62.82,50,sample
3006-m2,2026-08-14,Sample Retailer B,960.83,1000,sample
3006-m2,2026-08-14,Sample Retailer D,108.14,100,sample
3006-m2,2026-08-14,Sample Retailer A,52.12,50,sample
3006-m2,2026-08-15,Sample Retailer A,603.01,500,sample
3006-m2,2026-08-15,Sample Retailer E,1054.56,1000,sample
3006-m2,2026-08-15,Sample Retailer B,262.06,250,sample
3006-m2,2026-08-15,Sample Retailer D,269.81,250,sample
3006-m2,2026-08-16,Sample Retailer B,25.06,20,sample
3006-m2,2026-08-16,Sample Retailer E,266.25,250,sample
3006-m2,2026-08-16,Sample Retailer C,105.5,100,sample
3006-m2,2026-08-16,Sample Retailer A,23.41,20,sample
3006-m2,2026-08-17,Sample Retailer A,1065.16,1000,sample
3006-m2,2026-08-17,Sample Retailer B,90.54,100,sample
3006-m2,2026-08-17,Sample Retailer E,56.49,50,sample
3006-m2,2026-08-18,Sample Retailer E,58.69,50,sample
3006-m2,2026-08-18,Sample Retailer A,558.46,500,sample
3006-m2,2026-08-18,Sample Retailer B,261.61,250,sample
3006-m2,2026-08-18,Sample Retailer C,54.18,50,sample
3006-m2,2026-08-19,Sample Retailer B,1055.22,1000,sample
3006-m2,2026-08-19,Sample Retailer E,63.53,50,sample
3006-m2,2026-08-19,Sample Retailer A,99.44,100,sample
3006-m2,2026-08-19,Sample Retailer D,1186.1,1000,sample
3006-m2,2026-08-20,Sample Retailer C,263.05,250,sample
3006-m2,2026-08-20,Sample Retailer E,117.57,100,sample
3006-m2,2026-08-20,Sample Retailer D,67.12,50,sample
3006-m2,2026-08-21,Sample Retailer D,55.24,50,sample
3006-m2,2026-08-21,Sample Retailer C,1016.87,1000,sample
3006-m2,2026-08-21,Sample Retailer A,107.31,100,sample
3006-m2,2026-08-21,Sample Retailer B,61.27,50,sample
3006-m2,2026-08-22,Sample Retailer E,1065.75,1000,sample
3006-m2,2026-08-22,Sample Retailer A,568.61,500,sample
3006-m2,2026-08-22,Sample Retailer C,103.19,100,sample
3006-m2,2026-08-22,Sample Retailer B,23.62,20,sample
3006-m2,2026-08-22,Sample Retailer D,27.74,20,sample
3006-m2,2026-08-23,Sample Retailer B,310.49,250,sample
3006-m2,2026-08-23,Sample Retailer E,483.54,500,sample
3006-m2,2026-08-23,Sample Retailer C,1094.44,1000,sample
3006-m2,2026-08-23,Sample Retailer D,1113.75,1000,sample
3006-m2,2026-08-23,Sample Retailer A,570.96,500,sample
3006-m2,2026-08-24,Sample Retailer A,107.66,100,sample
3006-m2,2026-08-24,Sample Retailer E,60.47,50,sample
3006-m2,2026-08-24,Sample Retailer D,544.25,500,sample
3006-m2,2026-08-25,Sample Retailer C,61.14,50,sample
3006-m2,2026-08-25,Sample Retailer B,100.09,100,sample
3006-m2,2026-08-25,Sample Retailer E,55.55,50,sample
3006-m2,2026-08-26,Sample Retailer C,24.01,20,sample
3006-m2,2026-08-26,Sample Retailer B,114.95,100,sample
3006-m2,2026-08-26,Sample Retailer D,62.34,50,sample
3006-m2,2026-08-26,Sample Retailer A,59.52,50,sample
3006-m2,2026-08-27,Sample Retailer D,314.69,250,sample
3006-m2,2026-08-27,Sample Retailer C,63.59,50,sample
3006-m2,2026-08-27,Sample Retailer E,59.48,50,sample
3006-m2,2026-08-27,Sample Retailer B,95.59,100,sample
3006-m2,2026-08-28,Sample Retailer B,24.05,20,sample
3006-m2,2026-08-28,Sample Retailer A,611.95,500,sample
3006-m2,2026-08-28,Sample Retailer E,66.19,50,sample
3006-m2,2026-08-28,Sample Retailer D,61.7,50,sample
3006-m2,2026-08-29,Sample Retailer D,540.55,500,sample
3006-m2,2026-08-29,Sample Retailer E,513.13,500,sample
3006-m2,2026-08-29,Sample Retailer C,523.39,500,sample
3006-m2,2026-08-29,Sample Retailer A,22.36,20,sample
3006-m2,2026-08-29,Sample Retailer B,101.85,100,sample
3006-m2,2026-08-30,Sample Retailer E,1085.75,1000,sample
3006-m2,2026-08-30,Sample Retailer B,1044.08,1000,sample
3006-m2,2026-08-30,Sample Retailer A,253.24,250,sample
3006-m2,2026-08-30,Sample Retailer D,22.51,20,sample
3006-m2,2026-08-30,Sample Retailer C,255.38,250,sample
3006-m2,2026-08-31,Sample Retailer B,559.32,500,sample
3006-m2,2026-08-31,Sample Retailer C,59.57,50,sample
3006-m2,2026-08-31,Sample Retailer A,607.94,500,sample
3006-m2,2026-08-31,Sample Retailer E,290.54,250,sample
3006-m2,2026-08-31,Sample Retailer D,50.47,50,sample
3006-m2,2026-09-01,Sample Retailer A,493.49,500,sample
3006-m2,2026-09-01,Sample Retailer D,550.32,500,sample
3006-m2,2026-09-01,Sample Retailer B,1173.09,1000,sample
3006-m2,2026-09-02,Sample Retailer D,97.24,100,sample
3006-m2,2026-09-02,Sample Retailer C,1017.96,1000,sample
3006-m2,2026-09-02,Sample Retailer A,303.18,250,sample
3006-m2,2026-09-03,Sample Retailer E,1168.32,1000,sample
3006-m2,2026-09-03,Sample Retailer B,578.98,500,sample
3006-m2,2026-09-03,Sample Retailer A,70.9,50,sample
3006-m2,2026-09-03,Sample Retailer C,243.3,250,sample
3006-m2,2026-09-03,Sample Retailer D,113.92,100,sample
3006-m2,2026-09-04,Sample Retailer B,65.77,50,sample
3006-m2,2026-09-04,Sample Retailer C,280.13,250,sample
3006-m2,2026-09-04,Sample Retailer D,102.55,100,sample
3006-m2,2026-09-04,Sample Retailer E,59.8,50,sample
3006-m2,2026-09-05,Sample Retailer E,571.12,500,sample
3006-m2,2026-09-05,Sample Retailer B,245.28,250,sample
3006-m2,2026-09-05,Sample Retailer C,54.69,50,sample
3006-m2,2026-09-06,Sample Retailer B,60.82,50,sample
3006-m2,2026-09-06,Sample Retailer E,265.2,250,sample
3006-m2,2026-09-06,Sample Retailer D,23.43,20,sample
3006-m2,2026-09-07,Sample Retailer C,1257.2,1000,sample
3006-m2,2026-09-07,Sample Retailer B,117.84,100,sample
3006-m2,2026-09-07,Sample Retailer A,569.54,500,sample
3006-m2,2026-09-07,Sample Retailer E,608.63,500,sample
3006-m2,2026-09-07,Sample Retailer D,51.96,50,sample
3006-m2,2026-09-08,Sample Retailer C,58.78,50,sample
3006-m2,2026-09-08,Sample Retailer B,26.3,20,sample
3006-m2,2026-09-08,Sample Retailer A,59.92,50,sample
3006-m2,2026-09-09,Sample Retailer B,1122.08,1000,sample
3006-m2,2026-09-09,Sample Retailer D,496.47,500,sample
3006-m2,2026-09-09,Sample Retailer E,530.03,500,sample
3006-m2,2026-09-09,Sample Retailer A,1052.67,1000,sample
3006-m2,2026-09-09,Sample Retailer C,530.57,500,sample
3006-m2,2026-09-10,Sample Retailer B,549.74,500,sample
3006-m2,2026-09-10,Sample Retailer E,58.53,50,sample
3006-m2,2026-09-10,Sample Retailer D,332.14,250,sample
3006-m2,2026-09-11,Sample Retailer E,488.57,500,sample
3006-m2,2026-09-11,Sample Retailer D,53.66,50,sample
3006-m2,2026-09-11,Sample Retailer B,596.84,500,sample
3006-m2,2026-09-12,Sample Retailer E,251.33,250,sample
3006-m2,2026-09-12,Sample Retailer D,248.05,250,sample
3006-m2,2026-09-12,Sample Retailer C,266.42,250,sample
3006-m2,2026-09-12,Sample Retailer A,105.02,100,sample
3006-m2,2026-09-13,Sample Retailer E,1108.0,1000,sample
3006-m2,2026-09-13,Sample Retailer B,62.49,50,sample
3006-m2,2026-09-13,Sample Retailer D,110.49,100,sample
3006-m2,2026-09-13,Sample Retailer A,24.78,20,sample
3006-m2,2026-09-13,Sample Retailer C,300.34,250,sample
3006-m2,2026-09-14,Sample Retailer A,106.98,100,sample
3006-m2,2026-09-14,Sample Retailer B,953.62,1000,sample
3006-m2,2026-09-14,Sample Retailer E,517.04,500,sample
3006-m2,2026-09-14,Sample Retailer C,1203.34,1000,sample
3006-m2,2026-09-14,Sample Retailer D,57.56,50,sample
3006-m2,2026-09-15,Sample Retailer C,511.93,500,sample
3006-m2,2026-09-15,Sample Retailer B,23.78,20,sample
3006-m2,2026-09-15,Sample Retailer A,242.06,250,sample
3006-m2,2026-09-16,Sample Retailer B,60.26,50,sample
3006-m2,2026-09-16,Sample Retailer C,546.76,500,sample
3006-m2,2026-09-16,Sample Retailer D,103.16,100,sample
3006-m2,2026-09-16,Sample Retailer E,69.49,50,sample
3006-m2,2026-09-16,Sample Retailer A,71.63,50,sample
3006-m2,2026-09-17,Sample Retailer A,484.17,500,sample
3006-m2,2026-09-17,Sample Retailer B,1171.69,1000,sample
3006-m2,2026-09-17,Sample Retailer E,103.66,100,sample
3006-m2,2026-09-18,Sample Retailer A,279.2,250,sample
3006-m2,2026-09-18,Sample Retailer B,612.21,500,sample
3006-m2,2026-09-18,Sample Retailer C,302.12,250,sample
3006-m2,2026-09-18,Sample Retailer D,22.76,20,sample
3006-m2,2026-09-18,Sample Retailer E,106.45,100,sample
3006-m2,2026-09-19,Sample Retailer D,501.71,500,sample
3006-m2,2026-09-19,Sample Retailer E,24.24,20,sample
3006-m2,2026-09-19,Sample Retailer A,251.74,250,sample
3006-m2,2026-09-19,Sample Retailer B,24.27,20,sample
3006-m2,2026-09-20,Sample Retailer B,65.54,50,sample
3006-m2,2026-09-20,Sample Retailer E,1185.28,1000,sample
3006-m2,2026-09-20,Sample Retailer D,110.01,100,sample
3006-m2,2026-09-20,Sample Retailer A,252.11,250,sample
3006-m2,2026-09-21,Sample Retailer A,505.84,500,sample
3006-m2,2026-09-21,Sample Retailer D,57.58,50,sample
3006-m2,2026-09-21,Sample Retailer B,254.75,250,sample
3006-m2,2026-09-21,Sample Retailer E,115.41,100,sample
3006-m2,2026-09-21,Sample Retailer C,496.74,500,sample
3006-m2,2026-09-22,Sample Retailer C,108.07,100,sample
3006-m2,2026-09-22,Sample Retailer E,100.46,100,sample
3006-m2,2026-09-22,Sample Retailer A,25.89,20,sample
3006-m2,2026-09-22,Sample Retailer B,465.4,500,sample
3006-m2,2026-09-22,Sample Retailer D,248.34,250,sample
3006-m2,2026-09-23,Sample Retailer D,27.14,20,sample
3006-m2,2026-09-23,Sample Retailer C,1151.75,1000,sample
3006-m2,2026-09-23,Sample Retailer A,266.65,250,sample
3006-m2,2026-09-23,Sample Retailer B,23.22,20,sample
3006-m2,2026-09-24,Sample Retailer E,116.19,100,sample
3006-m2,2026-09-24,Sample Retailer B,271.64,250,sample
3006-m2,2026-09-24,Sample Retailer A,298.61,250,sample
3006-m2,2026-09-24,Sample Retailer D,243.03,250,sample
3006-m2,2026-09-25,Sample Retailer E,116.97,100,sample
3006-m2,2026-09-25,Sample Retailer C,527.01,500,sample
3006-m2,2026-09-25,Sample Retailer D,24.62,20,sample
3006-m2,2026-09-25,Sample Retailer A,1040.41,1000,sample
3006-m2,2026-09-26,Sample Retailer A,51.21,50,sample
3006-m2,2026-09-26,Sample Retailer D,20.29,20,sample
3006-m2,2026-09-26,Sample Retailer B,50.8,50,sample
3006-m2,2026-09-26,Sample Retailer E,56.92,50,sample
3006-m2,2026-09-26,Sample Retailer C,23.33,20,sample
3006-m2,2026-09-27,Sample Retailer A,20.86,20,sample
3006-m2,2026-09-27,Sample Retailer B,121.98,100,sample
3006-m2,2026-09-27,Sample Retailer D,526.11,500,sample
3006-m2,2026-09-28,Sample Retailer B,528.84,500,sample
3006-m2,2026-09-28,Sample Retailer D,301.03,250,sample
3006-m2,2026-09-28,Sample Retailer C,50.05,50,sample
3006-m2,2026-09-29,Sample Retailer D,98.41,100,sample
3006-m2,2026-09-29,Sample Retailer A,23.25,20,sample
3006-m2,2026-09-29,Sample Retailer B,565.73,500,sample
3006-m2,2026-09-29,Sample Retailer C,230.19,250,sample
3006-m2,2026-09-30,Sample Retailer C,95.06,100,sample
3006-m2,2026-09-30,Sample Retailer E,101.3,100,sample
3006-m2,2026-09-30,Sample Retailer A,96.71,100,sample
3006-m2,2026-09-30,Sample Retailer B,24.88,20,sample
3006-m2,2026-10-01,Sample Retailer E,1128.58,1000,sample
3006-m2,2026-10-01,Sample Retailer B,49.22,50,sample
3006-m2,2026-10-01,Sample Retailer D,19.05,20,sample
3006-m2,2026-10-02,Sample Retailer A,620.29,500,sample
3006-m2,2026-10-02,Sample Retailer E,23.62,20,sample
3006-m2,2026-10-02,Sample Retailer B,54.83,50,sample
3006-m2,2026-10-03,Sample Retailer B,1190.78,1000,sample
3006-m2,2026-10-03,Sample Retailer C,105.09,100,sample
3006-m2,2026-10-03,Sample Retailer E,108.52,100,sample
3006-m2,2026-10-03,Sample Retailer D,946.12,1000,sample
3006-m2,2026-10-03,Sample Retailer A,279.04,250,sample
3006-m2,2026-10-04,Sample Retailer A,1237.34,1000,sample
3006-m2,2026-10-04,Sample Retailer E,60.31,50,sample
3006-m2,2026-10-04,Sample Retailer C,1179.34,1000,sample
3006-m2,2026-10-04,Sample Retailer B,282.3,250,sample
3006-m2,2026-10-04,Sample Retailer D,105.79,100,sample
3006-m2,2026-10-05,Sample Retailer A,52.59,50,sample
3006-m2,2026-10-05,Sample Retailer E,556.07,500,sample
3006-m2,2026-10-05,Sample Retailer C,58.8,50,sample
3006-m2,2026-10-05,Sample Retailer B,113.61,100,sample
3006-m2,2026-10-05,Sample Retailer D,62.56,50,sample
3006-m2,2026-10-06,Sample Retailer C,295.82,250,sample
3006-m2,2026-10-06,Sample Retailer D,517.8,500,sample
3006-m2,2026-10-06,Sample Retailer B,279.49,250,sample
3006-m2,2026-10-06,Sample Retailer A,253.02,250,sample
45colt,2026-06-09,Sample Retailer B,516.06,500,sample
45colt,2026-06-09,Sample Retailer C,48.6,50,sample
45colt,2026-06-09,Sample Retailer A,49.13,50,sample
45colt,2026-06-09,Sample Retailer E,50.47,50,sample
45colt,2026-06-09,Sample Retailer D,21.29,20,sample
45colt,2026-06-10,Sample Retailer A,798.56,1000,sample
45colt,2026-06-10,Sample Retailer E,22.58,20,sample
45colt,2026-06-10,Sample Retailer D,751.49,1000,sample
45colt,2026-06-10,Sample Retailer C,268.24,250,sample
45colt,2026-06-11,Sample Retailer B,53.1,50,sample
45colt,2026-06-11,Sample Retailer A,47.2,50,sample
45colt,2026-06-11,Sample Retailer E,53.0,50,sample
45colt,2026-06-11,Sample Retailer C,876.67,1000,sample
45colt,2026-06-12,Sample Retailer A,461.04,500,sample
45colt,2026-06-12,Sample Retailer D,19.54,20,sample
45colt,2026-06-12,Sample Retailer E,51.83,50,sample
45colt,2026-06-12,Sample Retailer C,47.97,50,sample
45colt,2026-06-13,Sample Retailer E,53.18,50,sample
45colt,2026-06-13,Sample Retailer A,799.43,1000,sample
45colt,2026-06-13,Sample Retailer B,51.38,50,sample
45colt,2026-06-14,Sample Retailer D,482.57,500,sample
45colt,2026-06-14,Sample Retailer A,87.34,100,sample
45colt,2026-06-14,Sample Retailer E,879.83,1000,sample
45colt,2026-06-15,Sample Retailer E,55.62,50,sample
45colt,2026-06-15,Sample Retailer C,927.26,1000,sample
45colt,2026-06-15,Sample Retailer A,91.17,100,sample
45colt,2026-06-15,Sample Retailer D,18.66,20,sample
45colt,2026-06-16,Sample Retailer A,20.77,20,sample
45colt,2026-06-16,Sample Retailer E,20.22,20,sample
45colt,2026-06-16,Sample Retailer B,212.79,250,sample
45colt,2026-06-16,Sample Retailer D,363.79,500,sample
45colt,2026-06-17,Sample Retailer B,438.08,500,sample
45colt,2026-06-17,Sample Retailer C,52.18,50,sample
45colt,2026-06-17,Sample Retailer D,266.74,250,sample
45colt,2026-06-18,Sample Retailer C,20.78,20,sample
45colt,2026-06-18,Sample Retailer E,220.83,250,sample
45colt,2026-06-18,Sample Retailer B,479.69,500,sample
45colt,2026-06-18,Sample Retailer A,964.68,1000,sample
45colt,2026-06-18,Sample Retailer D,83.14,100,sample
45colt,2026-06-19,Sample Retailer A,44.78,50,sample
45colt,2026-06-19,Sample Retailer C,85.11,100,sample
45colt,2026-06-19,Sample Retailer E,831.16,1000,sample
45colt,2026-06-19,Sample Retailer D,17.85,20,sample
45colt,2026-06-19,Sample Retailer B,44.25,50,sample
45colt,2026-06-20,Sample Retailer D,226.78,250,sample
45colt,2026-06-20,Sample Retailer C,48.22,50,sample
45colt,2026-06-20,Sample Retailer A,99.8,100,sample
45colt,2026-06-20,Sample Retailer B,429.72,500,sample
45colt,2026-06-20,Sample Retailer E,48.77,50,sample
45colt,2026-06-21,Sample Retailer B,52.88,50,sample
45colt,2026-06-21,Sample Retailer C,1037.34,1000,sample
45colt,2026-06-21,Sample Retailer E,18.54,20,sample
45colt,2026-06-21,Sample Retailer A,17.54,20,sample
45colt,2026-06-22,Sample Retailer D,48.13,50,sample
45colt,2026-06-22,Sample Retailer A,240.31,250,sample
45colt,2026-06-22,Sample Retailer C,821.26,1000,sample
45colt,2026-06-23,Sample Retailer B,933.66,1000,sample
45colt,2026-06-23,Sample Retailer C,1003.32,1000,sample
45colt,2026-06-23,Sample Retailer D,51.53,50,sample
45colt,2026-06-23,Sample Retailer A,235.91,250,sample
45colt,2026-06-24,Sample Retailer D,80.52,100,sample
45colt,2026-06-24,Sample Retailer A,210.76,250,sample
45colt,2026-06-24,Sample Retailer E,1025.29,1000,sample
45colt,2026-06-25,Sample Retailer C,95.58,100,sample
45colt,2026-06-25,Sample Retailer D,945.59,1000,sample
45colt,2026-06-25,Sample Retailer E,18.96,20,sample
45colt,2026-06-25,Sample Retailer A,49.78,50,sample
45colt,2026-06-25,Sample Retailer B,228.04,250,sample
45colt,2026-06-26,Sample Retailer C,224.59,250,sample
45colt,2026-06-26,Sample Retailer A,422.0,500,sample
45colt,2026-06-26,Sample Retailer E,57.69,50,sample
45colt,2026-06-27,Sample Retailer C,418.49,500,sample
45colt,2026-06-27,Sample Retailer D,451.64,500,sample
45colt,2026-06-27,Sample Retailer A,474.86,500,sample
45colt,2026-06-28,Sample Retailer A,22.13,20,sample
45colt,2026-06-28,Sample Retailer C,19.13,20,sample
45colt,2026-06-28,Sample Retailer D,20.18,20,sample
45colt,2026-06-29,Sample Retailer A,514.7,500,sample
45colt,2026-06-29,Sample Retailer C,49.48,50,sample
45colt,2026-06-29,Sample Retailer D,229.1,250,sample
45colt,2026-06-29,Sample Retailer B,53.52,50,sample
45colt,2026-06-29,Sample Retailer E,84.29,100,sample
45colt,2026-06-30,Sample Retailer D,86.39,100,sample
45colt,2026-06-30,Sample Retailer C,199.8,250,sample
45colt,2026-06-30,Sample Retailer A,20.29,20,sample
45colt,2026-07-01,Sample Retailer D,88.66,100,sample
45colt,2026-07-01,Sample Retailer C,421.58,500,sample
45colt,2026-07-01,Sample Retailer B,82.93,100,sample
45colt,2026-07-01,Sample Retailer A,231.31,250,sample
45colt,2026-07-01,Sample Retailer E,450.01,500,sample
45colt,2026-07-02,Sample Retailer E,872.46,1000,sample
45colt,2026-07-02,Sample Retailer B,19.38,20,sample
45colt,2026-07-02,Sample Retailer A,45.93,50,sample
45colt,2026-07-02,Sample Retailer D,857.41,1000,sample
45colt,2026-07-03,Sample Retailer C,209.13,250,sample
45colt,2026-07-03,Sample Retailer B,23.91,20,sample
45colt,2026-07-03,Sample Retailer A,232.94,250,sample
45colt,2026-07-03,Sample Retailer E,50.05,50,sample
45colt,2026-07-04,Sample Retailer D,21.98,20,sample
45colt,2026-07-04,Sample Retailer C,93.72,100,sample
45colt,2026-07-04,Sample Retailer B,471.61,500,sample
45colt,2026-07-04,Sample Retailer A,446.33,500,sample
45colt,2026-07-04,Sample Retailer E,87.92,100,sample
45colt,2026-07-05,Sample Retailer D,46.9,50,sample
45colt,2026-07-05,Sample Retailer C,96.08,100,sample
45colt,2026-07-05,Sample Retailer B,18.94,20,sample
45colt,2026-07-05,Sample Retailer E,49.15,50,sample
45colt,2026-07-05,Sample Retailer A,469.21,500,sample
45colt,2026-07-06,Sample Retailer B,251.73,250,sample
45colt,2026-07-06,Sample Retailer E,206.62,250,sample
45colt,2026-07-06,Sample Retailer A,52.29,50,sample
45colt,2026-07-06,Sample Retailer D,83.72,100,sample
45colt,2026-07-06,Sample Retailer C,17.95,20,sample
45colt,2026-07-07,Sample Retailer C,45.58,50,sample
45colt,2026-07-07,Sample Retailer E,212.33,250,sample
45colt,2026-07-07,Sample Retailer B,228.75,250,sample
45colt,2026-07-08,Sample Retailer D,805.29,1000,sample
45colt,2026-07-08,Sample Retailer A,838.51,1000,sample
45colt,2026-07-08,Sample Retailer B,47.69,50,sample
45colt,2026-07-09,Sample Retailer E,521.68,500,sample
45colt,2026-07-09,Sample Retailer D,53.01,50,sample
45colt,2026-07-09,Sample Retailer B,420.19,500,sample
45colt,2026-07-10,Sample Retailer A,87.62,100,sample
45colt,2026-07-10,Sample Retailer B,496.33,500,sample
45colt,2026-07-10,Sample Retailer C,22.14,20,sample
45colt,2026-07-10,Sample Retailer E,979.25,1000,sample
45colt,2026-07-10,Sample Retailer D,842.67,1000,sample
45colt,2026-07-11,Sample Retailer E,93.96,100,sample
45colt,2026-07-11,Sample Retailer A,90.86,100,sample
45colt,2026-07-11,Sample Retailer D,18.11,20,sample
45colt,2026-07-11,Sample Retailer B,233.43,250,sample
45colt,2026-07-11,Sample Retailer C,223.91,250,sample
45colt,2026-07-12,Sample Retailer A,21.27,20,sample
45colt,2026-07-12,Sample Retailer C,20.45,20,sample
45colt,2026-07-12,Sample Retailer E,847.97,1000,sample
45colt,2026-07-12,Sample Retailer D,492.9,500,sample
45colt,2026-07-12,Sample Retailer B,497.78,500,sample
45colt,2026-07-13,Sample Retailer E,19.03,20,sample
45colt,2026-07-13,Sample Retailer B,95.3,100,sample
45colt,2026-07-13,Sample Retailer D,228.04,250,sample
45colt,2026-07-14,Sample Retailer E,1009.06,1000,sample
45colt,2026-07-14,Sample Retailer B,476.19,500,sample
45colt,2026-07-14,Sample Retailer D,20.12,20,sample
45colt,2026-07-14,Sample Retailer A,19.71,20,sample
45colt,2026-07-15,Sample Retailer A,413.47,500,sample
45colt,2026-07-15,Sample Retailer B,48.68,50,sample
45colt,2026-07-15,Sample Retailer E,53.68,50,sample
45colt,2026-07-16,Sample Retailer A,78.2,100,sample
45colt,2026-07-16,Sample Retailer E,20.95,20,sample
45colt,2026-07-16,Sample Retailer B,88.17,100,sample
45colt,2026-07-17,Sample Retailer A,80.21,100,sample
45colt,2026-07-17,Sample Retailer B,880.48,1000,sample
45colt,2026-07-17,Sample Retailer C,17.39,20,sample
45colt,2026-07-17,Sample Retailer E,916.09,1000,sample
45colt,2026-07-17,Sample Retailer D,51.23,50,sample
45colt,2026-07-18,Sample Retailer B,874.95,1000,sample
45colt,2026-07-18,Sample Retailer C,19.23,20,sample
45colt,2026-07-18,Sample Retailer D,53.86,50,sample
45colt,2026-07-19,Sample Retailer E,101.22,100,sample
45colt,2026-07-19,Sample Retailer C,442.79,500,sample
45colt,2026-07-19,Sample Retailer D,898.12,1000,sample
45colt,2026-07-19,Sample Retailer A,90.59,100,sample
45colt,2026-07-20,Sample Retailer E,53.04,50,sample
45colt,2026-07-20,Sample Retailer A,857.14,1000,sample
45colt,2026-07-20,Sample Retailer C,85.05,100,sample
45colt,2026-07-20,Sample Retailer D,503.72,500,sample
45colt,2026-07-21,Sample Retailer E,534.5,500,sample
45colt,2026-07-21,Sample Retailer B,1045.9,1000,sample
45colt,2026-07-21,Sample Retailer D,408.59,500,sample
45colt,2026-07-22,Sample Retailer E,103.79,100,sample
45colt,2026-07-22,Sample Retailer D,887.11,1000,sample
45colt,2026-07-22,Sample Retailer B,18.09,20,sample
45colt,2026-07-22,Sample Retailer A,811.34,1000,sample
45colt,2026-07-23,Sample Retailer A,232.69,250,sample
45colt,2026-07-23,Sample Retailer E,94.81,100,sample
45colt,2026-07-23,Sample Retailer B,940.45,1000,sample
45colt,2026-07-24,Sample Retailer B,420.91,500,sample
45colt,2026-07-24,Sample Retailer C,48.93,50,sample
45colt,2026-07-24,Sample Retailer A,375.76,500,sample
45colt,2026-07-24,Sample Retailer D,21.76,20,sample
45colt,2026-07-24,Sample Retailer E,83.65,100,sample
45colt,2026-07-25,Sample Retailer A,44.0,50,sample
45colt,2026-07-25,Sample Retailer B,19.11,20,sample
45colt,2026-07-25,Sample Retailer E,423.49,500,sample
45colt,2026-07-26,Sample Retailer D,239.74,250,sample
45colt,2026-07-26,Sample Retailer B,82.81,100,sample
45colt,2026-07-26,Sample Retailer E,51.16,50,sample
45colt,2026-07-26,Sample Retailer A,232.29,250,sample
45colt,2026-07-27,Sample Retailer E,102.66,100,sample
45colt,2026-07-27,Sample Retailer D,944.26,1000,sample
45colt,2026-07-27,Sample Retailer B,52.55,50,sample
45colt,2026-07-27,Sample Retailer C,235.53,250,sample
45colt,2026-07-27,Sample Retailer A,50.64,50,sample
45colt,2026-07-28,Sample Retailer A,56.53,50,sample
45colt,2026-07-28,Sample Retailer C,98.09,100,sample
45colt,2026-07-28,Sample Retailer E,251.93,250,sample
45colt,2026-07-28,Sample Retailer D,417.16,500,sample
45colt,2026-07-28,Sample Retailer B,447.17,500,sample
45colt,2026-07-29,Sample Retailer B,20.5,20,sample
45colt,2026-07-29,Sample Retailer C,219.33,250,sample
45colt,2026-07-29,Sample Retailer A,48.53,50,sample
45colt,2026-07-29,Sample Retailer D,214.54,250,sample
45colt,2026-07-29,Sample Retailer E,1024.52,1000,sample
45colt,2026-07-30,Sample Retailer D,403.45,500,sample
45colt,2026-07-30,Sample Retailer C,998.36,1000,sample
45colt,2026-07-30,Sample Retailer B,20.54,20,sample
45colt,2026-07-31,Sample Retailer E,474.43,500,sample
45colt,2026-07-31,Sample Retailer D,95.8,100,sample
45colt,2026-07-31,Sample Retailer B,228.68,250,sample
45colt,2026-07-31,Sample Retailer C,80.78,100,sample
45colt,2026-08-01,Sample Retailer C,231.38,250,sample
45colt,2026-08-01,Sample Retailer A,968.94,1000,sample
45colt,2026-08-01,Sample Retailer D,100.17,100,sample
45colt,2026-08-01,Sample Retailer B,91.6,100,sample
45colt,2026-08-01,Sample Retailer E,461.77,500,sample
45colt,2026-08-02,Sample Retailer C,206.02,250,sample
45colt,2026-08-02,Sample Retailer A,46.68,50,sample
45colt,2026-08-02,Sample Retailer B,897.7,1000,sample
45colt,2026-08-02,Sample Retailer D,1004.99,1000,sample
45colt,2026-08-03,Sample Retailer C,20.6,20,sample
45colt,2026-08-03,Sample Retailer D,364.35,500,sample
45colt,2026-08-03,Sample Retailer E,892.53,1000,sample
45colt,2026-08-03,Sample Retailer A,487.04,500,sample
45colt,2026-08-04,Sample Retailer B,18.89,20,sample
45colt,2026-08-04,Sample Retailer D,57.0,50,sample
45colt,2026-08-04,Sample Retailer C,837.47,1000,sample
45colt,2026-08-05,Sample Retailer B,556.45,500,sample
45colt,2026-08-05,Sample Retailer D,476.72,500,sample
45colt,2026-08-05,Sample Retailer A,932.53,1000,sample
45colt,2026-08-05,Sample Retailer E,268.64,250,sample
45colt,2026-08-05,Sample Retailer C,458.08,500,sample
45colt,2026-08-06,Sample Retailer B,48.57,50,sample
45colt,2026-08-06,Sample Retailer E,53.29,50,sample
45colt,2026-08-06,Sample Retailer C,921.03,1000,sample
45colt,2026-08-06,Sample Retailer D,46.65,50,sample
45colt,2026-08-07,Sample Retailer D,20.73,20,sample
45colt,2026-08-07,Sample Retailer A,54.3,50,sample
45colt,2026-08-07,Sample Retailer E,451.76,500,sample
45colt,2026-08-08,Sample Retailer D,875.25,1000,sample
45colt,2026-08-08,Sample Retailer A,93.86,100,sample
45colt,2026-08-08,Sample Retailer B,217.19,250,sample
45colt,2026-08-08,Sample Retailer C,225.53,250,sample
45colt,2026-08-09,Sample Retailer B,484.74,500,sample
45colt,2026-08-09,Sample Retailer E,95.39,100,sample
45colt,2026-08-09,Sample Retailer C,48.66,50,sample
45colt,2026-08-10,Sample Retailer C,224.25,250,sample
45colt,2026-08-10,Sample Retailer A,94.52,100,sample
45colt,2026-08-10,Sample Retailer B,238.49,250,sample
45colt,2026-08-11,Sample Retailer D,426.92,500,sample
45colt,2026-08-11,Sample Retailer E,990.97,1000,sample
45colt,2026-08-11,Sample Retailer A,947.77,1000,sample
45colt,2026-08-11,Sample Retailer B,1127.56,1000,sample
45colt,2026-08-11,Sample Retailer C,242.76,250,sample
45colt,2026-08-12,Sample Retailer D,94.11,100,sample
45colt,2026-08-12,Sample Retailer A,858.68,1000,sample
45colt,2026-08-12,Sample Retailer C,1024.43,1000,sample
45colt,2026-08-12,Sample Retailer E,876.15,1000,sample
45colt,2026-08-13,Sample Retailer C,187.06,250,sample
45colt,2026-08-13,Sample Retailer B,18.39,20,sample
45colt,2026-08-13,Sample Retailer D,84.11,100,sample
45colt,2026-08-14,Sample Retailer D,847.61,1000,sample
45colt,2026-08-14,Sample Retailer E,48.29,50,sample
45colt,2026-08-14,Sample Retailer A,224.22,250,sample
45colt,2026-08-14,Sample Retailer B,913.6,1000,sample
45colt,2026-08-15,Sample Retailer C,17.91,20,sample
45colt,2026-08-15,Sample Retailer B,95.54,100,sample
45colt,2026-08-15,Sample Retailer D,200.81,250,sample
45colt,2026-08-15,Sample Retailer A,968.24,1000,sample
45colt,2026-08-16,Sample Retailer E,95.53,100,sample
45colt,2026-08-16,Sample Retailer C,49.61,50,sample
45colt,2026-08-16,Sample Retailer B,18.8,20,sample
45colt,2026-08-16,Sample Retailer D,96.67,100,sample
45colt,2026-08-16,Sample Retailer A,56.09,50,sample
45colt,2026-08-17,Sample Retailer E,476.5,500,sample
45colt,2026-08-17,Sample Retailer C,85.75,100,sample
45colt,2026-08-17,Sample Retailer A,90.29,100,sample
45colt,2026-08-17,Sample Retailer D,231.3,250,sample
45colt,2026-08-18,Sample Retailer E,45.31,50,sample
45colt,2026-08-18,Sample Retailer C,20.15,20,sample
45colt,2026-08-18,Sample Retailer D,54.09,50,sample
45colt,2026-08-19,Sample Retailer C,255.95,250,sample
45colt,2026-08-19,Sample Retailer A,251.53,250,sample
45colt,2026-08-19,Sample Retailer B,102.45,100,sample
45colt,2026-08-20,Sample Retailer B,367.02,500,sample
45colt,2026-08-20,Sample Retailer D,446.09,500,sample
45colt,2026-08-20,Sample Retailer C,220.11,250,sample
45colt,2026-08-20,Sample Retailer E,48.58,50,sample
45colt,2026-08-20,Sample Retailer A,43.68,50,sample
45colt,2026-08-21,Sample Retailer E,90.69,100,sample
45colt,2026-08-21,Sample Retailer B,48.61,50,sample
45colt,2026-08-21,Sample Retailer C,427.84,500,sample
45colt,2026-08-22,Sample Retailer E,59.26,50,sample
45colt,2026-08-22,Sample Retailer B,47.75,50,sample
45colt,2026-08-22,Sample Retailer D,884.95,1000,sample
45colt,2026-08-22,Sample Retailer C,84.54,100,sample
45colt,2026-08-23,Sample Retailer C,240.29,250,sample
45colt,2026-08-23,Sample Retailer B,108.91,100,sample
45colt,2026-08-23,Sample Retailer D,253.71,250,sample
45colt,2026-08-23,Sample Retailer A,53.13,50,sample
45colt,2026-08-23,Sample Retailer E,89.08,100,sample
45colt,2026-08-24,Sample Retailer E,221.62,250,sample
45colt,2026-08-24,Sample Retailer C,99.34,100,sample
45colt,2026-08-24,Sample Retailer A,905.58,1000,sample
45colt,2026-08-25,Sample Retailer A,476.92,500,sample
45colt,2026-08-25,Sample Retailer B,924.62,1000,sample
45colt,2026-08-25,Sample Retailer C,767.9,1000,sample
45colt,2026-08-26,Sample Retailer B,511.02,500,sample
45colt,2026-08-26,Sample Retailer C,216.01,250,sample
45colt,2026-08-26,Sample Retailer A,53.04,50,sample
45colt,2026-08-26,Sample Retailer D,230.54,250,sample
45colt,2026-08-26,Sample Retailer E,191.76,250,sample
45colt,2026-08-27,Sample Retailer B,212.24,250,sample
45colt,2026-08-27,Sample Retailer A,100.9,100,sample
45colt,2026-08-27,Sample Retailer E,51.81,50,sample
45colt,2026-08-27,Sample Retailer C,18.69,20,sample
45colt,2026-08-27,Sample Retailer D,44.76,50,sample
45colt,2026-08-28,Sample Retailer D,227.97,250,sample
45colt,2026-08-28,Sample Retailer C,1062.4,1000,sample
45colt,2026-08-28,Sample Retailer B,47.11,50,sample
45colt,2026-08-28,Sample Retailer A,472.21,500,sample
45colt,2026-08-29,Sample Retailer C,51.92,50,sample
45colt,2026-08-29,Sample Retailer B,938.08,1000,sample
45colt,2026-08-29,Sample Retailer A,48.56,50,sample
45colt,2026-08-30,Sample Retailer B,844.68,1000,sample
45colt,2026-08-30,Sample Retailer E,219.16,250,sample
45colt,2026-08-30,Sample Retailer A,51.67,50,sample
45colt,2026-08-30,Sample Retailer D,814.04,1000,sample
45colt,2026-08-30,Sample Retailer C,90.44,100,sample
45colt,2026-08-31,Sample Retailer B,223.01,250,sample
45colt,2026-08-31,Sample Retailer C,846.91,1000,sample
45colt,2026-08-31,Sample Retailer A,548.45,500,sample
45colt,2026-08-31,Sample Retailer E,47.03,50,sample
45colt,2026-08-31,Sample Retailer D,20.34,20,sample
45colt,2026-09-01,Sample Retailer C,867.01,1000,sample
45colt,2026-09-01,Sample Retailer E,447.93,500,sample
45colt,2026-09-01,Sample Retailer A,222.22,250,sample
45colt,2026-09-01,Sample Retailer B,222.1,250,sample
45colt,2026-09-02,Sample Retailer C,49.1,50,sample
45colt,2026-09-02,Sample Retailer E,1054.5,1000,sample
45colt,2026-09-02,Sample Retailer D,983.47,1000,sample
45colt,2026-09-02,Sample Retailer B,891.74,1000,sample
45colt,2026-09-03,Sample Retailer A,50.87,50,sample
45colt,2026-09-03,Sample Retailer E,92.6,100,sample
45colt,2026-09-03,Sample Retailer C,50.23,50,sample
45colt,2026-09-03,Sample Retailer B,60.56,50,sample
45colt,2026-09-04,Sample Retailer B,885.02,1000,sample
45colt,2026-09-04,Sample Retailer D,466.83,500,sample
45colt,2026-09-04,Sample Retailer C,20.2,20,sample
45colt,2026-09-04,Sample Retailer E,235.13,250,sample
45colt,2026-09-04,Sample Retailer A,216.44,250,sample
45colt,2026-09-05,Sample Retailer A,212.89,250,sample
45colt,2026-09-05,Sample Retailer E,507.61,500,sample
45colt,2026-09-05,Sample Retailer B,430.4,500,sample
45colt,2026-09-06,Sample Retailer D,61.39,50,sample
45colt,2026-09-06,Sample Retailer C,224.32,250,sample
45colt,2026-09-06,Sample Retailer A,816.64,1000,sample
45colt,2026-09-06,Sample Retailer E,496.19,500,sample
45colt,2026-09-07,Sample Retailer A,954.97,1000,sample
45colt,2026-09-07,Sample Retailer C,20.42,20,sample
45colt,2026-09-07,Sample Retailer E,950.53,1000,sample
45colt,2026-09-08,Sample Retailer E,224.36,250,sample
45colt,2026-09-08,Sample Retailer A,421.9,500,sample
45colt,2026-09-08,Sample Retailer C,228.38,250,sample
45colt,2026-09-09,Sample Retailer C,93.95,100,sample
45colt,2026-09-09,Sample Retailer D,465.08,500,sample
45colt,2026-09-09,Sample Retailer B,189.81,250,sample
45colt,2026-09-10,Sample Retailer B,52.88,50,sample
45colt,2026-09-10,Sample Retailer A,435.61,500,sample
45colt,2026-09-10,Sample Retailer D,47.82,50,sample
45colt,2026-09-11,Sample Retailer C,912.41,1000,sample
45colt,2026-09-11,Sample Retailer D,50.71,50,sample
45colt,2026-09-11,Sample Retailer A,51.6,50,sample
45colt,2026-09-11,Sample Retailer B,235.63,250,sample
45colt,2026-09-12,Sample Retailer E,49.93,50,sample
45colt,2026-09-12,Sample Retailer A,894.48,1000,sample
45colt,2026-09-12,Sample Retailer C,433.47,500,sample
45colt,2026-09-13,Sample Retailer B,229.91,250,sample
45colt,2026-09-13,Sample Retailer E,86.57,100,sample
45colt,2026-09-13,Sample Retailer A,215.75,250,sample
45colt,2026-09-13,Sample Retailer D,44.39,50,sample
45colt,2026-09-13,Sample Retailer C,963.25,1000,sample
45colt,2026-09-14,Sample Retailer E,989.45,1000,sample
45colt,2026-09-14,Sample Retailer D,820.75,1000,sample
45colt,2026-09-14,Sample Retailer C,515.34,500,sample
45colt,2026-09-14,Sample Retailer B,464.05,500,sample
45colt,2026-09-14,Sample Retailer A,100.83,100,sample
45colt,2026-09-15,Sample Retailer C,20.09,20,sample
45colt,2026-09-15,Sample Retailer D,505.74,500,sample
45colt,2026-09-15,Sample Retailer A,97.56,100,sample
45colt,2026-09-16,Sample Retailer C,975.44,1000,sample
45colt,2026-09-16,Sample Retailer D,98.47,100,sample
45colt,2026-09-16,Sample Retailer B,532.67,500,sample
45colt,2026-09-16,Sample Retailer A,434.25,500,sample
45colt,2026-09-16,Sample Retailer E,83.54,100,sample
45colt,2026-09-17,Sample Retailer B,233.82,250,sample
45colt,2026-09-17,Sample Retailer E,48.31,50,sample
45colt,2026-09-17,Sample Retailer A,17.47,20,sample
45colt,2026-09-17,Sample Retailer C,45.84,50,sample
45colt,2026-09-18,Sample Retailer D,19.01,20,sample
45colt,2026-09-18,Sample Retailer B,42.76,50,sample
45colt,2026-09-18,Sample Retailer C,209.78,250,sample
45colt,2026-09-18,Sample Retailer E,90.62,100,sample
45colt,2026-09-18,Sample Retailer A,1004.96,1000,sample
45colt,2026-09-19,Sample Retailer C,49.09,50,sample
45colt,2026-09-19,Sample Retailer D,1075.29,1000,sample
45colt,2026-09-19,Sample Retailer E,21.42,20,sample
45colt,2026-09-20,Sample Retailer A,437.43,500,sample
45colt,2026-09-20,Sample Retailer D,17.99,20,sample
45colt,2026-09-20,Sample Retailer B,782.05,1000,sample
45colt,2026-09-20,Sample Retailer C,17.93,20,sample
45colt,2026-09-20,Sample Retailer E,20.73,20,sample
45colt,2026-09-21,Sample Retailer C,457.48,500,sample
45colt,2026-09-21,Sample Retailer B,264.22,250,sample
45colt,2026-09-21,Sample Retailer D,387.61,500,sample
45colt,2026-09-22,Sample Retailer A,526.95,500,sample
45colt,2026-09-22,Sample Retailer C,859.21,1000,sample
45colt,2026-09-22,Sample Retailer E,545.74,500,sample
45colt,2026-09-23,Sample Retailer A,88.86,100,sample
45colt,2026-09-23,Sample Retailer B,47.72,50,sample
45colt,2026-09-23,Sample Retailer E,50.19,50,sample
45colt,2026-09-23,Sample Retailer C,900.83,1000,sample
45colt,2026-09-23,Sample Retailer D,20.67,20,sample
45colt,2026-09-24,Sample Retailer A,208.53,250,sample
45colt,2026-09-24,Sample Retailer C,947.98,1000,sample
45colt,2026-09-24,Sample Retailer D,430.67,500,sample
45colt,2026-09-24,Sample Retailer E,279.16,250,sample
45colt,2026-09-25,Sample Retailer B,98.86,100,sample
45colt,2026-09-25,Sample Retailer A,92.65,100,sample
45colt,2026-09-25,Sample Retailer D,98.42,100,sample
45colt,2026-09-26,Sample Retailer E,56.35,50,sample
45colt,2026-09-26,Sample Retailer B,54.1,50,sample
45colt,2026-09-26,Sample Retailer C,56.62,50,sample
45colt,2026-09-27,Sample Retailer E,20.18,20,sample
45colt,2026-09-27,Sample Retailer B,475.41,500,sample
45colt,2026-09-27,Sample Retailer D,89.09,100,sample
45colt,2026-09-27,Sample Retailer A,422.1,500,sample
45colt,2026-09-27,Sample Retailer C,234.4,250,sample
45colt,2026-09-28,Sample Retailer C,434.85,500,sample
45colt,2026-09-28,Sample Retailer B,55.42,50,sample
45colt,2026-09-28,Sample Retailer D,20.49,20,sample
45colt,2026-09-29,Sample Retailer C,22.11,20,sample
45colt,2026-09-29,Sample Retailer A,49.35,50,sample
45colt,2026-09-29,Sample Retailer B,434.35,500,sample
45colt,2026-09-30,Sample Retailer B,46.51,50,sample
45colt,2026-09-30,Sample Retailer D,1158.83,1000,sample
45colt,2026-09-30,Sample Retailer E,58.21,50,sample
45colt,2026-09-30,Sample Retailer A,45.58,50,sample
45colt,2026-10-01,Sample Retailer E,222.76,250,sample
45colt,2026-10-01,Sample Retailer B,18.82,20,sample
45colt,2026-10-01,Sample Retailer C,745.63,1000,sample
45colt,2026-10-01,Sample Retailer D,212.08,250,sample
45colt,2026-10-01,Sample Retailer A,220.04,250,sample
45colt,2026-10-02,Sample Retailer E,56.44,50,sample
45colt,2026-10-02,Sample Retailer B,850.43,1000,sample
45colt,2026-10-02,Sample Retailer C,474.55,500,sample
45colt,2026-10-02,Sample Retailer D,197.39,250,sample
45colt,2026-10-02,Sample Retailer A,212.9,250,sample
45colt,2026-10-03,Sample Retailer D,20.94,20,sample
45colt,2026-10-03,Sample Retailer E,927.04,1000,sample
45colt,2026-10-03,Sample Retailer A,898.22,1000,sample
45colt,2026-10-03,Sample Retailer B,968.29,1000,sample
45colt,2026-10-04,Sample Retailer C,88.11,100,sample
45colt,2026-10-04,Sample Retailer A,968.41,1000,sample
45colt,2026-10-04,Sample Retailer D,52.13,50,sample
45colt,2026-10-05,Sample Retailer D,19.43,20,sample
45colt,2026-10-05,Sample Retailer B,1001.31,1000,sample
45colt,2026-10-05,Sample Retailer C,873.95,1000,sample
45colt,2026-10-06,Sample Retailer E,88.26,100,sample
45colt,2026-10-06,Sample Retailer D,87.49,100,sample
45colt,2026-10-06,Sample Retailer B,216.27,250,sample
45colt,2026-10-06,Sample Retailer A,18.16,20,sample
45colt,2026-10-06,Sample Retailer C,965.48,1000,sample
303brit,2026-06-09,Sample Retailer D,309.96,250,sample
303brit,2026-06-09,Sample Retailer A,352.84,250,sample
303brit,2026-06-09,Sample Retailer B,28.08,20,sample
303brit,2026-06-10,Sample Retailer C,1216.9,1000,sample
303brit,2026-06-10,Sample Retailer D,56.35,50,sample
303brit,2026-06-10,Sample Retailer B,23.89,20,sample
303brit,2026-06-11,Sample Retailer B,305.71,250,sample
303brit,2026-06-11,Sample Retailer D,299.76,250,sample
303brit,2026-06-11,Sample Retailer A,27.92,20,sample
303brit,2026-06-12,Sample Retailer A,598.3,500,sample
303brit,2026-06-12,Sample Retailer C,26.4,20,sample
303brit,2026-06-12,Sample Retailer E,140.04,100,sample
303brit,2026-06-12,Sample Retailer B,1200.97,1000,sample
303brit,2026-06-13,Sample Retailer A,317.81,250,sample
303brit,2026-06-13,Sample Retailer D,23.04,20,sample
303brit,2026-06-13,Sample Retailer C,325.24,250,sample
303brit,2026-06-13,Sample Retailer B,138.98,100,sample
303brit,2026-06-14,Sample Retailer C,312.4,250,sample
303brit,2026-06-14,Sample Retailer E,691.84,500,sample
303brit,2026-06-14,Sample Retailer D,129.9,100,sample
303brit,2026-06-15,Sample Retailer D,667.95,500,sample
303brit,2026-06-15,Sample Retailer A,29.73,20,sample
303brit,2026-06-15,Sample Retailer C,61.84,50,sample
303brit,2026-06-15,Sample Retailer B,1217.21,1000,sample
303brit,2026-06-16,Sample Retailer D,634.77,500,sample
303brit,2026-06-16,Sample Retailer A,1351.53,1000,sample
303brit,2026-06-16,Sample Retailer E,129.81,100,sample
303brit,2026-06-16,Sample Retailer B,1267.19,1000,sample
303brit,2026-06-17,Sample Retailer B,133.59,100,sample
303brit,2026-06-17,Sample Retailer E,131.43,100,sample
303brit,2026-06-17,Sample Retailer C,27.75,20,sample
303brit,2026-06-18,Sample Retailer C,624.14,500,sample
303brit,2026-06-18,Sample Retailer D,29.78,20,sample
303brit,2026-06-18,Sample Retailer E,77.43,50,sample
303brit,2026-06-18,Sample Retailer A,285.74,250,sample
303brit,2026-06-19,Sample Retailer D,635.18,500,sample
303brit,2026-06-19,Sample Retailer C,26.65,20,sample
303brit,2026-06-19,Sample Retailer B,1393.13,1000,sample
303brit,2026-06-20,Sample Retailer E,626.3,500,sample
303brit,2026-06-20,Sample Retailer D,594.03,500,sample
303brit,2026-06-20,Sample Retailer B,28.74,20,sample
303brit,2026-06-20,Sample Retailer A,116.47,100,sample
303brit,2026-06-21,Sample Retailer A,585.2,500,sample
303brit,2026-06-21,Sample Retailer B,26.08,20,sample
303brit,2026-06-21,Sample Retailer D,641.95,500,sample
303brit,2026-06-21,Sample Retailer E,591.06,500,sample
303brit,2026-06-22,Sample Retailer E,1263.63,1000,sample
303brit,2026-06-22,Sample Retailer C,67.41,50,sample
303brit,2026-06-22,Sample Retailer B,1248.2,1000,sample
303brit,2026-06-22,Sample Retailer A,131.76,100,sample
303brit,2026-06-23,Sample Retailer C,66.37,50,sample
303brit,2026-06-23,Sample Retailer D,27.15,20,sample
303brit,2026-06-23,Sample Retailer A,71.15,50,sample
303brit,2026-06-23,Sample Retailer B,558.41,500,sample
303brit,2026-06-24,Sample Retailer A,1254.77,1000,sample
303brit,2026-06-24,Sample Retailer B,1170.97,1000,sample
303brit,2026-06-24,Sample Retailer C,67.29,50,sample
303brit,2026-06-24,Sample Retailer E,320.53,250,sample
303brit,2026-06-25,Sample Retailer E,634.89,500,sample
303brit,2026-06-25,Sample Retailer D,112.14,100,sample
303brit,2026-06-25,Sample Retailer B,69.09,50,sample
303brit,2026-06-26,Sample Retailer B,123.54,100,sample
303brit,2026-06-26,Sample Retailer D,126.87,100,sample
303brit,2026-06-26,Sample Retailer C,274.67,250,sample
303brit,2026-06-27,Sample Retailer B,73.52,50,sample
303brit,2026-06-27,Sample Retailer C,1233.9,1000,sample
303brit,2026-06-27,Sample Retailer A,26.45,20,sample
303brit,2026-06-27,Sample Retailer E,61.53,50,sample
303brit,2026-06-28,Sample Retailer D,133.59,100,sample
303brit,2026-06-28,Sample Retailer E,1178.15,1000,sample
303brit,2026-06-28,Sample Retailer B,694.07,500,sample
303brit,2026-06-28,Sample Retailer A,71.47,50,sample
303brit,2026-06-29,Sample Retailer D,1255.03,1000,sample
303brit,2026-06-29,Sample Retailer C,614.53,500,sample
303brit,2026-06-29,Sample Retailer A,74.0,50,sample
303brit,2026-06-29,Sample Retailer E,301.11,250,sample
303brit,2026-06-29,Sample Retailer B,1249.09,1000,sample
303brit,2026-06-30,Sample Retailer B,63.82,50,sample
303brit,2026-06-30,Sample Retailer C,1279.54,1000,sample
303brit,2026-06-30,Sample Retailer A,116.21,100,sample
303brit,2026-06-30,Sample Retailer D,75.02,50,sample
303brit,2026-06-30,Sample Retailer E,348.23,250,sample
303brit,2026-07-01,Sample Retailer D,28.67,20,sample
303brit,2026-07-01,Sample Retailer B,130.63,100,sample
303brit,2026-07-01,Sample Retailer C,648.82,500,sample
303brit,2026-07-01,Sample Retailer A,25.3,20,sample
303brit,2026-07-01,Sample Retailer E,28.41,20,sample
303brit,2026-07-02,Sample Retailer E,700.18,500,sample
303brit,2026-07-02,Sample Retailer C,322.47,250,sample
303brit,2026-07-02,Sample Retailer B,139.0,100,sample
303brit,2026-07-02,Sample Retailer D,79.33,50,sample
303brit,2026-07-02,Sample Retailer A,24.81,20,sample
303brit,2026-07-03,Sample Retailer E,60.49,50,sample
303brit,2026-07-03,Sample Retailer D,1332.77,1000,sample
303brit,2026-07-03,Sample Retailer A,69.81,50,sample
303brit,2026-07-03,Sample Retailer B,29.78,20,sample
303brit,2026-07-03,Sample Retailer C,1337.51,1000,sample
303brit,2026-07-04,Sample Retailer D,1302.48,1000,sample
303brit,2026-07-04,Sample Retailer E,57.9,50,sample
303brit,2026-07-04,Sample Retailer B,658.19,500,sample
303brit,2026-07-05,Sample Retailer C,686.35,500,sample
303brit,2026-07-05,Sample Retailer A,592.47,500,sample
303brit,2026-07-05,Sample Retailer D,1250.98,1000,sample
303brit,2026-07-05,Sample Retailer E,65.85,50,sample
303brit,2026-07-05,Sample Retailer B,121.42,100,sample
303brit,2026-07-06,Sample Retailer D,298.84,250,sample
303brit,2026-07-06,Sample Retailer E,1126.0,1000,sample
303brit,2026-07-06,Sample Retailer A,585.02,500,sample
303brit,2026-07-07,Sample Retailer A,65.63,50,sample
303brit,2026-07-07,Sample Retailer B,30.51,20,sample
303brit,2026-07-07,Sample Retailer E,28.07,20,sample
303brit,2026-07-07,Sample Retailer C,135.39,100,sample
303brit,2026-07-07,Sample Retailer D,66.2,50,sample
303brit,2026-07-08,Sample Retailer C,23.86,20,sample
303brit,2026-07-08,Sample Retailer B,124.46,100,sample
303brit,2026-07-08,Sample Retailer D,30.32,20,sample
303brit,2026-07-08,Sample Retailer E,69.03,50,sample
303brit,2026-07-08,Sample Retailer A,290.7,250,sample
303brit,2026-07-09,Sample Retailer C,661.82,500,sample
303brit,2026-07-09,Sample Retailer E,1222.86,1000,sample
303brit,2026-07-09,Sample Retailer D,638.8,500,sample
303brit,2026-07-10,Sample Retailer C,135.56,100,sample
303brit,2026-07-10,Sample Retailer A,279.27,250,sample
303brit,2026-07-10,Sample Retailer E,1198.98,1000,sample
303brit,2026-07-10,Sample Retailer D,300.89,250,sample
303brit,2026-07-11,Sample Retailer A,1138.81,1000,sample
303brit,2026-07-11,Sample Retailer D,607.84,500,sample
303brit,2026-07-11,Sample Retailer C,28.15,20,sample
303brit,2026-07-12,Sample Retailer C,278.72,250,sample
303brit,2026-07-12,Sample Retailer D,26.55,20,sample
303brit,2026-07-12,Sample Retailer E,1117.46,1000,sample
303brit,2026-07-12,Sample Retailer A,1232.8,1000,sample
303brit,2026-07-13,Sample Retailer A,1129.44,1000,sample
303brit,2026-07-13,Sample Retailer C,76.39,50,sample
303brit,2026-07-13,Sample Retailer D,130.59,100,sample
303brit,2026-07-13,Sample Retailer E,1230.08,1000,sample
303brit,2026-07-14,Sample Retailer C,134.56,100,sample
303brit,2026-07-14,Sample Retailer E,1173.56,1000,sample
303brit,2026-07-14,Sample Retailer D,28.25,20,sample
303brit,2026-07-14,Sample Retailer B,123.73,100,sample
303brit,2026-07-15,Sample Retailer C,60.12,50,sample
303brit,2026-07-15,Sample Retailer E,27.41,20,sample
303brit,2026-07-15,Sample Retailer A,109.19,100,sample
303brit,2026-07-15,Sample Retailer B,335.67,250,sample
303brit,2026-07-15,Sample Retailer D,1371.27,1000,sample
303brit,2026-07-16,Sample Retailer A,747.17,500,sample
303brit,2026-07-16,Sample Retailer C,25.57,20,sample
303brit,2026-07-16,Sample Retailer B,72.68,50,sample
303brit,2026-07-17,Sample Retailer C,72.74,50,sample
303brit,2026-07-17,Sample Retailer A,137.73,100,sample
303brit,2026-07-17,Sample Retailer E,66.07,50,sample
303brit,2026-07-17,Sample Retailer B,589.41,500,sample
303brit,2026-07-18,Sample Retailer A,127.65,100,sample
303brit,2026-07-18,Sample Retailer B,27.83,20,sample
303brit,2026-07-18,Sample Retailer C,304.41,250,sample
303brit,2026-07-18,Sample Retailer D,303.11,250,sample
303brit,2026-07-19,Sample Retailer D,1434.37,1000,sample
303brit,2026-07-19,Sample Retailer B,25.68,20,sample
303brit,2026-07-19,Sample Retailer C,567.36,500,sample
303brit,2026-07-20,Sample Retailer E,661.83,500,sample
303brit,2026-07-20,Sample Retailer B,556.0,500,sample
303brit,2026-07-20,Sample Retailer D,125.93,100,sample
303brit,2026-07-20,Sample Retailer A,24.63,20,sample
303brit,2026-07-20,Sample Retailer C,66.84,50,sample
303brit,2026-07-21,Sample Retailer A,317.44,250,sample
303brit,2026-07-21,Sample Retailer D,28.91,20,sample
303brit,2026-07-21,Sample Retailer E,574.59,500,sample
303brit,2026-07-21,Sample Retailer B,316.44,250,sample
303brit,2026-07-22,Sample Retailer C,337.83,250,sample
303brit,2026-07-22,Sample Retailer A,1336.24,1000,sample
303brit,2026-07-22,Sample Retailer E,125.15,100,sample
303brit,2026-07-22,Sample Retailer D,681.7,500,sample
303brit,2026-07-23,Sample Retailer D,115.37,100,sample
303brit,2026-07-23,Sample Retailer C,259.84,250,sample
303brit,2026-07-23,Sample Retailer A,1111.94,1000,sample
303brit,2026-07-23,Sample Retailer B,29.19,20,sample
303brit,2026-07-23,Sample Retailer E,72.35,50,sample
303brit,2026-07-24,Sample Retailer D,134.46,100,sample
303brit,2026-07-24,Sample Retailer B,124.94,100,sample
303brit,2026-07-24,Sample Retailer C,1332.96,1000,sample
303brit,2026-07-24,Sample Retailer A,288.68,250,sample
303brit,2026-07-25,Sample Retailer D,1353.06,1000,sample
303brit,2026-07-25,Sample Retailer E,25.46,20,sample
303brit,2026-07-25,Sample Retailer C,30.92,20,sample
303brit,2026-07-26,Sample Retailer B,20.6,20,sample
303brit,2026-07-26,Sample Retailer D,326.25,250,sample
303brit,2026-07-26,Sample Retailer A,30.04,20,sample
303brit,2026-07-26,Sample Retailer C,122.96,100,sample
303brit,2026-07-26,Sample Retailer E,127.75,100,sample
303brit,2026-07-27,Sample Retailer E,268.57,250,sample
303brit,2026-07-27,Sample Retailer B,62.26,50,sample
303brit,2026-07-27,Sample Retailer D,1209.05,1000,sample
303brit,2026-07-27,Sample Retailer A,1215.86,1000,sample
303brit,2026-07-28,Sample Retailer B,308.2,250,sample
303brit,2026-07-28,Sample Retailer D,131.38,100,sample
303brit,2026-07-28,Sample Retailer C,119.61,100,sample
303brit,2026-07-29,Sample Retailer C,72.97,50,sample
303brit,2026-07-29,Sample Retailer A,25.58,20,sample
303brit,2026-07-29,Sample Retailer E,85.35,50,sample
303brit,2026-07-30,Sample Retailer E,67.13,50,sample
303brit,2026-07-30,Sample Retailer C,62.41,50,sample
303brit,2026-07-30,Sample Retailer B,28.96,20,sample
303brit,2026-07-30,Sample Retailer A,81.53,50,sample
303brit,2026-07-30,Sample Retailer D,647.54,500,sample
303brit,2026-07-31,Sample Retailer D,707.93,500,sample
303brit,2026-07-31,Sample Retailer C,77.33,50,sample
303brit,2026-07-31,Sample Retailer A,584.49,500,sample
303brit,2026-07-31,Sample Retailer E,132.78,100,sample
303brit,2026-07-31,Sample Retailer B,127.71,100,sample
303brit,2026-08-01,Sample Retailer C,99.65,100,sample
303brit,2026-08-01,Sample Retailer E,354.4,250,sample
303brit,2026-08-01,Sample Retailer A,1133.37,1000,sample
303brit,2026-08-02,Sample Retailer C,69.46,50,sample
303brit,2026-08-02,Sample Retailer B,1232.78,1000,sample
303brit,2026-08-02,Sample Retailer D,1307.54,1000,sample
303brit,2026-08-02,Sample Retailer A,28.58,20,sample
303brit,2026-08-02,Sample Retailer E,303.49,250,sample
303brit,2026-08-03,Sample Retailer B,342.16,250,sample
303brit,2026-08-03,Sample Retailer E,134.95,100,sample
303brit,2026-08-03,Sample Retailer D,1191.37,1000,sample
303brit,2026-08-03,Sample Retailer C,141.42,100,sample
303brit,2026-08-03,Sample Retailer A,129.07,100,sample
303brit,2026-08-04,Sample Retailer E,1341.72,1000,sample
303brit,2026-08-04,Sample Retailer B,1273.38,1000,sample
303brit,2026-08-04,Sample Retailer C,132.27,100,sample
303brit,2026-08-04,Sample Retailer A,24.56,20,sample
303brit,2026-08-05,Sample Retailer D,136.14,100,sample
303brit,2026-08-05,Sample Retailer B,147.91,100,sample
303brit,2026-08-05,Sample Retailer C,28.13,20,sample
303brit,2026-08-05,Sample Retailer A,125.23,100,sample
303brit,2026-08-05,Sample Retailer E,25.74,20,sample
303brit,2026-08-06,Sample Retailer C,300.86,250,sample
303brit,2026-08-06,Sample Retailer D,1452.08,1000,sample
303brit,2026-08-06,Sample Retailer A,669.97,500,sample
303brit,2026-08-06,Sample Retailer E,26.17,20,sample
303brit,2026-08-06,Sample Retailer B,1148.88,1000,sample
303brit,2026-08-07,Sample Retailer B,1383.33,1000,sample
303brit,2026-08-07,Sample Retailer A,124.11,100,sample
303brit,2026-08-07,Sample Retailer E,1179.27,1000,sample
303brit,2026-08-07,Sample Retailer C,672.35,500,sample
303brit,2026-08-08,Sample Retailer D,1247.48,1000,sample
303brit,2026-08-08,Sample Retailer E,1309.93,1000,sample
303brit,2026-08-08,Sample Retailer A,65.68,50,sample
303brit,2026-08-09,Sample Retailer A,27.49,20,sample
303brit,2026-08-09,Sample Retailer C,121.55,100,sample
303brit,2026-08-09,Sample Retailer D,123.68,100,sample
303brit,2026-08-09,Sample Retailer B,644.73,500,sample
303brit,2026-08-10,Sample Retailer B,64.0,50,sample
303brit,2026-08-10,Sample Retailer E,25.4,20,sample
303brit,2026-08-10,Sample Retailer D,551.07,500,sample
303brit,2026-08-11,Sample Retailer B,613.87,500,sample
303brit,2026-08-11,Sample Retailer D,30.57,20,sample
303brit,2026-08-11,Sample Retailer E,26.98,20,sample
303brit,2026-08-12,Sample Retailer E,135.72,100,sample
303brit,2026-08-12,Sample Retailer C,1274.01,1000,sample
303brit,2026-08-12,Sample Retailer B,74.1,50,sample
303brit,2026-08-12,Sample Retailer D,68.67,50,sample
303brit,2026-08-13,Sample Retailer B,298.16,250,sample
303brit,2026-08-13,Sample Retailer E,705.81,500,sample
303brit,2026-08-13,Sample Retailer A,307.34,250,sample
303brit,2026-08-14,Sample Retailer D,308.76,250,sample
303brit,2026-08-14,Sample Retailer A,132.11,100,sample
303brit,2026-08-14,Sample Retailer E,320.92,250,sample
303brit,2026-08-14,Sample Retailer C,71.6,50,sample
303brit,2026-08-14,Sample Retailer B,350.88,250,sample
303brit,2026-08-15,Sample Retailer C,1273.91,1000,sample
303brit,2026-08-15,Sample Retailer E,127.32,100,sample
303brit,2026-08-15,Sample Retailer B,71.63,50,sample
303brit,2026-08-15,Sample Retailer A,344.49,250,sample
303brit,2026-08-15,Sample Retailer D,66.43,50,sample
303brit,2026-08-16,Sample Retailer B,664.64,500,sample
303brit,2026-08-16,Sample Retailer A,28.85,20,sample
303brit,2026-08-16,Sample Retailer D,1271.06,1000,sample
303brit,2026-08-16,Sample Retailer C,667.88,500,sample
303brit,2026-08-16,Sample Retailer E,328.61,250,sample
303brit,2026-08-17,Sample Retailer B,142.17,100,sample
303brit,2026-08-17,Sample Retailer A,360.53,250,sample
303brit,2026-08-17,Sample Retailer D,287.32,250,sample
303brit,2026-08-17,Sample Retailer C,1382.31,1000,sample
303brit,2026-08-18,Sample Retailer D,348.47,250,sample
303brit,2026-08-18,Sample Retailer A,28.67,20,sample
303brit,2026-08-18,Sample Retailer C,339.11,250,sample
303brit,2026-08-18,Sample Retailer B,69.41,50,sample
303brit,2026-08-19,Sample Retailer A,1518.5,1000,sample
303brit,2026-08-19,Sample Retailer D,1282.66,1000,sample
303brit,2026-08-19,Sample Retailer E,622.11,500,sample
303brit,2026-08-20,Sample Retailer D,279.85,250,sample
303brit,2026-08-20,Sample Retailer C,315.0,250,sample
303brit,2026-08-20,Sample Retailer A,620.75,500,sample
303brit,2026-08-20,Sample Retailer E,81.37,50,sample
303brit,2026-08-20,Sample Retailer B,27.78,20,sample
303brit,2026-08-21,Sample Retailer A,28.18,20,sample
303brit,2026-08-21,Sample Retailer C,633.25,500,sample
303brit,2026-08-21,Sample Retailer D,28.26,20,sample
303brit,2026-08-21,Sample Retailer E,67.17,50,sample
303brit,2026-08-21,Sample Retailer B,72.46,50,sample
303brit,2026-08-22,Sample Retailer A,27.75,20,sample
303brit,2026-08-22,Sample Retailer B,319.35,250,sample
303brit,2026-08-22,Sample Retailer E,123.75,100,sample
303brit,2026-08-22,Sample Retailer C,1304.46,1000,sample
303brit,2026-08-23,Sample Retailer D,352.66,250,sample
303brit,2026-08-23,Sample Retailer C,71.09,50,sample
303brit,2026-08-23,Sample Retailer E,63.92,50,sample
303brit,2026-08-23,Sample Retailer B,64.99,50,sample
303brit,2026-08-23,Sample Retailer A,625.96,500,sample
303brit,2026-08-24,Sample Retailer A,666.96,500,sample
303brit,2026-08-24,Sample Retailer B,548.91,500,sample
303brit,2026-08-24,Sample Retailer C,1356.37,1000,sample
303brit,2026-08-24,Sample Retailer E,24.68,20,sample
303brit,2026-08-24,Sample Retailer D,1121.86,1000,sample
303brit,2026-08-25,Sample Retailer C,381.66,250,sample
303brit,2026-08-25,Sample Retailer B,1182.58,1000,sample
303brit,2026-08-25,Sample Retailer D,71.74,50,sample
303brit,2026-08-25,Sample Retailer A,149.13,100,sample
303brit,2026-08-26,Sample Retailer A,1264.29,1000,sample
303brit,2026-08-26,Sample Retailer D,1197.55,1000,sample
303brit,2026-08-26,Sample Retailer E,629.49,500,sample
303brit,2026-08-26,Sample Retailer B,360.23,250,sample
303brit,2026-08-26,Sample Retailer C,1293.78,1000,sample
303brit,2026-08-27,Sample Retailer B,137.84,100,sample
303brit,2026-08-27,Sample Retailer D,78.53,50,sample
303brit,2026-08-27,Sample Retailer C,549.6,500,sample
303brit,2026-08-28,Sample Retailer A,1319.68,1000,sample
303brit,2026-08-28,Sample Retailer C,323.18,250,sample
303brit,2026-08-28,Sample Retailer D,382.01,250,sample
303brit,2026-08-28,Sample Retailer B,70.17,50,sample
303brit,2026-08-28,Sample Retailer E,58.94,50,sample
303brit,2026-08-29,Sample Retailer E,27.94,20,sample
303brit,2026-08-29,Sample Retailer C,64.18,50,sample
303brit,2026-08-29,Sample Retailer A,331.24,250,sample
303brit,2026-08-29,Sample Retailer B,1288.35,1000,sample
303brit,2026-08-30,Sample Retailer E,27.01,20,sample
303brit,2026-08-30,Sample Retailer C,314.95,250,sample
303brit,2026-08-30,Sample Retailer B,299.95,250,sample
303brit,2026-08-31,Sample Retailer E,127.37,100,sample
303brit,2026-08-31,Sample Retailer C,27.12,20,sample
303brit,2026-08-31,Sample Retailer D,27.84,20,sample
303brit,2026-08-31,Sample Retailer A,1439.12,1000,sample
303brit,2026-09-01,Sample Retailer A,300.27,250,sample
303brit,2026-09-01,Sample Retailer C,552.52,500,sample
303brit,2026-09-01,Sample Retailer E,127.75,100,sample
303brit,2026-09-02,Sample Retailer E,23.52,20,sample
303brit,2026-09-02,Sample Retailer D,131.43,100,sample
303brit,2026-09-02,Sample Retailer C,122.46,100,sample
303brit,2026-09-02,Sample Retailer A,1137.8,1000,sample
303brit,2026-09-02,Sample Retailer B,1425.6,1000,sample
303brit,2026-09-03,Sample Retailer D,368.48,250,sample
303brit,2026-09-03,Sample Retailer E,28.63,20,sample
303brit,2026-09-03,Sample Retailer B,70.73,50,sample
303brit,2026-09-04,Sample Retailer D,1218.66,1000,sample
303brit,2026-09-04,Sample Retailer A,27.17,20,sample
303brit,2026-09-04,Sample Retailer B,71.9,50,sample
303brit,2026-09-05,Sample Retailer E,121.13,100,sample
303brit,2026-09-05,Sample Retailer A,290.92,250,sample
303brit,2026-09-05,Sample Retailer B,321.77,250,sample
303brit,2026-09-06,Sample Retailer D,303.74,250,sample
303brit,2026-09-06,Sample Retailer B,24.61,20,sample
303brit,2026-09-06,Sample Retailer E,340.53,250,sample
303brit,2026-09-06,Sample Retailer C,139.69,100,sample
303brit,2026-09-07,Sample Retailer B,65.56,50,sample
303brit,2026-09-07,Sample Retailer A,1302.4,1000,sample
303brit,2026-09-07,Sample Retailer D,1340.88,1000,sample
303brit,2026-09-07,Sample Retailer C,1332.59,1000,sample
303brit,2026-09-08,Sample Retailer B,69.3,50,sample
303brit,2026-09-08,Sample Retailer E,74.85,50,sample
303brit,2026-09-08,Sample Retailer D,135.74,100,sample
303brit,2026-09-08,Sample Retailer A,290.37,250,sample
303brit,2026-09-09,Sample Retailer B,319.11,250,sample
303brit,2026-09-09,Sample Retailer D,359.3,250,sample
303brit,2026-09-09,Sample Retailer E,120.28,100,sample
303brit,2026-09-09,Sample Retailer C,660.05,500,sample
303brit,2026-09-09,Sample Retailer A,594.83,500,sample
303brit,2026-09-10,Sample Retailer D,126.24,100,sample
303brit,2026-09-10,Sample Retailer A,63.44,50,sample
303brit,2026-09-10,Sample Retailer E,117.1,100,sample
303brit,2026-09-11,Sample Retailer E,28.47,20,sample
303brit,2026-09-11,Sample Retailer A,27.84,20,sample
303brit,2026-09-11,Sample Retailer C,29.11,20,sample
303brit,2026-09-11,Sample Retailer D,1336.53,1000,sample
303brit,2026-09-12,Sample Retailer A,577.68,500,sample
303brit,2026-09-12,Sample Retailer B,107.94,100,sample
303brit,2026-09-12,Sample Retailer D,328.29,250,sample
303brit,2026-09-12,Sample Retailer C,133.78,100,sample
303brit,2026-09-13,Sample Retailer E,603.4,500,sample
303brit,2026-09-13,Sample Retailer C,658.69,500,sample
303brit,2026-09-13,Sample Retailer D,391.01,250,sample
303brit,2026-09-14,Sample Retailer B,324.39,250,sample
303brit,2026-09-14,Sample Retailer C,680.05,500,sample
303brit,2026-09-14,Sample Retailer A,65.01,50,sample
303brit,2026-09-14,Sample Retailer E,1255.25,1000,sample
303brit,2026-09-14,Sample Retailer D,27.73,20,sample
303brit,2026-09-15,Sample Retailer D,66.67,50,sample
303brit,2026-09-15,Sample Retailer A,1256.54,1000,sample
303brit,2026-09-15,Sample Retailer C,28.87,20,sample
303brit,2026-09-16,Sample Retailer C,124.49,100,sample
303brit,2026-09-16,Sample Retailer E,81.36,50,sample
303brit,2026-09-16,Sample Retailer D,140.37,100,sample
303brit,2026-09-17,Sample Retailer B,67.25,50,sample
303brit,2026-09-17,Sample Retailer C,323.78,250,sample
303brit,2026-09-17,Sample Retailer E,27.71,20,sample
303brit,2026-09-17,Sample Retailer A,29.21,20,sample
303brit,2026-09-17,Sample Retailer D,331.23,250,sample
303brit,2026-09-18,Sample Retailer C,66.17,50,sample
303brit,2026-09-18,Sample Retailer E,363.61,250,sample
303brit,2026-09-18,Sample Retailer A,136.1,100,sample
303brit,2026-09-19,Sample Retailer A,132.96,100,sample
303brit,2026-09-19,Sample Retailer C,1316.27,1000,sample
303brit,2026-09-19,Sample Retailer B,60.43,50,sample
303brit,2026-09-20,Sample Retailer B,332.83,250,sample
303brit,2026-09-20,Sample Retailer D,130.82,100,sample
303brit,2026-09-20,Sample Retailer E,280.31,250,sample
303brit,2026-09-20,Sample Retailer C,1462.99,1000,sample
303brit,2026-09-20,Sample Retailer A,73.4,50,sample
303brit,2026-09-21,Sample Retailer E,28.38,20,sample
303brit,2026-09-21,Sample Retailer A,142.91,100,sample
303brit,2026-09-21,Sample Retailer D,323.12,250,sample
303brit,2026-09-22,Sample Retailer B,636.88,500,sample
303brit,2026-09-22,Sample Retailer E,30.4,20,sample
303brit,2026-09-22,Sample Retailer D,355.49,250,sample
303brit,2026-09-22,Sample Retailer C,1127.61,1000,sample
303brit,2026-09-22,Sample Retailer A,1323.9,1000,sample
303brit,2026-09-23,Sample Retailer D,123.68,100,sample
303brit,2026-09-23,Sample Retailer E,62.0,50,sample
303brit,2026-09-23,Sample Retailer C,71.73,50,sample
303brit,2026-09-23,Sample Retailer B,669.39,500,sample
303brit,2026-09-23,Sample Retailer A,1406.2,1000,sample
303brit,2026-09-24,Sample Retailer E,1283.15,1000,sample
303brit,2026-09-24,Sample Retailer D,1225.59,1000,sample
303brit,2026-09-24,Sample Retailer B,67.73,50,sample
303brit,2026-09-24,Sample Retailer C,27.86,20,sample
303brit,2026-09-25,Sample Retailer C,272.29,250,sample
303brit,2026-09-25,Sample Retailer D,25.22,20,sample
303brit,2026-09-25,Sample Retailer B,72.57,50,sample
303brit,2026-09-26,Sample Retailer B,695.12,500,sample
303brit,2026-09-26,Sample Retailer C,28.7,20,sample
303brit,2026-09-26,Sample Retailer D,1348.06,1000,sample
303brit,2026-09-26,Sample Retailer E,135.59,100,sample
303brit,2026-09-27,Sample Retailer D,125.99,100,sample
303brit,2026-09-27,Sample Retailer B,1419.81,1000,sample
303brit,2026-09-27,Sample Retailer A,29.26,20,sample
303brit,2026-09-27,Sample Retailer E,87.62,50,sample
303brit,2026-09-27,Sample Retailer C,27.28,20,sample
303brit,2026-09-28,Sample Retailer A,1113.1,1000,sample
303brit,2026-09-28,Sample Retailer B,302.17,250,sample
303brit,2026-09-28,Sample Retailer D,72.15,50,sample
303brit,2026-09-29,Sample Retailer A,28.37,20,sample
303brit,2026-09-29,Sample Retailer C,1433.15,1000,sample
303brit,2026-09-29,Sample Retailer E,29.04,20,sample
303brit,2026-09-30,Sample Retailer E,29.07,20,sample
303brit,2026-09-30,Sample Retailer A,307.49,250,sample
303brit,2026-09-30,Sample Retailer D,126.07,100,sample
303brit,2026-09-30,Sample Retailer C,327.59,250,sample
303brit,2026-09-30,Sample Retailer B,61.86,50,sample
303brit,2026-10-01,Sample Retailer D,1569.84,1000,sample
303brit,2026-10-01,Sample Retailer B,1456.98,1000,sample
303brit,2026-10-01,Sample Retailer A,79.47,50,sample
303brit,2026-10-01,Sample Retailer E,62.37,50,sample
303brit,2026-10-02,Sample Retailer E,695.88,500,sample
303brit,2026-10-02,Sample Retailer A,141.19,100,sample
303brit,2026-10-02,Sample Retailer C,593.35,500,sample
303brit,2026-10-03,Sample Retailer B,118.5,100,sample
303brit,2026-10-03,Sample Retailer C,633.41,500,sample
303brit,2026-10-03,Sample Retailer E,26.38,20,sample
303brit,2026-10-03,Sample Retailer D,29.29,20,sample
303brit,2026-10-03,Sample Retailer A,614.15,500,sample
303brit,2026-10-04,Sample Retailer D,671.32,500,sample
303brit,2026-10-04,Sample Retailer A,358.02,250,sample
303brit,2026-10-04,Sample Retailer B,29.13,20,sample
303brit,2026-10-04,Sample Retailer E,27.11,20,sample
303brit,2026-10-05,Sample Retailer D,371.85,250,sample
303brit,2026-10-05,Sample Retailer C,73.49,50,sample
303brit,2026-10-05,Sample Retailer E,331.14,250,sample
303brit,2026-10-06,Sample Retailer D,329.63,250,sample
303brit,2026-10-06,Sample Retailer E,509.72,500,sample
303brit,2026-10-06,Sample Retailer C,350.17,250,sample
303brit,2026-10-06,Sample Retailer A,1164.43,1000,sample
303brit,2026-10-06,Sample Retailer B,34.65,20,sample
762x54r,2026-06-09,Sample Retailer E,286.2,500,sample
762x54r,2026-06-09,Sample Retailer D,30.54,50,sample
762x54r,2026-06-09,Sample Retailer C,34.78,50,sample
762x54r,2026-06-09,Sample Retailer A,564.18,1000,sample
762x54r,2026-06-09,Sample Retailer B,57.13,100,sample
762x54r,2026-06-10,Sample Retailer C,270.88,500,sample
762x54r,2026-06-10,Sample Retailer A,288.55,500,sample
762x54r,2026-06-10,Sample Retailer D,552.86,1000,sample
762x54r,2026-06-10,Sample Retailer B,313.44,500,sample
762x54r,2026-06-11,Sample Retailer E,138.98,250,sample
762x54r,2026-06-11,Sample Retailer A,66.46,100,sample
762x54r,2026-06-11,Sample Retailer B,143.02,250,sample
762x54r,2026-06-11,Sample Retailer D,52.18,100,sample
762x54r,2026-06-11,Sample Retailer C,67.18,100,sample
762x54r,2026-06-12,Sample Retailer D,166.68,250,sample
762x54r,2026-06-12,Sample Retailer E,293.94,500,sample
762x54r,2026-06-12,Sample Retailer A,30.1,50,sample
762x54r,2026-06-12,Sample Retailer C,530.09,1000,sample
762x54r,2026-06-13,Sample Retailer A,61.17,100,sample
762x54r,2026-06-13,Sample Retailer E,27.64,50,sample
762x54r,2026-06-13,Sample Retailer C,59.04,100,sample
762x54r,2026-06-13,Sample Retailer B,56.12,100,sample
762x54r,2026-06-13,Sample Retailer D,13.62,20,sample
762x54r,2026-06-14,Sample Retailer D,163.72,250,sample
762x54r,2026-06-14,Sample Retailer C,12.29,20,sample
762x54r,2026-06-14,Sample Retailer E,30.38,50,sample
762x54r,2026-06-14,Sample Retailer B,539.05,1000,sample
762x54r,2026-06-15,Sample Retailer A,152.05,250,sample
762x54r,2026-06-15,Sample Retailer B,296.08,500,sample
762x54r,2026-06-15,Sample Retailer E,30.3,50,sample
762x54r,2026-06-15,Sample Retailer C,560.28,1000,sample
762x54r,2026-06-16,Sample Retailer B,670.21,1000,sample
762x54r,2026-06-16,Sample Retailer C,296.56,500,sample
762x54r,2026-06-16,Sample Retailer E,12.23,20,sample
762x54r,2026-06-16,Sample Retailer A,58.41,100,sample
762x54r,2026-06-16,Sample Retailer D,522.91,1000,sample
762x54r,2026-06-17,Sample Retailer D,273.07,500,sample
762x54r,2026-06-17,Sample Retailer E,126.52,250,sample
762x54r,2026-06-17,Sample Retailer C,268.84,500,sample
762x54r,2026-06-17,Sample Retailer B,319.4,500,sample
762x54r,2026-06-17,Sample Retailer A,33.21,50,sample
762x54r,2026-06-18,Sample Retailer B,14.9,20,sample
762x54r,2026-06-18,Sample Retailer E,519.27,1000,sample
762x54r,2026-06-18,Sample Retailer D,289.19,500,sample
762x54r,2026-06-18,Sample Retailer C,42.59,50,sample
762x54r,2026-06-19,Sample Retailer B,636.55,1000,sample
762x54r,2026-06-19,Sample Retailer D,31.05,50,sample
762x54r,2026-06-19,Sample Retailer A,71.77,100,sample
762x54r,2026-06-20,Sample Retailer E,675.07,1000,sample
762x54r,2026-06-20,Sample Retailer C,29.42,50,sample
762x54r,2026-06-20,Sample Retailer D,31.41,50,sample
762x54r,2026-06-20,Sample Retailer B,50.96,100,sample
762x54r,2026-06-20,Sample Retailer A,305.85,500,sample
762x54r,2026-06-21,Sample Retailer B,29.97,50,sample
762x54r,2026-06-21,Sample Retailer A,28.51,50,sample
762x54r,2026-06-21,Sample Retailer C,12.65,20,sample
762x54r,2026-06-22,Sample Retailer D,12.98,20,sample
762x54r,2026-06-22,Sample Retailer C,154.62,250,sample
762x54r,2026-06-22,Sample Retailer B,13.51,20,sample
762x54r,2026-06-22,Sample Retailer A,32.54,50,sample
762x54r,2026-06-23,Sample Retailer E,269.2,500,sample
762x54r,2026-06-23,Sample Retailer D,557.19,1000,sample
762x54r,2026-06-23,Sample Retailer A,170.62,250,sample
762x54r,2026-06-24,Sample Retailer E,57.21,100,sample
762x54r,2026-06-24,Sample Retailer C,259.81,500,sample
762x54r,2026-06-24,Sample Retailer B,29.11,50,sample
762x54r,2026-06-24,Sample Retailer D,49.95,100,sample
762x54r,2026-06-24,Sample Retailer A,11.96,20,sample
762x54r,2026-06-25,Sample Retailer D,26.99,50,sample
762x54r,2026-06-25,Sample Retailer B,322.1,500,sample
762x54r,2026-06-25,Sample Retailer A,145.99,250,sample
762x54r,2026-06-25,Sample Retailer E,138.32,250,sample
762x54r,2026-06-26,Sample Retailer D,299.69,500,sample
762x54r,2026-06-26,Sample Retailer C,681.5,1000,sample
762x54r,2026-06-26,Sample Retailer E,545.7,1000,sample
762x54r,2026-06-27,Sample Retailer C,38.97,50,sample
762x54r,2026-06-27,Sample Retailer D,66.87,100,sample
762x54r,2026-06-27,Sample Retailer B,136.88,250,sample
762x54r,2026-06-28,Sample Retailer C,626.23,1000,sample
762x54r,2026-06-28,Sample Retailer A,61.65,100,sample
762x54r,2026-06-28,Sample Retailer E,11.7,20,sample
762x54r,2026-06-28,Sample Retailer D,632.8,1000,sample
762x54r,2026-06-29,Sample Retailer A,302.92,500,sample
762x54r,2026-06-29,Sample Retailer E,601.5,1000,sample
762x54r,2026-06-29,Sample Retailer C,304.12,500,sample
762x54r,2026-06-29,Sample Retailer D,639.04,1000,sample
762x54r,2026-06-30,Sample Retailer C,33.56,50,sample
762x54r,2026-06-30,Sample Retailer D,57.11,100,sample
762x54r,2026-06-30,Sample Retailer A,292.74,500,sample
762x54r,2026-07-01,Sample Retailer C,145.21,250,sample
762x54r,2026-07-01,Sample Retailer E,13.87,20,sample
762x54r,2026-07-01,Sample Retailer B,13.59,20,sample
762x54r,2026-07-01,Sample Retailer D,10.64,20,sample
762x54r,2026-07-02,Sample Retailer D,133.71,250,sample
762x54r,2026-07-02,Sample Retailer B,13.68,20,sample
762x54r,2026-07-02,Sample Retailer E,28.68,50,sample
762x54r,2026-07-03,Sample Retailer B,133.61,250,sample
762x54r,2026-07-03,Sample Retailer A,572.54,1000,sample
762x54r,2026-07-03,Sample Retailer E,30.2,50,sample
762x54r,2026-07-03,Sample Retailer D,12.76,20,sample
762x54r,2026-07-03,Sample Retailer C,62.17,100,sample
762x54r,2026-07-04,Sample Retailer C,583.94,1000,sample
762x54r,2026-07-04,Sample Retailer A,12.78,20,sample
762x54r,2026-07-04,Sample Retailer B,289.89,500,sample
762x54r,2026-07-04,Sample Retailer E,148.9,250,sample
762x54r,2026-07-05,Sample Retailer D,30.36,50,sample
762x54r,2026-07-05,Sample Retailer A,63.72,100,sample
762x54r,2026-07-05,Sample Retailer E,12.08,20,sample
762x54r,2026-07-05,Sample Retailer B,31.08,50,sample
762x54r,2026-07-06,Sample Retailer A,602.5,1000,sample
762x54r,2026-07-06,Sample Retailer C,11.41,20,sample
762x54r,2026-07-06,Sample Retailer D,54.18,100,sample
762x54r,2026-07-06,Sample Retailer E,152.19,250,sample
762x54r,2026-07-07,Sample Retailer A,12.58,20,sample
762x54r,2026-07-07,Sample Retailer B,304.85,500,sample
762x54r,2026-07-07,Sample Retailer D,296.64,500,sample
762x54r,2026-07-07,Sample Retailer E,143.27,250,sample
762x54r,2026-07-07,Sample Retailer C,27.72,50,sample
762x54r,2026-07-08,Sample Retailer D,10.77,20,sample
762x54r,2026-07-08,Sample Retailer C,154.27,250,sample
762x54r,2026-07-08,Sample Retailer A,149.19,250,sample
762x54r,2026-07-09,Sample Retailer D,604.03,1000,sample
762x54r,2026-07-09,Sample Retailer A,13.32,20,sample
762x54r,2026-07-09,Sample Retailer E,12.68,20,sample
762x54r,2026-07-09,Sample Retailer B,13.87,20,sample
762x54r,2026-07-10,Sample Retailer C,152.49,250,sample
762x54r,2026-07-10,Sample Retailer B,282.63,500,sample
762x54r,2026-07-10,Sample Retailer D,55.84,100,sample
762x54r,2026-07-10,Sample Retailer A,14.05,20,sample
762x54r,2026-07-10,Sample Retailer E,296.37,500,sample
762x54r,2026-07-11,Sample Retailer B,34.17,50,sample
762x54r,2026-07-11,Sample Retailer D,597.66,1000,sample
762x54r,2026-07-11,Sample Retailer E,12.14,20,sample
762x54r,2026-07-11,Sample Retailer A,156.32,250,sample
762x54r,2026-07-11,Sample Retailer C,346.75,500,sample
762x54r,2026-07-12,Sample Retailer B,12.39,20,sample
762x54r,2026-07-12,Sample Retailer D,34.97,50,sample
762x54r,2026-07-12,Sample Retailer E,55.44,100,sample
762x54r,2026-07-12,Sample Retailer C,33.06,50,sample
762x54r,2026-07-12,Sample Retailer A,13.13,20,sample
762x54r,2026-07-13,Sample Retailer A,12.87,20,sample
762x54r,2026-07-13,Sample Retailer C,563.16,1000,sample
762x54r,2026-07-13,Sample Retailer E,545.58,1000,sample
762x54r,2026-07-13,Sample Retailer B,487.51,1000,sample
762x54r,2026-07-14,Sample Retailer C,14.45,20,sample
762x54r,2026-07-14,Sample Retailer D,134.7,250,sample
762x54r,2026-07-14,Sample Retailer B,260.13,500,sample
762x54r,2026-07-15,Sample Retailer D,62.61,100,sample
762x54r,2026-07-15,Sample Retailer A,337.03,500,sample
762x54r,2026-07-15,Sample Retailer C,303.76,500,sample
762x54r,2026-07-16,Sample Retailer C,30.59,50,sample
762x54r,2026-07-16,Sample Retailer E,617.56,1000,sample
762x54r,2026-07-16,Sample Retailer B,65.44,100,sample
762x54r,2026-07-16,Sample Retailer A,155.2,250,sample
762x54r,2026-07-16,Sample Retailer D,13.37,20,sample
762x54r,2026-07-17,Sample Retailer E,12.07,20,sample
762x54r,2026-07-17,Sample Retailer C,279.54,500,sample
762x54r,2026-07-17,Sample Retailer B,292.09,500,sample
762x54r,2026-07-17,Sample Retailer D,289.04,500,sample
762x54r,2026-07-18,Sample Retailer B,29.79,50,sample
762x54r,2026-07-18,Sample Retailer A,523.88,1000,sample
762x54r,2026-07-18,Sample Retailer C,31.81,50,sample
762x54r,2026-07-18,Sample Retailer D,11.61,20,sample
762x54r,2026-07-18,Sample Retailer E,13.59,20,sample
762x54r,2026-07-19,Sample Retailer D,130.96,250,sample
762x54r,2026-07-19,Sample Retailer B,264.43,500,sample
762x54r,2026-07-19,Sample Retailer E,598.5,1000,sample
762x54r,2026-07-19,Sample Retailer C,13.11,20,sample
762x54r,2026-07-19,Sample Retailer A,154.14,250,sample
762x54r,2026-07-20,Sample Retailer C,140.45,250,sample
762x54r,2026-07-20,Sample Retailer D,12.93,20,sample
762x54r,2026-07-20,Sample Retailer E,13.71,20,sample
762x54r,2026-07-20,Sample Retailer A,55.73,100,sample
762x54r,2026-07-20,Sample Retailer B,147.6,250,sample
762x54r,2026-07-21,Sample Retailer D,135.22,250,sample
762x54r,2026-07-21,Sample Retailer C,30.62,50,sample
762x54r,2026-07-21,Sample Retailer E,59.12,100,sample
762x54r,2026-07-21,Sample Retailer A,588.99,1000,sample
762x54r,2026-07-22,Sample Retailer A,61.85,100,sample
762x54r,2026-07-22,Sample Retailer D,33.52,50,sample
762x54r,2026-07-22,Sample Retailer C,556.6,1000,sample
762x54r,2026-07-22,Sample Retailer B,138.8,250,sample
762x54r,2026-07-22,Sample Retailer E,134.84,250,sample
762x54r,2026-07-23,Sample Retailer D,33.64,50,sample
762x54r,2026-07-23,Sample Retailer C,61.33,100,sample
762x54r,2026-07-23,Sample Retailer A,61.58,100,sample
762x54r,2026-07-23,Sample Retailer E,74.78,100,sample
762x54r,2026-07-24,Sample Retailer B,635.11,1000,sample
762x54r,2026-07-24,Sample Retailer C,33.22,50,sample
762x54r,2026-07-24,Sample Retailer A,273.91,500,sample
762x54r,2026-07-24,Sample Retailer E,54.55,100,sample
762x54r,2026-07-24,Sample Retailer D,31.06,50,sample
762x54r,2026-07-25,Sample Retailer B,62.75,100,sample
762x54r,2026-07-25,Sample Retailer C,11.76,20,sample
762x54r,2026-07-25,Sample Retailer E,315.46,500,sample
762x54r,2026-07-25,Sample Retailer D,57.78,100,sample
762x54r,2026-07-25,Sample Retailer A,272.72,500,sample
762x54r,2026-07-26,Sample Retailer B,130.51,250,sample
762x54r,2026-07-26,Sample Retailer C,31.45,50,sample
762x54r,2026-07-26,Sample Retailer A,33.05,50,sample
762x54r,2026-07-26,Sample Retailer D,154.69,250,sample
762x54r,2026-07-26,Sample Retailer E,27.91,50,sample
762x54r,2026-07-27,Sample Retailer A,248.93,500,sample
762x54r,2026-07-27,Sample Retailer E,29.69,50,sample
762x54r,2026-07-27,Sample Retailer B,557.15,1000,sample
762x54r,2026-07-28,Sample Retailer D,139.05,250,sample
762x54r,2026-07-28,Sample Retailer E,12.15,20,sample
762x54r,2026-07-28,Sample Retailer A,63.85,100,sample
762x54r,2026-07-29,Sample Retailer A,322.06,500,sample
762x54r,2026-07-29,Sample Retailer C,150.57,250,sample
762x54r,2026-07-29,Sample Retailer D,57.36,100,sample
762x54r,2026-07-30,Sample Retailer E,156.47,250,sample
762x54r,2026-07-30,Sample Retailer D,64.77,100,sample
762x54r,2026-07-30,Sample Retailer B,583.43,1000,sample
762x54r,2026-07-31,Sample Retailer A,67.78,100,sample
762x54r,2026-07-31,Sample Retailer C,295.24,500,sample
762x54r,2026-07-31,Sample Retailer D,38.77,50,sample
762x54r,2026-08-01,Sample Retailer A,11.88,20,sample
762x54r,2026-08-01,Sample Retailer D,154.75,250,sample
762x54r,2026-08-01,Sample Retailer C,158.91,250,sample
762x54r,2026-08-01,Sample Retailer B,30.41,50,sample
762x54r,2026-08-02,Sample Retailer E,34.2,50,sample
762x54r,2026-08-02,Sample Retailer A,13.57,20,sample
762x54r,2026-08-02,Sample Retailer B,60.56,100,sample
762x54r,2026-08-02,Sample Retailer D,31.7,50,sample
762x54r,2026-08-02,Sample Retailer C,146.35,250,sample
762x54r,2026-08-03,Sample Retailer D,58.39,100,sample
762x54r,2026-08-03,Sample Retailer E,296.49,500,sample
762x54r,2026-08-03,Sample Retailer B,280.04,500,sample
762x54r,2026-08-03,Sample Retailer A,614.97,1000,sample
762x54r,2026-08-04,Sample Retailer B,353.3,500,sample
762x54r,2026-08-04,Sample Retailer A,556.09,1000,sample
762x54r,2026-08-04,Sample Retailer E,13.85,20,sample
762x54r,2026-08-05,Sample Retailer C,34.26,50,sample
762x54r,2026-08-05,Sample Retailer E,11.6,20,sample
762x54r,2026-08-05,Sample Retailer A,299.13,500,sample
762x54r,2026-08-06,Sample Retailer C,57.23,100,sample
762x54r,2026-08-06,Sample Retailer B,32.6,50,sample
762x54r,2026-08-06,Sample Retailer D,582.56,1000,sample
762x54r,2026-08-06,Sample Retailer A,12.55,20,sample
762x54r,2026-08-07,Sample Retailer D,267.22,500,sample
762x54r,2026-08-07,Sample Retailer B,34.69,50,sample
762x54r,2026-08-07,Sample Retailer E,58.21,100,sample
762x54r,2026-08-08,Sample Retailer B,145.73,250,sample
762x54r,2026-08-08,Sample Retailer E,29.47,50,sample
762x54r,2026-08-08,Sample Retailer D,55.06,100,sample
762x54r,2026-08-08,Sample Retailer A,294.13,500,sample
762x54r,2026-08-08,Sample Retailer C,724.29,1000,sample
762x54r,2026-08-09,Sample Retailer E,577.08,1000,sample
762x54r,2026-08-09,Sample Retailer C,59.53,100,sample
762x54r,2026-08-09,Sample Retailer D,13.32,20,sample
762x54r,2026-08-09,Sample Retailer A,162.3,250,sample
762x54r,2026-08-09,Sample Retailer B,153.67,250,sample
762x54r,2026-08-10,Sample Retailer B,155.3,250,sample
762x54r,2026-08-10,Sample Retailer E,643.87,1000,sample
762x54r,2026-08-10,Sample Retailer C,578.2,1000,sample
762x54r,2026-08-11,Sample Retailer E,582.75,1000,sample
762x54r,2026-08-11,Sample Retailer B,158.91,250,sample
762x54r,2026-08-11,Sample Retailer C,31.18,50,sample
762x54r,2026-08-11,Sample Retailer A,140.91,250,sample
762x54r,2026-08-11,Sample Retailer D,11.4,20,sample
762x54r,2026-08-12,Sample Retailer D,31.33,50,sample
762x54r,2026-08-12,Sample Retailer A,147.75,250,sample
762x54r,2026-08-12,Sample Retailer B,35.67,50,sample
762x54r,2026-08-13,Sample Retailer C,312.36,500,sample
762x54r,2026-08-13,Sample Retailer A,12.2,20,sample
762x54r,2026-08-13,Sample Retailer D,145.89,250,sample
762x54r,2026-08-13,Sample Retailer E,34.19,50,sample
762x54r,2026-08-13,Sample Retailer B,133.17,250,sample
762x54r,2026-08-14,Sample Retailer B,55.09,100,sample
762x54r,2026-08-14,Sample Retailer E,300.27,500,sample
762x54r,2026-08-14,Sample Retailer A,13.48,20,sample
762x54r,2026-08-14,Sample Retailer D,138.94,250,sample
762x54r,2026-08-15,Sample Retailer A,248.36,500,sample
762x54r,2026-08-15,Sample Retailer E,314.51,500,sample
762x54r,2026-08-15,Sample Retailer B,288.49,500,sample
762x54r,2026-08-15,Sample Retailer D,392.97,500,sample
762x54r,2026-08-15,Sample Retailer C,32.03,50,sample
762x54r,2026-08-16,Sample Retailer D,267.58,500,sample
762x54r,2026-08-16,Sample Retailer A,34.35,50,sample
762x54r,2026-08-16,Sample Retailer B,62.79,100,sample
762x54r,2026-08-16,Sample Retailer E,296.54,500,sample
762x54r,2026-08-17,Sample Retailer E,180.47,250,sample
762x54r,2026-08-17,Sample Retailer B,36.01,50,sample
762x54r,2026-08-17,Sample Retailer C,30.27,50,sample
762x54r,2026-08-17,Sample Retailer A,32.54,50,sample
762x54r,2026-08-18,Sample Retailer E,59.79,100,sample
762x54r,2026-08-18,Sample Retailer A,632.73,1000,sample
762x54r,2026-08-18,Sample Retailer B,12.85,20,sample
762x54r,2026-08-18,Sample Retailer C,289.02,500,sample
762x54r,2026-08-19,Sample Retailer A,58.18,100,sample
762x54r,2026-08-19,Sample Retailer B,160.85,250,sample
762x54r,2026-08-19,Sample Retailer C,599.11,1000,sample
762x54r,2026-08-19,Sample Retailer E,61.69,100,sample
762x54r,2026-08-20,Sample Retailer A,37.39,50,sample
762x54r,2026-08-20,Sample Retailer C,148.91,250,sample
762x54r,2026-08-20,Sample Retailer E,62.17,100,sample
762x54r,2026-08-21,Sample Retailer B,172.01,250,sample
762x54r,2026-08-21,Sample Retailer C,530.98,1000,sample
762x54r,2026-08-21,Sample Retailer E,32.68,50,sample
762x54r,2026-08-22,Sample Retailer C,149.42,250,sample
762x54r,2026-08-22,Sample Retailer D,553.47,1000,sample
762x54r,2026-08-22,Sample Retailer A,27.33,50,sample
762x54r,2026-08-23,Sample Retailer D,31.94,50,sample
762x54r,2026-08-23,Sample Retailer C,793.56,1000,sample
762x54r,2026-08-23,Sample Retailer E,572.73,1000,sample
762x54r,2026-08-23,Sample Retailer B,166.08,250,sample
762x54r,2026-08-23,Sample Retailer A,126.1,250,sample
762x54r,2026-08-24,Sample Retailer B,150.4,250,sample
762x54r,2026-08-24,Sample Retailer C,57.04,100,sample
762x54r,2026-08-24,Sample Retailer E,53.95,100,sample
762x54r,2026-08-24,Sample Retailer D,147.95,250,sample
762x54r,2026-08-25,Sample Retailer A,302.46,500,sample
762x54r,2026-08-25,Sample Retailer B,599.13,1000,sample
762x54r,2026-08-25,Sample Retailer E,548.56,1000,sample
762x54r,2026-08-25,Sample Retailer D,34.33,50,sample
762x54r,2026-08-26,Sample Retailer A,133.65,250,sample
762x54r,2026-08-26,Sample Retailer B,139.75,250,sample
762x54r,2026-08-26,Sample Retailer C,140.51,250,sample
762x54r,2026-08-27,Sample Retailer A,294.77,500,sample
762x54r,2026-08-27,Sample Retailer B,153.11,250,sample
762x54r,2026-08-27,Sample Retailer C,55.82,100,sample
762x54r,2026-08-27,Sample Retailer E,152.05,250,sample
762x54r,2026-08-27,Sample Retailer D,63.32,100,sample
762x54r,2026-08-28,Sample Retailer C,29.07,50,sample
762x54r,2026-08-28,Sample Retailer B,29.35,50,sample
762x54r,2026-08-28,Sample Retailer D,31.54,50,sample
762x54r,2026-08-28,Sample Retailer A,35.96,50,sample
762x54r,2026-08-28,Sample Retailer E,35.22,50,sample
762x54r,2026-08-29,Sample Retailer E,228.74,500,sample
762x54r,2026-08-29,Sample Retailer A,300.0,500,sample
762x54r,2026-08-29,Sample Retailer C,14.44,20,sample
762x54r,2026-08-30,Sample Retailer E,291.25,500,sample
762x54r,2026-08-30,Sample Retailer B,62.4,100,sample
762x54r,2026-08-30,Sample Retailer A,500.8,1000,sample
762x54r,2026-08-30,Sample Retailer C,29.27,50,sample
762x54r,2026-08-30,Sample Retailer D,159.07,250,sample
762x54r,2026-08-31,Sample Retailer D,13.87,20,sample
762x54r,2026-08-31,Sample Retailer A,160.39,250,sample
762x54r,2026-08-31,Sample Retailer C,562.84,1000,sample
762x54r,2026-09-01,Sample Retailer B,599.4,1000,sample
762x54r,2026-09-01,Sample Retailer C,42.05,50,sample
762x54r,2026-09-01,Sample Retailer D,621.89,1000,sample
762x54r,2026-09-01,Sample Retailer A,139.99,250,sample
762x54r,2026-09-02,Sample Retailer C,57.15,100,sample
762x54r,2026-09-02,Sample Retailer A,31.34,50,sample
762x54r,2026-09-02,Sample Retailer D,33.51,50,sample
762x54r,2026-09-02,Sample Retailer E,724.2,1000,sample
762x54r,2026-09-03,Sample Retailer C,49.56,100,sample
762x54r,2026-09-03,Sample Retailer B,579.21,1000,sample
762x54r,2026-09-03,Sample Retailer D,13.56,20,sample
762x54r,2026-09-04,Sample Retailer E,35.77,50,sample
762x54r,2026-09-04,Sample Retailer A,295.12,500,sample
762x54r,2026-09-04,Sample Retailer B,35.89,50,sample
762x54r,2026-09-04,Sample Retailer D,32.3,50,sample
762x54r,2026-09-04,Sample Retailer C,639.25,1000,sample
762x54r,2026-09-05,Sample Retailer C,344.07,500,sample
762x54r,2026-09-05,Sample Retailer B,150.62,250,sample
762x54r,2026-09-05,Sample Retailer A,302.23,500,sample
762x54r,2026-09-05,Sample Retailer D,56.31,100,sample
762x54r,2026-09-05,Sample Retailer E,147.81,250,sample
762x54r,2026-09-06,Sample Retailer E,13.17,20,sample
762x54r,2026-09-06,Sample Retailer C,58.31,100,sample
762x54r,2026-09-06,Sample Retailer B,39.14,50,sample
762x54r,2026-09-07,Sample Retailer D,39.25,50,sample
762x54r,2026-09-07,Sample Retailer A,12.81,20,sample
762x54r,2026-09-07,Sample Retailer C,14.14,20,sample
762x54r,2026-09-07,Sample Retailer E,280.44,500,sample
762x54r,2026-09-08,Sample Retailer C,300.09,500,sample
762x54r,2026-09-08,Sample Retailer E,663.24,1000,sample
762x54r,2026-09-08,Sample Retailer D,157.09,250,sample
762x54r,2026-09-09,Sample Retailer A,549.83,1000,sample
762x54r,2026-09-09,Sample Retailer B,161.57,250,sample
762x54r,2026-09-09,Sample Retailer E,68.98,100,sample
762x54r,2026-09-09,Sample Retailer C,334.39,500,sample
762x54r,2026-09-09,Sample Retailer D,13.2,20,sample
762x54r,2026-09-10,Sample Retailer D,588.04,1000,sample
762x54r,2026-09-10,Sample Retailer B,603.57,1000,sample
762x54r,2026-09-10,Sample Retailer E,13.66,20,sample
762x54r,2026-09-10,Sample Retailer A,149.89,250,sample
762x54r,2026-09-11,Sample Retailer B,660.97,1000,sample
762x54r,2026-09-11,Sample Retailer A,159.97,250,sample
762x54r,2026-09-11,Sample Retailer C,283.84,500,sample
762x54r,2026-09-12,Sample Retailer D,564.59,1000,sample
762x54r,2026-09-12,Sample Retailer B,138.18,250,sample
762x54r,2026-09-12,Sample Retailer E,278.45,500,sample
762x54r,2026-09-12,Sample Retailer C,68.92,100,sample
762x54r,2026-09-13,Sample Retailer E,541.84,1000,sample
762x54r,2026-09-13,Sample Retailer B,60.6,100,sample
762x54r,2026-09-13,Sample Retailer D,36.07,50,sample
762x54r,2026-09-13,Sample Retailer A,13.7,20,sample
762x54r,2026-09-14,Sample Retailer A,32.63,50,sample
762x54r,2026-09-14,Sample Retailer B,521.38,1000,sample
762x54r,2026-09-14,Sample Retailer C,142.12,250,sample
762x54r,2026-09-15,Sample Retailer A,596.36,1000,sample
762x54r,2026-09-15,Sample Retailer D,172.61,250,sample
762x54r,2026-09-15,Sample Retailer B,14.81,20,sample
762x54r,2026-09-16,Sample Retailer E,152.06,250,sample
762x54r,2026-09-16,Sample Retailer B,62.17,100,sample
762x54r,2026-09-16,Sample Retailer C,11.26,20,sample
762x54r,2026-09-16,Sample Retailer D,272.21,500,sample
762x54r,2026-09-17,Sample Retailer E,559.57,1000,sample
762x54r,2026-09-17,Sample Retailer D,575.56,1000,sample
762x54r,2026-09-17,Sample Retailer A,13.21,20,sample
762x54r,2026-09-17,Sample Retailer C,269.21,500,sample
762x54r,2026-09-18,Sample Retailer C,11.85,20,sample
762x54r,2026-09-18,Sample Retailer E,595.48,1000,sample
762x54r,2026-09-18,Sample Retailer B,144.54,250,sample
762x54r,2026-09-18,Sample Retailer D,67.15,100,sample
762x54r,2026-09-18,Sample Retailer A,12.98,20,sample
762x54r,2026-09-19,Sample Retailer C,119.72,250,sample
762x54r,2026-09-19,Sample Retailer D,14.92,20,sample
762x54r,2026-09-19,Sample Retailer B,34.9,50,sample
762x54r,2026-09-19,Sample Retailer E,577.63,1000,sample
762x54r,2026-09-19,Sample Retailer A,59.96,100,sample
762x54r,2026-09-20,Sample Retailer B,160.18,250,sample
762x54r,2026-09-20,Sample Retailer C,151.87,250,sample
762x54r,2026-09-20,Sample Retailer A,31.26,50,sample
762x54r,2026-09-20,Sample Retailer D,144.56,250,sample
762x54r,2026-09-21,Sample Retailer D,12.19,20,sample
762x54r,2026-09-21,Sample Retailer A,31.92,50,sample
762x54r,2026-09-21,Sample Retailer C,32.97,50,sample
762x54r,2026-09-22,Sample Retailer B,29.07,50,sample
762x54r,2026-09-22,Sample Retailer D,54.01,100,sample
762x54r,2026-09-22,Sample Retailer A,63.38,100,sample
762x54r,2026-09-22,Sample Retailer E,58.68,100,sample
762x54r,2026-09-23,Sample Retailer C,33.73,50,sample
762x54r,2026-09-23,Sample Retailer B,141.02,250,sample
762x54r,2026-09-23,Sample Retailer D,49.09,100,sample
762x54r,2026-09-24,Sample Retailer A,652.29,1000,sample
762x54r,2026-09-24,Sample Retailer E,12.01,20,sample
762x54r,2026-09-24,Sample Retailer C,56.55,100,sample
762x54r,2026-09-24,Sample Retailer D,302.44,500,sample
762x54r,2026-09-25,Sample Retailer D,35.33,50,sample
762x54r,2026-09-25,Sample Retailer E,38.22,50,sample
762x54r,2026-09-25,Sample Retailer B,30.47,50,sample
762x54r,2026-09-25,Sample Retailer A,128.8,250,sample
762x54r,2026-09-26,Sample Retailer D,650.74,1000,sample
762x54r,2026-09-26,Sample Retailer E,347.84,500,sample
762x54r,2026-09-26,Sample Retailer C,12.18,20,sample
762x54r,2026-09-27,Sample Retailer D,14.62,20,sample
762x54r,2026-09-27,Sample Retailer B,33.54,50,sample
762x54r,2026-09-27,Sample Retailer E,301.75,500,sample
762x54r,2026-09-27,Sample Retailer C,32.94,50,sample
762x54r,2026-09-28,Sample Retailer E,328.76,500,sample
762x54r,2026-09-28,Sample Retailer C,306.38,500,sample
762x54r,2026-09-28,Sample Retailer A,12.37,20,sample
762x54r,2026-09-28,Sample Retailer D,14.09,20,sample
762x54r,2026-09-28,Sample Retailer B,157.62,250,sample
762x54r,2026-09-29,Sample Retailer A,161.43,250,sample
762x54r,2026-09-29,Sample Retailer C,532.28,1000,sample
762x54r,2026-09-29,Sample Retailer B,12.26,20,sample
762x54r,2026-09-29,Sample Retailer E,142.28,250,sample
762x54r,2026-09-30,Sample Retailer E,12.34,20,sample
762x54r,2026-09-30,Sample Retailer B,156.5,250,sample
762x54r,2026-09-30,Sample Retailer C,156.15,250,sample
762x54r,2026-09-30,Sample Retailer D,13.13,20,sample
762x54r,2026-10-01,Sample Retailer C,140.47,250,sample
762x54r,2026-10-01,Sample Retailer E,63.48,100,sample
762x54r,2026-10-01,Sample Retailer B,307.97,500,sample
762x54r,2026-10-01,Sample Retailer A,163.41,250,sample
762x54r,2026-10-02,Sample Retailer D,11.48,20,sample
762x54r,2026-10-02,Sample Retailer A,286.09,500,sample
762x54r,2026-10-02,Sample Retailer B,132.79,250,sample
762x54r,2026-10-02,Sample Retailer E,54.07,100,sample
762x54r,2026-10-03,Sample Retailer C,66.99,100,sample
762x54r,2026-10-03,Sample Retailer D,57.3,100,sample
762x54r,2026-10-03,Sample Retailer B,34.14,50,sample
762x54r,2026-10-04,Sample Retailer C,31.14,50,sample
762x54r,2026-10-04,Sample Retailer B,13.45,20,sample
762x54r,2026-10-04,Sample Retailer E,152.24,250,sample
762x54r,2026-10-04,Sample Retailer D,53.58,100,sample
762x54r,2026-10-04,Sample Retailer A,300.06,500,sample
762x54r,2026-10-05,Sample Retailer C,54.57,100,sample
762x54r,2026-10-05,Sample Retailer E,32.14,50,sample
762x54r,2026-10-05,Sample Retailer B,13.94,20,sample
762x54r,2026-10-05,Sample Retailer A,12.12,20,sample
762x54r,2026-10-06,Sample Retailer B,662.87,1000,sample
762x54r,2026-10-06,Sample Retailer E,502.82,1000,sample
762x54r,2026-10-06,Sample Retailer D,636.87,1000,sample
