model_id,date,condition,price,source
m1-garand,2025-10-07,very_good,1178,sample
m1-carbine,2025-10-07,excellent,1927,sample
m1911a1,2025-10-07,good,2263,sample
mosin-9130,2025-10-07,very_good,409,sample
mosin-9130,2025-10-07,very_good,377,sample
mosin-9130,2025-10-07,excellent,505,sample
colt-python,2025-10-07,good,1118,sample
sw-model-29,2025-10-07,excellent,1742,sample
glock-19-g5,2025-10-07,very_good,432,sample
glock-19-g5,2025-10-07,good,279,sample
ruger-1022,2025-10-07,good,204,sample
ruger-1022,2025-10-07,very_good,270,sample
m1-garand,2025-10-08,very_good,1214,sample
m1911a1,2025-10-08,excellent,4580,sample
colt-saa,2025-10-08,very_good,2293,sample
winchester-1873,2025-10-08,very_good,1340,sample
mosin-9130,2025-10-08,very_good,441,sample
mosin-9130,2025-10-08,very_good,398,sample
sks,2025-10-08,very_good,575,sample
colt-python,2025-10-08,good,989,sample
sw-model-29,2025-10-08,very_good,1079,sample
sw-model-29,2025-10-08,excellent,1651,sample
glock-19-g5,2025-10-08,excellent,727,sample
glock-19-g5,2025-10-08,very_good,396,sample
glock-19-g5,2025-10-08,very_good,457,sample
sig-p365,2025-10-08,good,319,sample
ruger-1022,2025-10-08,very_good,308,sample
m1-carbine,2025-10-09,good,1028,sample
m1-carbine,2025-10-09,good,1656,sample
m1-carbine,2025-10-09,good,1294,sample
thompson-1927a1,2025-10-09,very_good,1346,sample
m1911a1,2025-10-09,very_good,2641,sample
springfield-m1a,2025-10-09,good,1480,sample
sks,2025-10-09,very_good,625,sample
sks,2025-10-09,very_good,499,sample
colt-python,2025-10-09,excellent,1859,sample
colt-python,2025-10-09,good,1285,sample
colt-python,2025-10-09,very_good,1662,sample
sw-model-29,2025-10-09,very_good,1001,sample
sig-p365,2025-10-09,excellent,673,sample
sig-p365,2025-10-09,excellent,587,sample
sig-p365,2025-10-09,very_good,450,sample
sig-p365,2025-10-09,very_good,524,sample
ruger-1022,2025-10-09,excellent,313,sample
ruger-1022,2025-10-09,good,187,sample
m1-garand,2025-10-10,excellent,2020,sample
m1911a1,2025-10-10,very_good,2662,sample
winchester-1873,2025-10-10,very_good,1480,sample
winchester-1873,2025-10-10,very_good,1473,sample
springfield-m1a,2025-10-10,excellent,2314,sample
glock-19-g5,2025-10-10,very_good,400,sample
glock-19-g5,2025-10-10,excellent,824,sample
sig-p365,2025-10-10,very_good,468,sample
sig-p365,2025-10-10,very_good,514,sample
ruger-1022,2025-10-10,very_good,340,sample
ruger-1022,2025-10-10,very_good,268,sample
mauser-k98k,2025-10-11,very_good,1533,sample
mosin-9130,2025-10-11,good,333,sample
mosin-9130,2025-10-11,good,320,sample
colt-python,2025-10-11,very_good,1419,sample
glock-19-g5,2025-10-11,excellent,608,sample
glock-19-g5,2025-10-11,very_good,532,sample
sig-p365,2025-10-11,very_good,421,sample
sig-p365,2025-10-11,excellent,596,sample
sig-p365,2025-10-11,excellent,804,sample
sig-p365,2025-10-11,good,347,sample
ruger-1022,2025-10-11,very_good,299,sample
ruger-1022,2025-10-11,good,188,sample
m1-garand,2025-10-12,very_good,1301,sample
m1-carbine,2025-10-12,very_good,1615,sample
springfield-m1a,2025-10-12,good,1326,sample
mauser-k98k,2025-10-12,excellent,2040,sample
mosin-9130,2025-10-12,good,358,sample
mosin-9130,2025-10-12,good,315,sample
glock-19-g5,2025-10-12,good,406,sample
glock-19-g5,2025-10-12,very_good,541,sample
glock-19-g5,2025-10-12,good,299,sample
ruger-1022,2025-10-12,very_good,241,sample
winchester-1873,2025-10-13,good,1106,sample
mauser-k98k,2025-10-13,good,1351,sample
mosin-9130,2025-10-13,very_good,351,sample
mosin-9130,2025-10-13,very_good,404,sample
colt-python,2025-10-13,good,1261,sample
colt-python,2025-10-13,good,1319,sample
sw-model-29,2025-10-13,very_good,1320,sample
glock-19-g5,2025-10-13,very_good,531,sample
glock-19-g5,2025-10-13,very_good,535,sample
glock-19-g5,2025-10-13,excellent,648,sample
sig-p365,2025-10-13,good,326,sample
ruger-1022,2025-10-13,excellent,370,sample
m1-garand,2025-10-14,good,1153,sample
m1-carbine,2025-10-14,good,1374,sample
thompson-1927a1,2025-10-14,very_good,1605,sample
m1911a1,2025-10-14,very_good,3540,sample
winchester-1873,2025-10-14,very_good,1817,sample
winchester-1873,2025-10-14,good,995,sample
springfield-m1a,2025-10-14,good,1211,sample
mauser-k98k,2025-10-14,very_good,1375,sample
colt-python,2025-10-14,very_good,1504,sample
colt-python,2025-10-14,good,1405,sample
glock-19-g5,2025-10-14,good,444,sample
glock-19-g5,2025-10-14,good,365,sample
sig-p365,2025-10-14,excellent,663,sample
sig-p365,2025-10-14,very_good,451,sample
sig-p365,2025-10-14,excellent,601,sample
ruger-1022,2025-10-14,good,192,sample
m1-garand,2025-10-15,very_good,1413,sample
m1-garand,2025-10-15,very_good,1536,sample
mosin-9130,2025-10-15,very_good,346,sample
sks,2025-10-15,very_good,543,sample
sks,2025-10-15,good,447,sample
colt-python,2025-10-15,good,1134,sample
glock-19-g5,2025-10-15,very_good,387,sample
glock-19-g5,2025-10-15,very_good,438,sample
glock-19-g5,2025-10-15,very_good,449,sample
glock-19-g5,2025-10-15,good,378,sample
sig-p365,2025-10-15,very_good,434,sample
sig-p365,2025-10-15,very_good,394,sample
ruger-1022,2025-10-15,very_good,234,sample
ruger-1022,2025-10-15,good,223,sample
ruger-1022,2025-10-15,excellent,381,sample
m1-carbine,2025-10-16,good,1160,sample
m1911a1,2025-10-16,good,2187,sample
mauser-k98k,2025-10-16,good,974,sample
enfield-no4,2025-10-16,good,504,sample
sks,2025-10-16,very_good,887,sample
glock-19-g5,2025-10-16,excellent,733,sample
glock-19-g5,2025-10-16,very_good,453,sample
glock-19-g5,2025-10-16,very_good,518,sample
glock-19-g5,2025-10-16,good,383,sample
sig-p365,2025-10-16,good,323,sample
sig-p365,2025-10-16,very_good,678,sample
ruger-1022,2025-10-16,very_good,262,sample
ruger-1022,2025-10-16,good,232,sample
ruger-1022,2025-10-16,excellent,460,sample
m1-garand,2025-10-17,very_good,1165,sample
m1-carbine,2025-10-17,very_good,1537,sample
thompson-1927a1,2025-10-17,very_good,1417,sample
m1911a1,2025-10-17,very_good,2702,sample
colt-saa,2025-10-17,good,1786,sample
mosin-9130,2025-10-17,good,298,sample
enfield-no4,2025-10-17,very_good,678,sample
colt-python,2025-10-17,very_good,1555,sample
sw-model-29,2025-10-17,very_good,1200,sample
sw-model-29,2025-10-17,very_good,1354,sample
sig-p365,2025-10-17,very_good,457,sample
ruger-1022,2025-10-17,excellent,344,sample
mauser-k98k,2025-10-18,excellent,1683,sample
mosin-9130,2025-10-18,excellent,529,sample
mosin-9130,2025-10-18,good,343,sample
enfield-no4,2025-10-18,very_good,772,sample
colt-python,2025-10-18,excellent,2195,sample
colt-python,2025-10-18,good,1323,sample
sw-model-29,2025-10-18,very_good,1093,sample
sig-p365,2025-10-18,excellent,805,sample
m1-garand,2025-10-19,excellent,1873,sample
mauser-k98k,2025-10-19,good,1189,sample
glock-19-g5,2025-10-19,very_good,472,sample
sig-p365,2025-10-19,excellent,533,sample
sig-p365,2025-10-19,good,378,sample
sig-p365,2025-10-19,very_good,421,sample
ruger-1022,2025-10-19,very_good,217,sample
m1-garand,2025-10-20,excellent,2156,sample
m1-garand,2025-10-20,excellent,1684,sample
sks,2025-10-20,very_good,675,sample
glock-19-g5,2025-10-20,very_good,463,sample
glock-19-g5,2025-10-20,very_good,395,sample
sig-p365,2025-10-20,very_good,357,sample
ruger-1022,2025-10-20,good,180,sample
m1-garand,2025-10-21,good,1175,sample
m1-carbine,2025-10-21,good,1274,sample
springfield-m1a,2025-10-21,very_good,1494,sample
mosin-9130,2025-10-21,good,290,sample
mosin-9130,2025-10-21,very_good,434,sample
colt-python,2025-10-21,very_good,1690,sample
colt-python,2025-10-21,very_good,1738,sample
glock-19-g5,2025-10-21,very_good,652,sample
m1-carbine,2025-10-22,excellent,2064,sample
colt-saa,2025-10-22,good,1778,sample
colt-saa,2025-10-22,very_good,2218,sample
springfield-m1a,2025-10-22,excellent,2364,sample
springfield-m1a,2025-10-22,good,1236,sample
mauser-k98k,2025-10-22,very_good,1472,sample
enfield-no4,2025-10-22,very_good,844,sample
colt-python,2025-10-22,very_good,1672,sample
sw-model-29,2025-10-22,very_good,1163,sample
glock-19-g5,2025-10-22,very_good,479,sample
sig-p365,2025-10-22,excellent,703,sample
sig-p365,2025-10-22,excellent,737,sample
sig-p365,2025-10-22,good,290,sample
ruger-1022,2025-10-22,excellent,363,sample
m1-garand,2025-10-23,very_good,1157,sample
m1-carbine,2025-10-23,excellent,1912,sample
thompson-1927a1,2025-10-23,good,1078,sample
colt-saa,2025-10-23,good,1921,sample
winchester-1873,2025-10-23,excellent,1803,sample
winchester-1873,2025-10-23,good,1099,sample
mosin-9130,2025-10-23,good,355,sample
sks,2025-10-23,excellent,633,sample
colt-python,2025-10-23,very_good,1534,sample
glock-19-g5,2025-10-23,very_good,383,sample
ruger-1022,2025-10-23,very_good,260,sample
m1-carbine,2025-10-24,good,1146,sample
m1-carbine,2025-10-24,very_good,1403,sample
colt-saa,2025-10-24,very_good,2499,sample
winchester-1873,2025-10-24,good,1076,sample
mauser-k98k,2025-10-24,very_good,1455,sample
mosin-9130,2025-10-24,very_good,355,sample
mosin-9130,2025-10-24,very_good,339,sample
sks,2025-10-24,excellent,765,sample
glock-19-g5,2025-10-24,good,330,sample
glock-19-g5,2025-10-24,very_good,488,sample
sig-p365,2025-10-24,good,345,sample
sig-p365,2025-10-24,very_good,344,sample
ruger-1022,2025-10-24,very_good,283,sample
enfield-no4,2025-10-25,very_good,775,sample
glock-19-g5,2025-10-25,good,403,sample
glock-19-g5,2025-10-25,very_good,573,sample
sig-p365,2025-10-25,good,380,sample
ruger-1022,2025-10-25,good,211,sample
m1-garand,2025-10-26,good,1115,sample
colt-saa,2025-10-26,excellent,3629,sample
colt-saa,2025-10-26,very_good,2430,sample
mauser-k98k,2025-10-26,good,924,sample
sks,2025-10-26,excellent,702,sample
sw-model-29,2025-10-26,good,908,sample
sig-p365,2025-10-26,good,315,sample
sig-p365,2025-10-26,very_good,371,sample
sig-p365,2025-10-26,very_good,509,sample
sig-p365,2025-10-26,very_good,406,sample
sig-p365,2025-10-26,very_good,374,sample
ruger-1022,2025-10-26,good,200,sample
ruger-1022,2025-10-26,very_good,419,sample
ruger-1022,2025-10-26,very_good,284,sample
ruger-1022,2025-10-26,good,186,sample
mosin-9130,2025-10-27,excellent,491,sample
mosin-9130,2025-10-27,good,285,sample
glock-19-g5,2025-10-27,very_good,462,sample
glock-19-g5,2025-10-27,very_good,488,sample
glock-19-g5,2025-10-27,good,399,sample
glock-19-g5,2025-10-27,excellent,657,sample
sig-p365,2025-10-27,very_good,419,sample
sig-p365,2025-10-27,excellent,580,sample
ruger-1022,2025-10-27,good,220,sample
m1-carbine,2025-10-28,excellent,1966,sample
m1-carbine,2025-10-28,good,1486,sample
m1911a1,2025-10-28,very_good,3197,sample
colt-saa,2025-10-28,very_good,1974,sample
winchester-1873,2025-10-28,very_good,1351,sample
mosin-9130,2025-10-28,very_good,378,sample
mosin-9130,2025-10-28,good,294,sample
enfield-no4,2025-10-28,good,576,sample
colt-python,2025-10-28,very_good,1736,sample
glock-19-g5,2025-10-28,good,381,sample
glock-19-g5,2025-10-28,very_good,455,sample
sig-p365,2025-10-28,very_good,419,sample
sig-p365,2025-10-28,very_good,483,sample
ruger-1022,2025-10-28,very_good,284,sample
ruger-1022,2025-10-28,very_good,262,sample
ruger-1022,2025-10-28,very_good,269,sample
m1-carbine,2025-10-29,good,1370,sample
m1-carbine,2025-10-29,excellent,2015,sample
thompson-1927a1,2025-10-29,excellent,2609,sample
springfield-m1a,2025-10-29,good,1396,sample
mauser-k98k,2025-10-29,very_good,1406,sample
glock-19-g5,2025-10-29,very_good,424,sample
glock-19-g5,2025-10-29,very_good,444,sample
sig-p365,2025-10-29,good,354,sample
sig-p365,2025-10-29,good,565,sample
sig-p365,2025-10-29,good,360,sample
sig-p365,2025-10-29,good,342,sample
m1-garand,2025-10-30,excellent,1827,sample
m1-garand,2025-10-30,excellent,1981,sample
m1-garand,2025-10-30,excellent,2063,sample
m1-garand,2025-10-30,very_good,1359,sample
m1-carbine,2025-10-30,excellent,2121,sample
thompson-1927a1,2025-10-30,very_good,1781,sample
colt-saa,2025-10-30,excellent,3545,sample
enfield-no4,2025-10-30,very_good,586,sample
colt-python,2025-10-30,good,1350,sample
glock-19-g5,2025-10-30,good,366,sample
glock-19-g5,2025-10-30,excellent,629,sample
glock-19-g5,2025-10-30,good,439,sample
sig-p365,2025-10-30,very_good,441,sample
sig-p365,2025-10-30,very_good,476,sample
sig-p365,2025-10-30,very_good,462,sample
sig-p365,2025-10-30,very_good,547,sample
ruger-1022,2025-10-30,very_good,276,sample
m1-garand,2025-10-31,excellent,2094,sample
springfield-m1a,2025-10-31,very_good,1578,sample
mosin-9130,2025-10-31,good,253,sample
enfield-no4,2025-10-31,good,595,sample
enfield-no4,2025-10-31,very_good,621,sample
glock-19-g5,2025-10-31,very_good,534,sample
glock-19-g5,2025-10-31,good,392,sample
glock-19-g5,2025-10-31,good,354,sample
glock-19-g5,2025-10-31,very_good,503,sample
glock-19-g5,2025-10-31,good,366,sample
sig-p365,2025-10-31,very_good,518,sample
sig-p365,2025-10-31,good,343,sample
ruger-1022,2025-10-31,good,197,sample
mosin-9130,2025-11-01,good,273,sample
mosin-9130,2025-11-01,very_good,438,sample
enfield-no4,2025-11-01,good,496,sample
sks,2025-11-01,excellent,716,sample
colt-python,2025-11-01,excellent,1837,sample
glock-19-g5,2025-11-01,very_good,666,sample
glock-19-g5,2025-11-01,very_good,512,sample
glock-19-g5,2025-11-01,very_good,543,sample
glock-19-g5,2025-11-01,excellent,667,sample
glock-19-g5,2025-11-01,very_good,441,sample
sig-p365,2025-11-01,very_good,436,sample
sig-p365,2025-11-01,very_good,528,sample
ruger-1022,2025-11-01,very_good,305,sample
ruger-1022,2025-11-01,good,246,sample
mosin-9130,2025-11-02,very_good,360,sample
enfield-no4,2025-11-02,good,720,sample
glock-19-g5,2025-11-02,very_good,745,sample
sig-p365,2025-11-02,very_good,478,sample
sig-p365,2025-11-02,excellent,636,sample
sig-p365,2025-11-02,good,341,sample
sig-p365,2025-11-02,good,417,sample
thompson-1927a1,2025-11-03,very_good,1730,sample
mosin-9130,2025-11-03,excellent,740,sample
enfield-no4,2025-11-03,very_good,792,sample
colt-python,2025-11-03,excellent,2309,sample
colt-python,2025-11-03,good,1390,sample
colt-python,2025-11-03,very_good,1396,sample
sig-p365,2025-11-03,very_good,486,sample
sig-p365,2025-11-03,good,371,sample
ruger-1022,2025-11-03,good,199,sample
ruger-1022,2025-11-03,very_good,247,sample
m1-garand,2025-11-04,very_good,1070,sample
m1-carbine,2025-11-04,excellent,1813,sample
thompson-1927a1,2025-11-04,good,1317,sample
m1911a1,2025-11-04,good,2254,sample
colt-saa,2025-11-04,very_good,2584,sample
springfield-m1a,2025-11-04,good,1027,sample
springfield-m1a,2025-11-04,very_good,1608,sample
glock-19-g5,2025-11-04,good,383,sample
glock-19-g5,2025-11-04,good,369,sample
glock-19-g5,2025-11-04,very_good,469,sample
glock-19-g5,2025-11-04,excellent,591,sample
sig-p365,2025-11-04,excellent,549,sample
ruger-1022,2025-11-04,very_good,233,sample
ruger-1022,2025-11-04,excellent,349,sample
thompson-1927a1,2025-11-05,very_good,1567,sample
mosin-9130,2025-11-05,good,311,sample
colt-python,2025-11-05,good,1546,sample
glock-19-g5,2025-11-05,excellent,598,sample
sig-p365,2025-11-05,very_good,446,sample
ruger-1022,2025-11-05,good,206,sample
ruger-1022,2025-11-05,very_good,317,sample
ruger-1022,2025-11-05,very_good,251,sample
ruger-1022,2025-11-05,good,208,sample
m1-garand,2025-11-06,very_good,1532,sample
mauser-k98k,2025-11-06,very_good,1437,sample
mosin-9130,2025-11-06,very_good,399,sample
mosin-9130,2025-11-06,good,354,sample
mosin-9130,2025-11-06,very_good,449,sample
enfield-no4,2025-11-06,good,526,sample
sks,2025-11-06,good,400,sample
glock-19-g5,2025-11-06,good,424,sample
glock-19-g5,2025-11-06,excellent,624,sample
glock-19-g5,2025-11-06,very_good,512,sample
glock-19-g5,2025-11-06,very_good,461,sample
sig-p365,2025-11-06,good,341,sample
ruger-1022,2025-11-06,very_good,242,sample
ruger-1022,2025-11-06,very_good,224,sample
m1-carbine,2025-11-07,very_good,1876,sample
m1-carbine,2025-11-07,good,1381,sample
mauser-k98k,2025-11-07,good,1024,sample
mosin-9130,2025-11-07,good,277,sample
mosin-9130,2025-11-07,excellent,608,sample
enfield-no4,2025-11-07,very_good,793,sample
sks,2025-11-07,excellent,875,sample
glock-19-g5,2025-11-07,very_good,422,sample
glock-19-g5,2025-11-07,good,366,sample
sig-p365,2025-11-07,very_good,465,sample
sig-p365,2025-11-07,very_good,511,sample
sig-p365,2025-11-07,very_good,459,sample
sig-p365,2025-11-07,good,361,sample
sig-p365,2025-11-07,good,329,sample
ruger-1022,2025-11-07,very_good,286,sample
ruger-1022,2025-11-07,very_good,253,sample
m1-carbine,2025-11-08,good,1162,sample
m1-carbine,2025-11-08,excellent,1824,sample
m1-carbine,2025-11-08,good,1087,sample
m1911a1,2025-11-08,good,2147,sample
enfield-no4,2025-11-08,good,629,sample
colt-python,2025-11-08,very_good,1606,sample
sw-model-29,2025-11-08,good,858,sample
glock-19-g5,2025-11-08,very_good,515,sample
ruger-1022,2025-11-08,very_good,250,sample
m1-garand,2025-11-09,good,1075,sample
mauser-k98k,2025-11-09,very_good,1463,sample
sks,2025-11-09,excellent,844,sample
sw-model-29,2025-11-09,very_good,1234,sample
glock-19-g5,2025-11-09,excellent,671,sample
glock-19-g5,2025-11-09,very_good,496,sample
glock-19-g5,2025-11-09,very_good,496,sample
ruger-1022,2025-11-09,excellent,394,sample
m1-garand,2025-11-10,very_good,1515,sample
thompson-1927a1,2025-11-10,very_good,1771,sample
springfield-m1a,2025-11-10,good,1331,sample
springfield-m1a,2025-11-10,good,1335,sample
enfield-no4,2025-11-10,very_good,642,sample
colt-python,2025-11-10,good,1224,sample
sig-p365,2025-11-10,good,356,sample
ruger-1022,2025-11-10,good,211,sample
m1-carbine,2025-11-11,good,1406,sample
thompson-1927a1,2025-11-11,good,1257,sample
springfield-m1a,2025-11-11,very_good,1755,sample
enfield-no4,2025-11-11,very_good,836,sample
sks,2025-11-11,very_good,617,sample
sks,2025-11-11,very_good,617,sample
glock-19-g5,2025-11-11,very_good,537,sample
glock-19-g5,2025-11-11,good,389,sample
glock-19-g5,2025-11-11,good,404,sample
glock-19-g5,2025-11-11,excellent,640,sample
sig-p365,2025-11-11,good,341,sample
sig-p365,2025-11-11,excellent,624,sample
sig-p365,2025-11-11,good,361,sample
ruger-1022,2025-11-11,very_good,261,sample
m1-garand,2025-11-12,very_good,1366,sample
m1911a1,2025-11-12,excellent,4163,sample
mauser-k98k,2025-11-12,very_good,1372,sample
sks,2025-11-12,good,466,sample
sks,2025-11-12,very_good,523,sample
sks,2025-11-12,very_good,531,sample
glock-19-g5,2025-11-12,good,462,sample
glock-19-g5,2025-11-12,very_good,549,sample
glock-19-g5,2025-11-12,very_good,474,sample
sig-p365,2025-11-12,very_good,540,sample
ruger-1022,2025-11-12,very_good,287,sample
ruger-1022,2025-11-12,very_good,252,sample
m1-carbine,2025-11-13,excellent,2182,sample
colt-saa,2025-11-13,good,1832,sample
springfield-m1a,2025-11-13,good,1206,sample
mosin-9130,2025-11-13,very_good,434,sample
colt-python,2025-11-13,good,1419,sample
colt-python,2025-11-13,very_good,1320,sample
sw-model-29,2025-11-13,very_good,1039,sample
sw-model-29,2025-11-13,very_good,1124,sample
glock-19-g5,2025-11-13,excellent,559,sample
glock-19-g5,2025-11-13,excellent,674,sample
sig-p365,2025-11-13,very_good,523,sample
sig-p365,2025-11-13,very_good,476,sample
ruger-1022,2025-11-13,very_good,269,sample
ruger-1022,2025-11-13,very_good,330,sample
m1-garand,2025-11-14,excellent,2113,sample
m1-carbine,2025-11-14,excellent,2105,sample
m1911a1,2025-11-14,very_good,3247,sample
springfield-m1a,2025-11-14,very_good,1613,sample
springfield-m1a,2025-11-14,good,1402,sample
springfield-m1a,2025-11-14,very_good,1663,sample
mosin-9130,2025-11-14,good,258,sample
enfield-no4,2025-11-14,good,514,sample
sks,2025-11-14,very_good,608,sample
glock-19-g5,2025-11-14,very_good,518,sample
glock-19-g5,2025-11-14,excellent,586,sample
sig-p365,2025-11-14,very_good,433,sample
ruger-1022,2025-11-14,excellent,338,sample
springfield-m1a,2025-11-15,very_good,1783,sample
springfield-m1a,2025-11-15,very_good,1448,sample
springfield-m1a,2025-11-15,very_good,1733,sample
mauser-k98k,2025-11-15,very_good,1579,sample
mosin-9130,2025-11-15,excellent,610,sample
sks,2025-11-15,very_good,520,sample
sw-model-29,2025-11-15,excellent,1575,sample
sw-model-29,2025-11-15,very_good,1154,sample
sw-model-29,2025-11-15,good,949,sample
glock-19-g5,2025-11-15,very_good,497,sample
glock-19-g5,2025-11-15,very_good,401,sample
glock-19-g5,2025-11-15,excellent,617,sample
glock-19-g5,2025-11-15,very_good,503,sample
glock-19-g5,2025-11-15,very_good,460,sample
ruger-1022,2025-11-15,very_good,268,sample
ruger-1022,2025-11-15,very_good,275,sample
ruger-1022,2025-11-15,excellent,383,sample
thompson-1927a1,2025-11-16,very_good,1429,sample
thompson-1927a1,2025-11-16,very_good,1761,sample
colt-saa,2025-11-16,excellent,3457,sample
springfield-m1a,2025-11-16,good,1407,sample
mosin-9130,2025-11-16,very_good,411,sample
colt-python,2025-11-16,excellent,2419,sample
glock-19-g5,2025-11-16,very_good,508,sample
glock-19-g5,2025-11-16,good,348,sample
sig-p365,2025-11-16,good,381,sample
sig-p365,2025-11-16,excellent,637,sample
ruger-1022,2025-11-16,good,252,sample
thompson-1927a1,2025-11-17,very_good,1538,sample
colt-saa,2025-11-17,very_good,2644,sample
winchester-1873,2025-11-17,very_good,1612,sample
enfield-no4,2025-11-17,very_good,705,sample
enfield-no4,2025-11-17,good,538,sample
sw-model-29,2025-11-17,good,1089,sample
glock-19-g5,2025-11-17,good,352,sample
glock-19-g5,2025-11-17,very_good,521,sample
glock-19-g5,2025-11-17,good,421,sample
sig-p365,2025-11-17,good,344,sample
sig-p365,2025-11-17,good,344,sample
sig-p365,2025-11-17,good,356,sample
sig-p365,2025-11-17,very_good,489,sample
ruger-1022,2025-11-17,very_good,269,sample
ruger-1022,2025-11-17,very_good,239,sample
m1-garand,2025-11-18,good,1184,sample
colt-saa,2025-11-18,very_good,2667,sample
winchester-1873,2025-11-18,very_good,1433,sample
sks,2025-11-18,excellent,882,sample
sks,2025-11-18,very_good,539,sample
glock-19-g5,2025-11-18,excellent,654,sample
glock-19-g5,2025-11-18,very_good,507,sample
glock-19-g5,2025-11-18,good,384,sample
glock-19-g5,2025-11-18,good,334,sample
sig-p365,2025-11-18,good,377,sample
m1-garand,2025-11-19,excellent,1985,sample
m1-garand,2025-11-19,good,1120,sample
winchester-1873,2025-11-19,very_good,2574,sample
winchester-1873,2025-11-19,very_good,1520,sample
springfield-m1a,2025-11-19,good,1322,sample
springfield-m1a,2025-11-19,good,991,sample
mauser-k98k,2025-11-19,good,897,sample
mosin-9130,2025-11-19,very_good,368,sample
sks,2025-11-19,very_good,596,sample
colt-python,2025-11-19,very_good,1527,sample
glock-19-g5,2025-11-19,good,391,sample
glock-19-g5,2025-11-19,very_good,461,sample
glock-19-g5,2025-11-19,good,408,sample
sig-p365,2025-11-19,excellent,575,sample
ruger-1022,2025-11-19,very_good,273,sample
springfield-m1a,2025-11-20,very_good,1816,sample
mosin-9130,2025-11-20,excellent,536,sample
enfield-no4,2025-11-20,good,589,sample
sks,2025-11-20,very_good,517,sample
sks,2025-11-20,good,426,sample
sw-model-29,2025-11-20,excellent,1548,sample
glock-19-g5,2025-11-20,very_good,458,sample
sig-p365,2025-11-20,very_good,412,sample
sig-p365,2025-11-20,very_good,418,sample
sig-p365,2025-11-20,very_good,456,sample
sig-p365,2025-11-20,very_good,463,sample
ruger-1022,2025-11-20,very_good,234,sample
ruger-1022,2025-11-20,very_good,245,sample
ruger-1022,2025-11-20,excellent,382,sample
m1-garand,2025-11-21,very_good,1253,sample
m1911a1,2025-11-21,very_good,3100,sample
colt-saa,2025-11-21,very_good,2930,sample
springfield-m1a,2025-11-21,very_good,1743,sample
sks,2025-11-21,very_good,580,sample
sw-model-29,2025-11-21,good,795,sample
glock-19-g5,2025-11-21,very_good,462,sample
glock-19-g5,2025-11-21,very_good,544,sample
glock-19-g5,2025-11-21,excellent,525,sample
ruger-1022,2025-11-21,good,247,sample
ruger-1022,2025-11-21,good,237,sample
ruger-1022,2025-11-21,good,330,sample
m1911a1,2025-11-22,good,2311,sample
m1911a1,2025-11-22,good,2256,sample
mauser-k98k,2025-11-22,very_good,1583,sample
mosin-9130,2025-11-22,excellent,648,sample
mosin-9130,2025-11-22,good,274,sample
colt-python,2025-11-22,excellent,2034,sample
colt-python,2025-11-22,good,1023,sample
sw-model-29,2025-11-22,very_good,998,sample
glock-19-g5,2025-11-22,good,394,sample
sig-p365,2025-11-22,good,353,sample
sig-p365,2025-11-22,good,406,sample
ruger-1022,2025-11-22,excellent,372,sample
ruger-1022,2025-11-22,very_good,266,sample
ruger-1022,2025-11-22,good,192,sample
m1-garand,2025-11-23,very_good,1052,sample
m1-carbine,2025-11-23,excellent,2007,sample
m1-carbine,2025-11-23,very_good,1456,sample
thompson-1927a1,2025-11-23,very_good,1443,sample
thompson-1927a1,2025-11-23,excellent,1700,sample
colt-saa,2025-11-23,good,2061,sample
mosin-9130,2025-11-23,good,285,sample
mosin-9130,2025-11-23,excellent,471,sample
sks,2025-11-23,good,449,sample
sig-p365,2025-11-23,very_good,458,sample
ruger-1022,2025-11-23,good,240,sample
ruger-1022,2025-11-23,very_good,257,sample
m1-garand,2025-11-24,very_good,1309,sample
m1-garand,2025-11-24,excellent,1821,sample
m1-garand,2025-11-24,good,1104,sample
m1-carbine,2025-11-24,good,1136,sample
thompson-1927a1,2025-11-24,very_good,1656,sample
mosin-9130,2025-11-24,very_good,415,sample
mosin-9130,2025-11-24,good,454,sample
enfield-no4,2025-11-24,very_good,719,sample
enfield-no4,2025-11-24,very_good,708,sample
colt-python,2025-11-24,very_good,1372,sample
glock-19-g5,2025-11-24,excellent,576,sample
glock-19-g5,2025-11-24,very_good,498,sample
sig-p365,2025-11-24,excellent,568,sample
sig-p365,2025-11-24,good,322,sample
ruger-1022,2025-11-24,excellent,332,sample
ruger-1022,2025-11-24,very_good,281,sample
ruger-1022,2025-11-24,very_good,280,sample
thompson-1927a1,2025-11-25,good,1245,sample
colt-saa,2025-11-25,very_good,2292,sample
colt-saa,2025-11-25,good,1797,sample
colt-saa,2025-11-25,good,1658,sample
mauser-k98k,2025-11-25,good,1281,sample
mosin-9130,2025-11-25,very_good,399,sample
mosin-9130,2025-11-25,very_good,313,sample
enfield-no4,2025-11-25,good,868,sample
colt-python,2025-11-25,good,1400,sample
glock-19-g5,2025-11-25,very_good,504,sample
sig-p365,2025-11-25,excellent,640,sample
sig-p365,2025-11-25,very_good,527,sample
sig-p365,2025-11-25,very_good,349,sample
sig-p365,2025-11-25,excellent,640,sample
sig-p365,2025-11-25,very_good,413,sample
ruger-1022,2025-11-25,good,236,sample
ruger-1022,2025-11-25,good,164,sample
m1-carbine,2025-11-26,very_good,1523,sample
m1911a1,2025-11-26,very_good,3381,sample
colt-saa,2025-11-26,very_good,1961,sample
springfield-m1a,2025-11-26,very_good,1468,sample
mosin-9130,2025-11-26,very_good,390,sample
mosin-9130,2025-11-26,good,314,sample
enfield-no4,2025-11-26,very_good,813,sample
sks,2025-11-26,very_good,644,sample
sks,2025-11-26,good,532,sample
sks,2025-11-26,good,343,sample
sks,2025-11-26,very_good,499,sample
colt-python,2025-11-26,good,1182,sample
colt-python,2025-11-26,very_good,2274,sample
sw-model-29,2025-11-26,very_good,1019,sample
glock-19-g5,2025-11-26,good,363,sample
sig-p365,2025-11-26,very_good,544,sample
ruger-1022,2025-11-26,very_good,300,sample
ruger-1022,2025-11-26,good,203,sample
m1-garand,2025-11-27,excellent,2108,sample
m1-carbine,2025-11-27,good,1136,sample
m1-carbine,2025-11-27,good,1107,sample
springfield-m1a,2025-11-27,good,1152,sample
mosin-9130,2025-11-27,very_good,415,sample
mosin-9130,2025-11-27,good,400,sample
enfield-no4,2025-11-27,very_good,893,sample
sks,2025-11-27,very_good,581,sample
sks,2025-11-27,good,555,sample
colt-python,2025-11-27,good,975,sample
glock-19-g5,2025-11-27,very_good,409,sample
glock-19-g5,2025-11-27,very_good,475,sample
sig-p365,2025-11-27,good,351,sample
ruger-1022,2025-11-27,excellent,351,sample
ruger-1022,2025-11-27,very_good,239,sample
ruger-1022,2025-11-27,good,220,sample
m1-garand,2025-11-28,good,1224,sample
m1-garand,2025-11-28,very_good,1563,sample
mosin-9130,2025-11-28,very_good,372,sample
enfield-no4,2025-11-28,very_good,778,sample
enfield-no4,2025-11-28,good,519,sample
sks,2025-11-28,very_good,755,sample
glock-19-g5,2025-11-28,good,419,sample
glock-19-g5,2025-11-28,good,417,sample
glock-19-g5,2025-11-28,very_good,434,sample
sig-p365,2025-11-28,very_good,589,sample
sig-p365,2025-11-28,very_good,464,sample
ruger-1022,2025-11-28,excellent,420,sample
ruger-1022,2025-11-28,very_good,351,sample
ruger-1022,2025-11-28,good,206,sample
thompson-1927a1,2025-11-29,excellent,2293,sample
winchester-1873,2025-11-29,good,1149,sample
colt-python,2025-11-29,very_good,1399,sample
colt-python,2025-11-29,very_good,1819,sample
glock-19-g5,2025-11-29,excellent,631,sample
glock-19-g5,2025-11-29,excellent,719,sample
glock-19-g5,2025-11-29,good,394,sample
sig-p365,2025-11-29,good,339,sample
springfield-m1a,2025-11-30,good,1516,sample
mauser-k98k,2025-11-30,good,1021,sample
mosin-9130,2025-11-30,very_good,495,sample
enfield-no4,2025-11-30,good,723,sample
enfield-no4,2025-11-30,very_good,697,sample
colt-python,2025-11-30,very_good,1460,sample
colt-python,2025-11-30,very_good,1562,sample
glock-19-g5,2025-11-30,very_good,511,sample
glock-19-g5,2025-11-30,very_good,496,sample
sig-p365,2025-11-30,good,407,sample
sig-p365,2025-11-30,very_good,488,sample
ruger-1022,2025-11-30,very_good,294,sample
ruger-1022,2025-11-30,good,251,sample
m1-carbine,2025-12-01,very_good,1588,sample
thompson-1927a1,2025-12-01,excellent,1967,sample
sks,2025-12-01,excellent,975,sample
colt-python,2025-12-01,good,1126,sample
sw-model-29,2025-12-01,excellent,2035,sample
sw-model-29,2025-12-01,very_good,1046,sample
glock-19-g5,2025-12-01,excellent,588,sample
glock-19-g5,2025-12-01,very_good,448,sample
glock-19-g5,2025-12-01,very_good,430,sample
sig-p365,2025-12-01,good,416,sample
sig-p365,2025-12-01,good,391,sample
sig-p365,2025-12-01,very_good,421,sample
sig-p365,2025-12-01,good,393,sample
sig-p365,2025-12-01,very_good,481,sample
ruger-1022,2025-12-01,good,205,sample
ruger-1022,2025-12-01,very_good,271,sample
m1-garand,2025-12-02,very_good,1568,sample
colt-saa,2025-12-02,very_good,2457,sample
winchester-1873,2025-12-02,good,1032,sample
winchester-1873,2025-12-02,excellent,2486,sample
mosin-9130,2025-12-02,good,266,sample
mosin-9130,2025-12-02,excellent,493,sample
enfield-no4,2025-12-02,good,564,sample
colt-python,2025-12-02,very_good,1277,sample
sw-model-29,2025-12-02,good,914,sample
glock-19-g5,2025-12-02,very_good,421,sample
glock-19-g5,2025-12-02,very_good,389,sample
sig-p365,2025-12-02,excellent,480,sample
ruger-1022,2025-12-02,excellent,352,sample
ruger-1022,2025-12-02,good,230,sample
ruger-1022,2025-12-02,very_good,270,sample
m1-garand,2025-12-03,good,1204,sample
m1911a1,2025-12-03,excellent,4222,sample
m1911a1,2025-12-03,good,2111,sample
winchester-1873,2025-12-03,excellent,1824,sample
glock-19-g5,2025-12-03,excellent,751,sample
glock-19-g5,2025-12-03,very_good,489,sample
glock-19-g5,2025-12-03,excellent,792,sample
sig-p365,2025-12-03,excellent,656,sample
ruger-1022,2025-12-03,good,169,sample
m1-carbine,2025-12-04,excellent,2030,sample
colt-saa,2025-12-04,very_good,2351,sample
mosin-9130,2025-12-04,excellent,536,sample
enfield-no4,2025-12-04,excellent,1041,sample
enfield-no4,2025-12-04,excellent,959,sample
sks,2025-12-04,excellent,813,sample
sks,2025-12-04,excellent,783,sample
sks,2025-12-04,good,498,sample
glock-19-g5,2025-12-04,excellent,683,sample
sig-p365,2025-12-04,excellent,550,sample
sig-p365,2025-12-04,good,355,sample
ruger-1022,2025-12-04,very_good,272,sample
m1-garand,2025-12-05,very_good,1619,sample
m1-garand,2025-12-05,very_good,1327,sample
springfield-m1a,2025-12-05,very_good,1374,sample
mauser-k98k,2025-12-05,good,1107,sample
mauser-k98k,2025-12-05,very_good,1512,sample
glock-19-g5,2025-12-05,good,438,sample
glock-19-g5,2025-12-05,good,387,sample
glock-19-g5,2025-12-05,excellent,663,sample
ruger-1022,2025-12-05,excellent,429,sample
ruger-1022,2025-12-05,very_good,245,sample
m1-carbine,2025-12-06,very_good,1496,sample
springfield-m1a,2025-12-06,very_good,1796,sample
mosin-9130,2025-12-06,very_good,352,sample
enfield-no4,2025-12-06,excellent,886,sample
sks,2025-12-06,excellent,786,sample
sks,2025-12-06,excellent,708,sample
sks,2025-12-06,very_good,532,sample
colt-python,2025-12-06,very_good,1645,sample
colt-python,2025-12-06,very_good,1698,sample
glock-19-g5,2025-12-06,very_good,484,sample
glock-19-g5,2025-12-06,excellent,721,sample
sig-p365,2025-12-06,excellent,653,sample
m1-carbine,2025-12-07,good,1056,sample
m1911a1,2025-12-07,very_good,2442,sample
colt-saa,2025-12-07,very_good,2231,sample
mauser-k98k,2025-12-07,very_good,1304,sample
enfield-no4,2025-12-07,very_good,909,sample
colt-python,2025-12-07,very_good,1609,sample
colt-python,2025-12-07,very_good,1527,sample
colt-python,2025-12-07,excellent,1759,sample
sw-model-29,2025-12-07,excellent,1333,sample
glock-19-g5,2025-12-07,very_good,467,sample
glock-19-g5,2025-12-07,very_good,455,sample
glock-19-g5,2025-12-07,excellent,802,sample
sig-p365,2025-12-07,excellent,609,sample
sig-p365,2025-12-07,very_good,472,sample
m1-carbine,2025-12-08,very_good,1626,sample
m1-carbine,2025-12-08,very_good,1776,sample
springfield-m1a,2025-12-08,very_good,1824,sample
mauser-k98k,2025-12-08,good,1159,sample
mosin-9130,2025-12-08,very_good,345,sample
enfield-no4,2025-12-08,excellent,1037,sample
sks,2025-12-08,very_good,660,sample
colt-python,2025-12-08,good,1072,sample
colt-python,2025-12-08,good,1364,sample
sw-model-29,2025-12-08,good,907,sample
sig-p365,2025-12-08,excellent,620,sample
ruger-1022,2025-12-08,very_good,287,sample
ruger-1022,2025-12-08,excellent,411,sample
ruger-1022,2025-12-08,very_good,251,sample
m1-carbine,2025-12-09,good,991,sample
m1-carbine,2025-12-09,very_good,1669,sample
thompson-1927a1,2025-12-09,very_good,2560,sample
thompson-1927a1,2025-12-09,good,1329,sample
mosin-9130,2025-12-09,good,389,sample
enfield-no4,2025-12-09,good,652,sample
colt-python,2025-12-09,excellent,1853,sample
sw-model-29,2025-12-09,very_good,1122,sample
glock-19-g5,2025-12-09,good,341,sample
sig-p365,2025-12-09,very_good,456,sample
ruger-1022,2025-12-09,very_good,319,sample
ruger-1022,2025-12-09,good,172,sample
ruger-1022,2025-12-09,good,202,sample
m1-garand,2025-12-10,good,1381,sample
m1-garand,2025-12-10,good,1056,sample
m1-garand,2025-12-10,very_good,1447,sample
thompson-1927a1,2025-12-10,very_good,1803,sample
thompson-1927a1,2025-12-10,very_good,1380,sample
glock-19-g5,2025-12-10,very_good,484,sample
sig-p365,2025-12-10,excellent,636,sample
sig-p365,2025-12-10,excellent,589,sample
ruger-1022,2025-12-10,good,194,sample
m1-garand,2025-12-11,very_good,1424,sample
m1-carbine,2025-12-11,very_good,1871,sample
m1911a1,2025-12-11,very_good,2928,sample
mosin-9130,2025-12-11,very_good,307,sample
enfield-no4,2025-12-11,good,537,sample
sks,2025-12-11,very_good,601,sample
colt-python,2025-12-11,good,1252,sample
glock-19-g5,2025-12-11,excellent,648,sample
glock-19-g5,2025-12-11,excellent,652,sample
glock-19-g5,2025-12-11,good,314,sample
glock-19-g5,2025-12-11,very_good,531,sample
sig-p365,2025-12-11,good,337,sample
sig-p365,2025-12-11,good,429,sample
sig-p365,2025-12-11,good,308,sample
sig-p365,2025-12-11,very_good,480,sample
m1-garand,2025-12-12,good,983,sample
thompson-1927a1,2025-12-12,good,1051,sample
colt-saa,2025-12-12,excellent,5778,sample
winchester-1873,2025-12-12,good,1215,sample
mosin-9130,2025-12-12,very_good,378,sample
mosin-9130,2025-12-12,good,352,sample
colt-python,2025-12-12,very_good,1459,sample
colt-python,2025-12-12,very_good,1287,sample
glock-19-g5,2025-12-12,good,345,sample
glock-19-g5,2025-12-12,very_good,453,sample
glock-19-g5,2025-12-12,very_good,430,sample
springfield-m1a,2025-12-13,good,1222,sample
mauser-k98k,2025-12-13,good,927,sample
mauser-k98k,2025-12-13,very_good,1235,sample
colt-python,2025-12-13,very_good,1568,sample
glock-19-g5,2025-12-13,excellent,662,sample
glock-19-g5,2025-12-13,good,368,sample
glock-19-g5,2025-12-13,good,357,sample
glock-19-g5,2025-12-13,very_good,386,sample
ruger-1022,2025-12-13,very_good,283,sample
ruger-1022,2025-12-13,good,211,sample
ruger-1022,2025-12-13,very_good,301,sample
m1-garand,2025-12-14,good,1077,sample
m1-garand,2025-12-14,very_good,1422,sample
mauser-k98k,2025-12-14,very_good,1607,sample
mauser-k98k,2025-12-14,very_good,1166,sample
mauser-k98k,2025-12-14,good,1287,sample
mosin-9130,2025-12-14,excellent,458,sample
mosin-9130,2025-12-14,good,360,sample
sks,2025-12-14,very_good,639,sample
glock-19-g5,2025-12-14,excellent,617,sample
glock-19-g5,2025-12-14,good,352,sample
glock-19-g5,2025-12-14,excellent,665,sample
glock-19-g5,2025-12-14,very_good,531,sample
glock-19-g5,2025-12-14,very_good,413,sample
glock-19-g5,2025-12-14,excellent,626,sample
sig-p365,2025-12-14,very_good,387,sample
sig-p365,2025-12-14,excellent,603,sample
sig-p365,2025-12-14,very_good,446,sample
ruger-1022,2025-12-14,very_good,298,sample
ruger-1022,2025-12-14,very_good,351,sample
m1-garand,2025-12-15,good,1059,sample
m1-carbine,2025-12-15,very_good,1671,sample
colt-saa,2025-12-15,good,1513,sample
springfield-m1a,2025-12-15,very_good,1452,sample
sks,2025-12-15,excellent,754,sample
sw-model-29,2025-12-15,very_good,1372,sample
glock-19-g5,2025-12-15,excellent,627,sample
glock-19-g5,2025-12-15,good,318,sample
glock-19-g5,2025-12-15,very_good,745,sample
glock-19-g5,2025-12-15,very_good,447,sample
glock-19-g5,2025-12-15,very_good,556,sample
sig-p365,2025-12-15,very_good,403,sample
ruger-1022,2025-12-15,excellent,344,sample
m1-garand,2025-12-16,very_good,1261,sample
m1-carbine,2025-12-16,good,1344,sample
m1-carbine,2025-12-16,good,1142,sample
colt-saa,2025-12-16,excellent,3344,sample
winchester-1873,2025-12-16,excellent,1936,sample
mosin-9130,2025-12-16,excellent,551,sample
mosin-9130,2025-12-16,good,322,sample
sks,2025-12-16,good,446,sample
glock-19-g5,2025-12-16,good,296,sample
glock-19-g5,2025-12-16,very_good,461,sample
glock-19-g5,2025-12-16,excellent,685,sample
sig-p365,2025-12-16,good,356,sample
ruger-1022,2025-12-16,very_good,331,sample
m1-garand,2025-12-17,good,1099,sample
thompson-1927a1,2025-12-17,good,1212,sample
winchester-1873,2025-12-17,very_good,1552,sample
mosin-9130,2025-12-17,very_good,306,sample
enfield-no4,2025-12-17,excellent,1029,sample
colt-python,2025-12-17,very_good,1218,sample
colt-python,2025-12-17,very_good,1600,sample
glock-19-g5,2025-12-17,very_good,457,sample
sig-p365,2025-12-17,very_good,435,sample
sig-p365,2025-12-17,excellent,662,sample
sig-p365,2025-12-17,very_good,430,sample
sig-p365,2025-12-17,very_good,424,sample
sig-p365,2025-12-17,excellent,669,sample
ruger-1022,2025-12-17,excellent,568,sample
ruger-1022,2025-12-17,excellent,391,sample
m1-garand,2025-12-18,excellent,1792,sample
thompson-1927a1,2025-12-18,good,1206,sample
colt-saa,2025-12-18,good,1786,sample
springfield-m1a,2025-12-18,very_good,1566,sample
mosin-9130,2025-12-18,good,272,sample
enfield-no4,2025-12-18,very_good,591,sample
colt-python,2025-12-18,excellent,2189,sample
sw-model-29,2025-12-18,very_good,1288,sample
glock-19-g5,2025-12-18,excellent,509,sample
glock-19-g5,2025-12-18,very_good,467,sample
sig-p365,2025-12-18,good,291,sample
sig-p365,2025-12-18,good,294,sample
m1-garand,2025-12-19,very_good,1603,sample
thompson-1927a1,2025-12-19,very_good,1570,sample
m1911a1,2025-12-19,very_good,3257,sample
mosin-9130,2025-12-19,very_good,429,sample
sks,2025-12-19,very_good,825,sample
colt-python,2025-12-19,very_good,1224,sample
glock-19-g5,2025-12-19,very_good,506,sample
glock-19-g5,2025-12-19,very_good,429,sample
glock-19-g5,2025-12-19,excellent,652,sample
sig-p365,2025-12-19,excellent,649,sample
m1-garand,2025-12-20,very_good,1352,sample
m1-carbine,2025-12-20,excellent,2075,sample
m1-carbine,2025-12-20,good,1256,sample
colt-saa,2025-12-20,good,1501,sample
mosin-9130,2025-12-20,very_good,366,sample
sks,2025-12-20,good,511,sample
colt-python,2025-12-20,very_good,1537,sample
colt-python,2025-12-20,good,1233,sample
glock-19-g5,2025-12-20,good,333,sample
glock-19-g5,2025-12-20,good,385,sample
glock-19-g5,2025-12-20,very_good,474,sample
glock-19-g5,2025-12-20,very_good,496,sample
sig-p365,2025-12-20,very_good,452,sample
sig-p365,2025-12-20,very_good,463,sample
sig-p365,2025-12-20,very_good,447,sample
ruger-1022,2025-12-20,very_good,289,sample
ruger-1022,2025-12-20,excellent,341,sample
ruger-1022,2025-12-20,good,174,sample
m1-garand,2025-12-21,good,1105,sample
m1-garand,2025-12-21,very_good,1550,sample
m1-carbine,2025-12-21,good,1380,sample
winchester-1873,2025-12-21,excellent,1587,sample
winchester-1873,2025-12-21,good,1052,sample
mosin-9130,2025-12-21,good,332,sample
sks,2025-12-21,good,496,sample
glock-19-g5,2025-12-21,good,378,sample
glock-19-g5,2025-12-21,good,338,sample
glock-19-g5,2025-12-21,very_good,446,sample
sig-p365,2025-12-21,very_good,461,sample
ruger-1022,2025-12-21,very_good,265,sample
ruger-1022,2025-12-21,very_good,311,sample
ruger-1022,2025-12-21,excellent,340,sample
ruger-1022,2025-12-21,very_good,260,sample
ruger-1022,2025-12-21,good,215,sample
ruger-1022,2025-12-21,good,201,sample
m1-garand,2025-12-22,good,1159,sample
m1-garand,2025-12-22,very_good,1248,sample
mosin-9130,2025-12-22,very_good,423,sample
enfield-no4,2025-12-22,very_good,727,sample
colt-python,2025-12-22,very_good,1611,sample
colt-python,2025-12-22,very_good,1730,sample
colt-python,2025-12-22,good,1128,sample
colt-python,2025-12-22,good,1030,sample
glock-19-g5,2025-12-22,very_good,505,sample
glock-19-g5,2025-12-22,excellent,617,sample
glock-19-g5,2025-12-22,good,351,sample
glock-19-g5,2025-12-22,good,347,sample
glock-19-g5,2025-12-22,excellent,663,sample
sig-p365,2025-12-22,good,335,sample
sig-p365,2025-12-22,very_good,367,sample
sig-p365,2025-12-22,very_good,383,sample
sig-p365,2025-12-22,good,429,sample
m1-garand,2025-12-23,good,1213,sample
m1-garand,2025-12-23,excellent,1913,sample
colt-saa,2025-12-23,very_good,2733,sample
colt-saa,2025-12-23,good,1670,sample
mauser-k98k,2025-12-23,very_good,1337,sample
mosin-9130,2025-12-23,excellent,596,sample
mosin-9130,2025-12-23,good,301,sample
mosin-9130,2025-12-23,very_good,413,sample
colt-python,2025-12-23,very_good,1505,sample
glock-19-g5,2025-12-23,very_good,510,sample
sig-p365,2025-12-23,good,351,sample
sig-p365,2025-12-23,good,375,sample
sig-p365,2025-12-23,good,349,sample
ruger-1022,2025-12-23,very_good,228,sample
ruger-1022,2025-12-23,good,238,sample
thompson-1927a1,2025-12-24,excellent,1966,sample
colt-saa,2025-12-24,good,1768,sample
mauser-k98k,2025-12-24,excellent,1703,sample
enfield-no4,2025-12-24,excellent,1003,sample
sks,2025-12-24,good,528,sample
colt-python,2025-12-24,very_good,1361,sample
sig-p365,2025-12-24,very_good,495,sample
ruger-1022,2025-12-24,good,172,sample
ruger-1022,2025-12-24,excellent,401,sample
m1-carbine,2025-12-25,good,1295,sample
m1911a1,2025-12-25,good,2594,sample
m1911a1,2025-12-25,good,2665,sample
colt-saa,2025-12-25,very_good,2457,sample
winchester-1873,2025-12-25,excellent,1981,sample
mosin-9130,2025-12-25,good,270,sample
glock-19-g5,2025-12-25,very_good,531,sample
sig-p365,2025-12-25,good,301,sample
sig-p365,2025-12-25,excellent,588,sample
sig-p365,2025-12-25,excellent,638,sample
ruger-1022,2025-12-25,very_good,290,sample
m1-carbine,2025-12-26,excellent,2122,sample
m1-carbine,2025-12-26,good,1396,sample
m1-carbine,2025-12-26,very_good,1443,sample
m1911a1,2025-12-26,good,2453,sample
springfield-m1a,2025-12-26,very_good,1232,sample
mauser-k98k,2025-12-26,good,1019,sample
mauser-k98k,2025-12-26,good,1130,sample
mosin-9130,2025-12-26,good,283,sample
mosin-9130,2025-12-26,excellent,557,sample
sks,2025-12-26,very_good,655,sample
glock-19-g5,2025-12-26,very_good,458,sample
glock-19-g5,2025-12-26,very_good,424,sample
glock-19-g5,2025-12-26,very_good,402,sample
sig-p365,2025-12-26,very_good,454,sample
sig-p365,2025-12-26,very_good,515,sample
sig-p365,2025-12-26,very_good,391,sample
sig-p365,2025-12-26,very_good,457,sample
sig-p365,2025-12-26,excellent,1037,sample
ruger-1022,2025-12-26,very_good,264,sample
ruger-1022,2025-12-26,good,228,sample
m1-garand,2025-12-27,good,901,sample
m1-garand,2025-12-27,good,1030,sample
colt-saa,2025-12-27,very_good,2511,sample
mosin-9130,2025-12-27,excellent,557,sample
enfield-no4,2025-12-27,very_good,751,sample
sks,2025-12-27,excellent,796,sample
sw-model-29,2025-12-27,very_good,1086,sample
glock-19-g5,2025-12-27,very_good,545,sample
sig-p365,2025-12-27,excellent,535,sample
sig-p365,2025-12-27,very_good,441,sample
sig-p365,2025-12-27,excellent,598,sample
ruger-1022,2025-12-27,excellent,446,sample
ruger-1022,2025-12-27,good,186,sample
m1-carbine,2025-12-28,very_good,1583,sample
thompson-1927a1,2025-12-28,good,1944,sample
winchester-1873,2025-12-28,excellent,1475,sample
sks,2025-12-28,very_good,621,sample
colt-python,2025-12-28,very_good,1504,sample
colt-python,2025-12-28,good,1232,sample
sig-p365,2025-12-28,very_good,514,sample
ruger-1022,2025-12-28,very_good,316,sample
ruger-1022,2025-12-28,very_good,240,sample
ruger-1022,2025-12-28,excellent,397,sample
m1-garand,2025-12-29,good,1285,sample
springfield-m1a,2025-12-29,very_good,1481,sample
glock-19-g5,2025-12-29,excellent,688,sample
glock-19-g5,2025-12-29,excellent,574,sample
glock-19-g5,2025-12-29,very_good,439,sample
glock-19-g5,2025-12-29,very_good,597,sample
sig-p365,2025-12-29,good,346,sample
ruger-1022,2025-12-29,excellent,364,sample
m1-garand,2025-12-30,good,930,sample
thompson-1927a1,2025-12-30,good,1162,sample
springfield-m1a,2025-12-30,good,1328,sample
sks,2025-12-30,very_good,529,sample
sks,2025-12-30,good,403,sample
sks,2025-12-30,excellent,779,sample
glock-19-g5,2025-12-30,very_good,505,sample
glock-19-g5,2025-12-30,very_good,406,sample
sig-p365,2025-12-30,very_good,363,sample
sig-p365,2025-12-30,excellent,655,sample
sig-p365,2025-12-30,excellent,673,sample
ruger-1022,2025-12-30,good,237,sample
ruger-1022,2025-12-30,very_good,276,sample
m1-garand,2025-12-31,very_good,1372,sample
mosin-9130,2025-12-31,very_good,437,sample
sw-model-29,2025-12-31,very_good,1201,sample
sw-model-29,2025-12-31,very_good,1173,sample
glock-19-g5,2025-12-31,good,388,sample
glock-19-g5,2025-12-31,good,366,sample
glock-19-g5,2025-12-31,very_good,478,sample
ruger-1022,2025-12-31,very_good,271,sample
ruger-1022,2025-12-31,excellent,331,sample
ruger-1022,2025-12-31,excellent,345,sample
m1-garand,2026-01-01,good,962,sample
sks,2026-01-01,very_good,570,sample
sks,2026-01-01,very_good,547,sample
colt-python,2026-01-01,very_good,1497,sample
sw-model-29,2026-01-01,very_good,1311,sample
glock-19-g5,2026-01-01,good,475,sample
sig-p365,2026-01-01,good,404,sample
ruger-1022,2026-01-01,excellent,371,sample
ruger-1022,2026-01-01,excellent,394,sample
ruger-1022,2026-01-01,excellent,390,sample
colt-saa,2026-01-02,very_good,2152,sample
springfield-m1a,2026-01-02,excellent,3248,sample
sks,2026-01-02,good,448,sample
colt-python,2026-01-02,very_good,1737,sample
glock-19-g5,2026-01-02,good,364,sample
glock-19-g5,2026-01-02,very_good,519,sample
sig-p365,2026-01-02,good,297,sample
sig-p365,2026-01-02,very_good,569,sample
sig-p365,2026-01-02,good,407,sample
m1911a1,2026-01-03,very_good,3150,sample
springfield-m1a,2026-01-03,very_good,1675,sample
enfield-no4,2026-01-03,good,585,sample
enfield-no4,2026-01-03,very_good,615,sample
sks,2026-01-03,excellent,755,sample
colt-python,2026-01-03,very_good,1731,sample
sw-model-29,2026-01-03,very_good,1021,sample
ruger-1022,2026-01-03,good,202,sample
m1-carbine,2026-01-04,good,1274,sample
thompson-1927a1,2026-01-04,good,1475,sample
winchester-1873,2026-01-04,very_good,1215,sample
springfield-m1a,2026-01-04,good,1464,sample
mauser-k98k,2026-01-04,very_good,1538,sample
mosin-9130,2026-01-04,very_good,403,sample
sks,2026-01-04,very_good,653,sample
colt-python,2026-01-04,excellent,1687,sample
glock-19-g5,2026-01-04,very_good,566,sample
sig-p365,2026-01-04,good,412,sample
sig-p365,2026-01-04,very_good,470,sample
ruger-1022,2026-01-04,good,202,sample
ruger-1022,2026-01-04,very_good,269,sample
m1-garand,2026-01-05,excellent,2000,sample
m1-carbine,2026-01-05,very_good,1452,sample
m1911a1,2026-01-05,very_good,2823,sample
mosin-9130,2026-01-05,very_good,388,sample
colt-python,2026-01-05,excellent,2036,sample
glock-19-g5,2026-01-05,excellent,661,sample
sig-p365,2026-01-05,very_good,477,sample
sig-p365,2026-01-05,excellent,574,sample
sig-p365,2026-01-05,very_good,401,sample
ruger-1022,2026-01-05,very_good,493,sample
m1-garand,2026-01-06,very_good,1216,sample
m1-carbine,2026-01-06,excellent,2102,sample
mosin-9130,2026-01-06,excellent,585,sample
sks,2026-01-06,very_good,720,sample
sks,2026-01-06,excellent,816,sample
sks,2026-01-06,excellent,790,sample
sw-model-29,2026-01-06,very_good,1391,sample
glock-19-g5,2026-01-06,good,305,sample
glock-19-g5,2026-01-06,very_good,461,sample
glock-19-g5,2026-01-06,excellent,673,sample
sig-p365,2026-01-06,excellent,605,sample
sig-p365,2026-01-06,good,338,sample
ruger-1022,2026-01-06,very_good,246,sample
m1-carbine,2026-01-07,very_good,1405,sample
m1-carbine,2026-01-07,excellent,2001,sample
m1911a1,2026-01-07,excellent,4449,sample
winchester-1873,2026-01-07,excellent,1731,sample
mauser-k98k,2026-01-07,very_good,1568,sample
mosin-9130,2026-01-07,good,280,sample
sks,2026-01-07,very_good,647,sample
colt-python,2026-01-07,very_good,1764,sample
colt-python,2026-01-07,good,1134,sample
sw-model-29,2026-01-07,very_good,1003,sample
glock-19-g5,2026-01-07,very_good,587,sample
glock-19-g5,2026-01-07,good,415,sample
sig-p365,2026-01-07,very_good,445,sample
sig-p365,2026-01-07,very_good,444,sample
sig-p365,2026-01-07,good,428,sample
sig-p365,2026-01-07,very_good,423,sample
sig-p365,2026-01-07,good,353,sample
ruger-1022,2026-01-07,very_good,255,sample
m1-garand,2026-01-08,good,1234,sample
m1-carbine,2026-01-08,very_good,1625,sample
thompson-1927a1,2026-01-08,very_good,1542,sample
mauser-k98k,2026-01-08,very_good,1317,sample
mosin-9130,2026-01-08,good,271,sample
mosin-9130,2026-01-08,good,292,sample
colt-python,2026-01-08,good,1145,sample
colt-python,2026-01-08,excellent,2329,sample
colt-python,2026-01-08,very_good,1442,sample
glock-19-g5,2026-01-08,excellent,646,sample
glock-19-g5,2026-01-08,good,309,sample
glock-19-g5,2026-01-08,excellent,573,sample
glock-19-g5,2026-01-08,good,337,sample
glock-19-g5,2026-01-08,good,387,sample
sig-p365,2026-01-08,very_good,415,sample
sig-p365,2026-01-08,good,329,sample
sig-p365,2026-01-08,very_good,388,sample
sig-p365,2026-01-08,excellent,548,sample
ruger-1022,2026-01-08,very_good,247,sample
thompson-1927a1,2026-01-09,good,1428,sample
m1911a1,2026-01-09,good,1865,sample
springfield-m1a,2026-01-09,good,1173,sample
enfield-no4,2026-01-09,very_good,771,sample
glock-19-g5,2026-01-09,very_good,435,sample
sig-p365,2026-01-09,good,331,sample
sig-p365,2026-01-09,excellent,669,sample
ruger-1022,2026-01-09,good,210,sample
ruger-1022,2026-01-09,excellent,412,sample
m1-garand,2026-01-10,excellent,1905,sample
m1-carbine,2026-01-10,good,1302,sample
thompson-1927a1,2026-01-10,excellent,2168,sample
m1911a1,2026-01-10,good,2334,sample
enfield-no4,2026-01-10,very_good,648,sample
sks,2026-01-10,good,488,sample
glock-19-g5,2026-01-10,good,391,sample
glock-19-g5,2026-01-10,very_good,546,sample
glock-19-g5,2026-01-10,very_good,481,sample
glock-19-g5,2026-01-10,good,359,sample
ruger-1022,2026-01-10,very_good,257,sample
m1-garand,2026-01-11,very_good,1548,sample
m1-carbine,2026-01-11,excellent,2290,sample
m1-carbine,2026-01-11,very_good,1431,sample
colt-saa,2026-01-11,good,1685,sample
colt-saa,2026-01-11,excellent,2904,sample
winchester-1873,2026-01-11,good,904,sample
springfield-m1a,2026-01-11,very_good,1618,sample
mosin-9130,2026-01-11,excellent,584,sample
enfield-no4,2026-01-11,good,617,sample
enfield-no4,2026-01-11,excellent,1002,sample
sks,2026-01-11,very_good,610,sample
sks,2026-01-11,very_good,613,sample
glock-19-g5,2026-01-11,very_good,439,sample
sig-p365,2026-01-11,good,347,sample
ruger-1022,2026-01-11,good,213,sample
ruger-1022,2026-01-11,good,175,sample
ruger-1022,2026-01-11,very_good,264,sample
m1-garand,2026-01-12,very_good,1343,sample
m1-carbine,2026-01-12,good,1025,sample
thompson-1927a1,2026-01-12,very_good,1842,sample
m1911a1,2026-01-12,good,2388,sample
winchester-1873,2026-01-12,very_good,1602,sample
winchester-1873,2026-01-12,good,1232,sample
mosin-9130,2026-01-12,good,340,sample
sks,2026-01-12,excellent,774,sample
sks,2026-01-12,good,512,sample
glock-19-g5,2026-01-12,very_good,486,sample
glock-19-g5,2026-01-12,very_good,521,sample
sig-p365,2026-01-12,very_good,454,sample
sig-p365,2026-01-12,good,397,sample
m1911a1,2026-01-13,very_good,3346,sample
m1911a1,2026-01-13,good,2379,sample
colt-saa,2026-01-13,very_good,2223,sample
winchester-1873,2026-01-13,good,1198,sample
springfield-m1a,2026-01-13,good,1138,sample
glock-19-g5,2026-01-13,very_good,458,sample
glock-19-g5,2026-01-13,excellent,786,sample
sig-p365,2026-01-13,very_good,407,sample
sig-p365,2026-01-13,excellent,644,sample
sig-p365,2026-01-13,excellent,626,sample
ruger-1022,2026-01-13,very_good,274,sample
ruger-1022,2026-01-13,good,227,sample
ruger-1022,2026-01-13,very_good,257,sample
ruger-1022,2026-01-13,very_good,210,sample
m1-carbine,2026-01-14,very_good,1409,sample
thompson-1927a1,2026-01-14,very_good,1615,sample
thompson-1927a1,2026-01-14,excellent,2650,sample
mauser-k98k,2026-01-14,very_good,1364,sample
sks,2026-01-14,excellent,951,sample
colt-python,2026-01-14,excellent,1901,sample
colt-python,2026-01-14,good,1053,sample
sw-model-29,2026-01-14,very_good,1019,sample
glock-19-g5,2026-01-14,good,379,sample
glock-19-g5,2026-01-14,excellent,677,sample
glock-19-g5,2026-01-14,very_good,464,sample
sig-p365,2026-01-14,good,293,sample
sig-p365,2026-01-14,good,378,sample
sig-p365,2026-01-14,good,365,sample
ruger-1022,2026-01-14,very_good,259,sample
ruger-1022,2026-01-14,very_good,271,sample
m1-garand,2026-01-15,very_good,1421,sample
thompson-1927a1,2026-01-15,very_good,1355,sample
sw-model-29,2026-01-15,very_good,1174,sample
glock-19-g5,2026-01-15,excellent,568,sample
sig-p365,2026-01-15,very_good,475,sample
sig-p365,2026-01-15,very_good,461,sample
springfield-m1a,2026-01-16,very_good,2131,sample
enfield-no4,2026-01-16,very_good,695,sample
sks,2026-01-16,very_good,689,sample
colt-python,2026-01-16,good,1172,sample
colt-python,2026-01-16,good,1131,sample
colt-python,2026-01-16,very_good,1490,sample
glock-19-g5,2026-01-16,excellent,524,sample
glock-19-g5,2026-01-16,good,412,sample
sig-p365,2026-01-16,very_good,505,sample
sig-p365,2026-01-16,very_good,407,sample
sig-p365,2026-01-16,very_good,487,sample
sig-p365,2026-01-16,very_good,467,sample
sig-p365,2026-01-16,excellent,674,sample
m1-garand,2026-01-17,good,1429,sample
m1-garand,2026-01-17,good,977,sample
thompson-1927a1,2026-01-17,good,1093,sample
colt-saa,2026-01-17,excellent,3106,sample
mosin-9130,2026-01-17,very_good,370,sample
colt-python,2026-01-17,good,1328,sample
glock-19-g5,2026-01-17,good,429,sample
ruger-1022,2026-01-17,very_good,290,sample
ruger-1022,2026-01-17,excellent,348,sample
springfield-m1a,2026-01-18,very_good,1558,sample
springfield-m1a,2026-01-18,very_good,1352,sample
mosin-9130,2026-01-18,good,295,sample
mosin-9130,2026-01-18,excellent,518,sample
mosin-9130,2026-01-18,excellent,548,sample
mosin-9130,2026-01-18,good,316,sample
sks,2026-01-18,very_good,677,sample
sks,2026-01-18,very_good,1061,sample
colt-python,2026-01-18,good,1149,sample
glock-19-g5,2026-01-18,very_good,412,sample
glock-19-g5,2026-01-18,very_good,420,sample
glock-19-g5,2026-01-18,very_good,471,sample
sig-p365,2026-01-18,very_good,405,sample
m1-garand,2026-01-19,good,961,sample
m1-garand,2026-01-19,good,1113,sample
m1-carbine,2026-01-19,good,1271,sample
thompson-1927a1,2026-01-19,very_good,1865,sample
thompson-1927a1,2026-01-19,very_good,1681,sample
mosin-9130,2026-01-19,good,331,sample
mosin-9130,2026-01-19,very_good,333,sample
mosin-9130,2026-01-19,good,346,sample
enfield-no4,2026-01-19,very_good,713,sample
sw-model-29,2026-01-19,very_good,1071,sample
glock-19-g5,2026-01-19,very_good,503,sample
glock-19-g5,2026-01-19,very_good,548,sample
sig-p365,2026-01-19,excellent,675,sample
sig-p365,2026-01-19,good,282,sample
ruger-1022,2026-01-19,excellent,318,sample
ruger-1022,2026-01-19,good,215,sample
m1-garand,2026-01-20,excellent,2182,sample
winchester-1873,2026-01-20,very_good,1115,sample
springfield-m1a,2026-01-20,good,1327,sample
mauser-k98k,2026-01-20,very_good,1544,sample
mauser-k98k,2026-01-20,good,976,sample
enfield-no4,2026-01-20,good,614,sample
sks,2026-01-20,good,494,sample
sks,2026-01-20,excellent,726,sample
glock-19-g5,2026-01-20,very_good,451,sample
glock-19-g5,2026-01-20,good,329,sample
sig-p365,2026-01-20,very_good,417,sample
sig-p365,2026-01-20,very_good,476,sample
sig-p365,2026-01-20,very_good,530,sample
sig-p365,2026-01-20,very_good,530,sample
sig-p365,2026-01-20,good,381,sample
sig-p365,2026-01-20,good,380,sample
sig-p365,2026-01-20,very_good,427,sample
sig-p365,2026-01-20,very_good,357,sample
ruger-1022,2026-01-20,excellent,407,sample
m1-garand,2026-01-21,very_good,1393,sample
colt-saa,2026-01-21,very_good,2252,sample
winchester-1873,2026-01-21,excellent,2188,sample
springfield-m1a,2026-01-21,excellent,2209,sample
enfield-no4,2026-01-21,very_good,775,sample
colt-python,2026-01-21,very_good,1776,sample
colt-python,2026-01-21,good,1219,sample
colt-python,2026-01-21,excellent,1821,sample
colt-python,2026-01-21,good,988,sample
sw-model-29,2026-01-21,very_good,1034,sample
glock-19-g5,2026-01-21,very_good,470,sample
glock-19-g5,2026-01-21,good,372,sample
glock-19-g5,2026-01-21,very_good,478,sample
glock-19-g5,2026-01-21,good,405,sample
sig-p365,2026-01-21,excellent,623,sample
ruger-1022,2026-01-21,good,227,sample
m1-garand,2026-01-22,very_good,1451,sample
m1-carbine,2026-01-22,excellent,1701,sample
m1911a1,2026-01-22,very_good,3535,sample
winchester-1873,2026-01-22,very_good,1368,sample
mauser-k98k,2026-01-22,very_good,1249,sample
sw-model-29,2026-01-22,good,966,sample
glock-19-g5,2026-01-22,good,611,sample
glock-19-g5,2026-01-22,excellent,661,sample
glock-19-g5,2026-01-22,excellent,565,sample
sig-p365,2026-01-22,very_good,509,sample
sig-p365,2026-01-22,good,264,sample
sig-p365,2026-01-22,very_good,402,sample
ruger-1022,2026-01-22,good,227,sample
m1-carbine,2026-01-23,excellent,2246,sample
winchester-1873,2026-01-23,very_good,1813,sample
mauser-k98k,2026-01-23,good,1050,sample
mosin-9130,2026-01-23,very_good,387,sample
mosin-9130,2026-01-23,very_good,353,sample
mosin-9130,2026-01-23,excellent,462,sample
glock-19-g5,2026-01-23,very_good,511,sample
sig-p365,2026-01-23,very_good,455,sample
ruger-1022,2026-01-23,good,213,sample
m1-garand,2026-01-24,very_good,1487,sample
thompson-1927a1,2026-01-24,good,1289,sample
thompson-1927a1,2026-01-24,excellent,2278,sample
mauser-k98k,2026-01-24,excellent,2081,sample
mosin-9130,2026-01-24,good,334,sample
mosin-9130,2026-01-24,good,372,sample
enfield-no4,2026-01-24,very_good,697,sample
sks,2026-01-24,good,595,sample
sks,2026-01-24,excellent,874,sample
sks,2026-01-24,good,460,sample
glock-19-g5,2026-01-24,good,383,sample
sig-p365,2026-01-24,very_good,427,sample
sig-p365,2026-01-24,good,330,sample
ruger-1022,2026-01-24,good,238,sample
springfield-m1a,2026-01-25,good,2271,sample
springfield-m1a,2026-01-25,good,1357,sample
colt-python,2026-01-25,very_good,1589,sample
glock-19-g5,2026-01-25,good,324,sample
ruger-1022,2026-01-25,good,192,sample
ruger-1022,2026-01-25,excellent,346,sample
ruger-1022,2026-01-25,good,222,sample
ruger-1022,2026-01-25,good,192,sample
thompson-1927a1,2026-01-26,very_good,1632,sample
springfield-m1a,2026-01-26,very_good,1695,sample
springfield-m1a,2026-01-26,good,1104,sample
mauser-k98k,2026-01-26,good,1124,sample
sks,2026-01-26,very_good,603,sample
glock-19-g5,2026-01-26,very_good,532,sample
glock-19-g5,2026-01-26,very_good,586,sample
glock-19-g5,2026-01-26,good,386,sample
glock-19-g5,2026-01-26,excellent,787,sample
sig-p365,2026-01-26,good,378,sample
ruger-1022,2026-01-26,good,223,sample
springfield-m1a,2026-01-27,excellent,2115,sample
mauser-k98k,2026-01-27,excellent,1867,sample
sks,2026-01-27,excellent,843,sample
colt-python,2026-01-27,very_good,1491,sample
sw-model-29,2026-01-27,excellent,1436,sample
glock-19-g5,2026-01-27,good,308,sample
glock-19-g5,2026-01-27,very_good,483,sample
sig-p365,2026-01-27,good,347,sample
sig-p365,2026-01-27,very_good,433,sample
ruger-1022,2026-01-27,good,225,sample
ruger-1022,2026-01-27,good,214,sample
m1-garand,2026-01-28,good,949,sample
m1-garand,2026-01-28,good,1129,sample
m1-carbine,2026-01-28,very_good,1658,sample
m1-carbine,2026-01-28,excellent,2345,sample
mosin-9130,2026-01-28,excellent,552,sample
sks,2026-01-28,excellent,905,sample
glock-19-g5,2026-01-28,excellent,629,sample
sig-p365,2026-01-28,good,396,sample
ruger-1022,2026-01-28,very_good,232,sample
ruger-1022,2026-01-28,good,208,sample
m1-garand,2026-01-29,good,1173,sample
colt-saa,2026-01-29,good,1779,sample
colt-saa,2026-01-29,very_good,1995,sample
mosin-9130,2026-01-29,very_good,402,sample
enfield-no4,2026-01-29,excellent,959,sample
sw-model-29,2026-01-29,good,1095,sample
sig-p365,2026-01-29,good,363,sample
sig-p365,2026-01-29,very_good,440,sample
ruger-1022,2026-01-29,good,260,sample
m1-garand,2026-01-30,very_good,1388,sample
springfield-m1a,2026-01-30,very_good,1653,sample
mosin-9130,2026-01-30,very_good,455,sample
sks,2026-01-30,good,569,sample
colt-python,2026-01-30,good,1454,sample
glock-19-g5,2026-01-30,good,321,sample
glock-19-g5,2026-01-30,excellent,588,sample
glock-19-g5,2026-01-30,very_good,520,sample
glock-19-g5,2026-01-30,good,307,sample
glock-19-g5,2026-01-30,very_good,437,sample
sig-p365,2026-01-30,very_good,483,sample
sig-p365,2026-01-30,very_good,417,sample
ruger-1022,2026-01-30,good,192,sample
ruger-1022,2026-01-30,good,233,sample
ruger-1022,2026-01-30,very_good,309,sample
m1-carbine,2026-01-31,excellent,1785,sample
winchester-1873,2026-01-31,good,1060,sample
springfield-m1a,2026-01-31,good,1241,sample
mosin-9130,2026-01-31,very_good,351,sample
sks,2026-01-31,very_good,562,sample
sks,2026-01-31,very_good,768,sample
colt-python,2026-01-31,very_good,2487,sample
colt-python,2026-01-31,very_good,1573,sample
sw-model-29,2026-01-31,very_good,1258,sample
glock-19-g5,2026-01-31,excellent,725,sample
ruger-1022,2026-01-31,good,205,sample
m1-carbine,2026-02-01,very_good,1597,sample
thompson-1927a1,2026-02-01,good,1293,sample
mosin-9130,2026-02-01,good,326,sample
mosin-9130,2026-02-01,good,264,sample
colt-python,2026-02-01,good,1166,sample
glock-19-g5,2026-02-01,good,387,sample
glock-19-g5,2026-02-01,very_good,403,sample
glock-19-g5,2026-02-01,very_good,509,sample
sig-p365,2026-02-01,good,386,sample
sig-p365,2026-02-01,very_good,424,sample
sig-p365,2026-02-01,very_good,429,sample
ruger-1022,2026-02-01,good,236,sample
m1-garand,2026-02-02,very_good,1492,sample
m1-carbine,2026-02-02,very_good,1384,sample
thompson-1927a1,2026-02-02,very_good,1607,sample
springfield-m1a,2026-02-02,very_good,3189,sample
mosin-9130,2026-02-02,very_good,387,sample
sig-p365,2026-02-02,good,424,sample
sig-p365,2026-02-02,excellent,520,sample
ruger-1022,2026-02-02,good,175,sample
ruger-1022,2026-02-02,excellent,373,sample
ruger-1022,2026-02-02,very_good,252,sample
m1-garand,2026-02-03,good,1169,sample
m1911a1,2026-02-03,excellent,3881,sample
colt-saa,2026-02-03,very_good,2410,sample
springfield-m1a,2026-02-03,excellent,2278,sample
sks,2026-02-03,very_good,588,sample
ruger-1022,2026-02-03,excellent,398,sample
m1-garand,2026-02-04,excellent,2189,sample
m1-carbine,2026-02-04,very_good,1953,sample
thompson-1927a1,2026-02-04,very_good,1570,sample
winchester-1873,2026-02-04,excellent,1901,sample
springfield-m1a,2026-02-04,good,1011,sample
springfield-m1a,2026-02-04,very_good,1367,sample
mosin-9130,2026-02-04,good,361,sample
colt-python,2026-02-04,very_good,1826,sample
colt-python,2026-02-04,very_good,1115,sample
sw-model-29,2026-02-04,very_good,1001,sample
glock-19-g5,2026-02-04,excellent,697,sample
sig-p365,2026-02-04,good,376,sample
sig-p365,2026-02-04,very_good,385,sample
ruger-1022,2026-02-04,very_good,266,sample
ruger-1022,2026-02-04,good,207,sample
m1-garand,2026-02-05,good,1002,sample
winchester-1873,2026-02-05,excellent,1707,sample
mauser-k98k,2026-02-05,good,941,sample
colt-python,2026-02-05,good,1014,sample
glock-19-g5,2026-02-05,good,343,sample
sig-p365,2026-02-05,excellent,458,sample
sig-p365,2026-02-05,very_good,489,sample
sig-p365,2026-02-05,excellent,552,sample
ruger-1022,2026-02-05,good,254,sample
thompson-1927a1,2026-02-06,excellent,2545,sample
colt-saa,2026-02-06,excellent,3217,sample
mosin-9130,2026-02-06,very_good,336,sample
mosin-9130,2026-02-06,very_good,416,sample
sks,2026-02-06,very_good,553,sample
colt-python,2026-02-06,very_good,1377,sample
glock-19-g5,2026-02-06,excellent,612,sample
glock-19-g5,2026-02-06,excellent,602,sample
sig-p365,2026-02-06,very_good,355,sample
ruger-1022,2026-02-06,very_good,277,sample
ruger-1022,2026-02-06,excellent,285,sample
ruger-1022,2026-02-06,very_good,292,sample
ruger-1022,2026-02-06,excellent,292,sample
ruger-1022,2026-02-06,good,172,sample
m1-garand,2026-02-07,very_good,1314,sample
m1-carbine,2026-02-07,good,1106,sample
m1-carbine,2026-02-07,very_good,1564,sample
winchester-1873,2026-02-07,very_good,1471,sample
colt-python,2026-02-07,very_good,1717,sample
glock-19-g5,2026-02-07,excellent,585,sample
sig-p365,2026-02-07,very_good,462,sample
sig-p365,2026-02-07,good,334,sample
sig-p365,2026-02-07,very_good,489,sample
ruger-1022,2026-02-07,excellent,424,sample
m1-garand,2026-02-08,very_good,1282,sample
colt-saa,2026-02-08,good,1606,sample
mosin-9130,2026-02-08,excellent,548,sample
mosin-9130,2026-02-08,excellent,472,sample
colt-python,2026-02-08,good,1321,sample
glock-19-g5,2026-02-08,good,402,sample
glock-19-g5,2026-02-08,very_good,485,sample
glock-19-g5,2026-02-08,very_good,444,sample
sig-p365,2026-02-08,good,414,sample
sig-p365,2026-02-08,excellent,597,sample
ruger-1022,2026-02-08,good,212,sample
enfield-no4,2026-02-09,very_good,550,sample
enfield-no4,2026-02-09,excellent,804,sample
sks,2026-02-09,excellent,944,sample
sig-p365,2026-02-09,excellent,627,sample
sig-p365,2026-02-09,very_good,443,sample
ruger-1022,2026-02-09,good,206,sample
ruger-1022,2026-02-09,good,258,sample
m1-garand,2026-02-10,excellent,1666,sample
m1-carbine,2026-02-10,good,1270,sample
winchester-1873,2026-02-10,very_good,1419,sample
mosin-9130,2026-02-10,very_good,395,sample
enfield-no4,2026-02-10,very_good,841,sample
sks,2026-02-10,very_good,580,sample
sks,2026-02-10,very_good,499,sample
sks,2026-02-10,good,400,sample
colt-python,2026-02-10,very_good,1361,sample
glock-19-g5,2026-02-10,very_good,460,sample
sig-p365,2026-02-10,very_good,516,sample
sig-p365,2026-02-10,good,339,sample
sig-p365,2026-02-10,excellent,641,sample
ruger-1022,2026-02-10,very_good,295,sample
m1-garand,2026-02-11,good,1101,sample
m1-carbine,2026-02-11,very_good,1781,sample
springfield-m1a,2026-02-11,good,934,sample
mosin-9130,2026-02-11,excellent,459,sample
sks,2026-02-11,very_good,553,sample
colt-python,2026-02-11,very_good,1567,sample
sw-model-29,2026-02-11,very_good,1100,sample
glock-19-g5,2026-02-11,good,341,sample
glock-19-g5,2026-02-11,very_good,512,sample
sig-p365,2026-02-11,good,380,sample
sig-p365,2026-02-11,very_good,563,sample
winchester-1873,2026-02-12,very_good,1243,sample
enfield-no4,2026-02-12,very_good,767,sample
sks,2026-02-12,good,480,sample
glock-19-g5,2026-02-12,excellent,684,sample
glock-19-g5,2026-02-12,good,370,sample
glock-19-g5,2026-02-12,very_good,431,sample
glock-19-g5,2026-02-12,good,382,sample
sig-p365,2026-02-12,excellent,594,sample
ruger-1022,2026-02-12,excellent,394,sample
ruger-1022,2026-02-12,good,211,sample
ruger-1022,2026-02-12,very_good,309,sample
ruger-1022,2026-02-12,excellent,350,sample
ruger-1022,2026-02-12,very_good,280,sample
m1-carbine,2026-02-13,very_good,1542,sample
thompson-1927a1,2026-02-13,excellent,2207,sample
winchester-1873,2026-02-13,good,1068,sample
mauser-k98k,2026-02-13,very_good,1267,sample
mosin-9130,2026-02-13,very_good,344,sample
mosin-9130,2026-02-13,good,356,sample
sks,2026-02-13,very_good,607,sample
glock-19-g5,2026-02-13,good,366,sample
glock-19-g5,2026-02-13,very_good,382,sample
glock-19-g5,2026-02-13,very_good,410,sample
m1-garand,2026-02-14,good,1223,sample
m1-carbine,2026-02-14,good,1396,sample
thompson-1927a1,2026-02-14,excellent,2292,sample
colt-saa,2026-02-14,very_good,2408,sample
mauser-k98k,2026-02-14,good,944,sample
mosin-9130,2026-02-14,excellent,507,sample
mosin-9130,2026-02-14,very_good,412,sample
sks,2026-02-14,good,442,sample
glock-19-g5,2026-02-14,very_good,450,sample
sig-p365,2026-02-14,very_good,442,sample
ruger-1022,2026-02-14,very_good,291,sample
ruger-1022,2026-02-14,very_good,232,sample
ruger-1022,2026-02-14,good,205,sample
ruger-1022,2026-02-14,excellent,360,sample
m1-carbine,2026-02-15,very_good,1560,sample
mosin-9130,2026-02-15,excellent,539,sample
mosin-9130,2026-02-15,excellent,486,sample
enfield-no4,2026-02-15,very_good,726,sample
colt-python,2026-02-15,very_good,1467,sample
colt-python,2026-02-15,very_good,1326,sample
sw-model-29,2026-02-15,excellent,2539,sample
glock-19-g5,2026-02-15,good,375,sample
glock-19-g5,2026-02-15,very_good,591,sample
glock-19-g5,2026-02-15,excellent,1110,sample
glock-19-g5,2026-02-15,excellent,542,sample
glock-19-g5,2026-02-15,very_good,449,sample
glock-19-g5,2026-02-15,very_good,592,sample
glock-19-g5,2026-02-15,very_good,584,sample
sig-p365,2026-02-15,very_good,499,sample
sig-p365,2026-02-15,good,300,sample
sig-p365,2026-02-15,very_good,554,sample
ruger-1022,2026-02-15,good,209,sample
ruger-1022,2026-02-15,very_good,302,sample
ruger-1022,2026-02-15,excellent,345,sample
m1-garand,2026-02-16,good,1363,sample
springfield-m1a,2026-02-16,good,1123,sample
mosin-9130,2026-02-16,very_good,385,sample
mosin-9130,2026-02-16,very_good,330,sample
enfield-no4,2026-02-16,good,586,sample
sks,2026-02-16,good,504,sample
sig-p365,2026-02-16,good,403,sample
sig-p365,2026-02-16,excellent,628,sample
ruger-1022,2026-02-16,excellent,334,sample
ruger-1022,2026-02-16,very_good,270,sample
m1-garand,2026-02-17,excellent,2005,sample
m1-garand,2026-02-17,excellent,1880,sample
colt-saa,2026-02-17,good,2236,sample
colt-saa,2026-02-17,good,1739,sample
colt-saa,2026-02-17,very_good,2328,sample
mauser-k98k,2026-02-17,good,880,sample
mauser-k98k,2026-02-17,good,1141,sample
colt-python,2026-02-17,very_good,1309,sample
sw-model-29,2026-02-17,very_good,1108,sample
sw-model-29,2026-02-17,good,1007,sample
sig-p365,2026-02-17,very_good,486,sample
sig-p365,2026-02-17,good,339,sample
ruger-1022,2026-02-17,very_good,265,sample
ruger-1022,2026-02-17,very_good,255,sample
ruger-1022,2026-02-17,very_good,333,sample
m1-carbine,2026-02-18,good,1207,sample
m1911a1,2026-02-18,excellent,3897,sample
springfield-m1a,2026-02-18,very_good,1591,sample
sks,2026-02-18,good,433,sample
sw-model-29,2026-02-18,excellent,1622,sample
sw-model-29,2026-02-18,very_good,1223,sample
glock-19-g5,2026-02-18,excellent,648,sample
glock-19-g5,2026-02-18,excellent,615,sample
glock-19-g5,2026-02-18,very_good,413,sample
sig-p365,2026-02-18,very_good,396,sample
sig-p365,2026-02-18,excellent,564,sample
ruger-1022,2026-02-18,excellent,327,sample
m1-garand,2026-02-19,good,1060,sample
m1-garand,2026-02-19,good,1058,sample
m1-carbine,2026-02-19,very_good,1378,sample
m1-carbine,2026-02-19,very_good,1639,sample
mosin-9130,2026-02-19,very_good,365,sample
sks,2026-02-19,very_good,603,sample
glock-19-g5,2026-02-19,good,370,sample
glock-19-g5,2026-02-19,excellent,822,sample
glock-19-g5,2026-02-19,good,292,sample
sig-p365,2026-02-19,very_good,485,sample
sig-p365,2026-02-19,good,353,sample
sig-p365,2026-02-19,very_good,401,sample
ruger-1022,2026-02-19,very_good,266,sample
m1-garand,2026-02-20,good,1030,sample
thompson-1927a1,2026-02-20,very_good,1925,sample
thompson-1927a1,2026-02-20,excellent,2233,sample
springfield-m1a,2026-02-20,excellent,2541,sample
enfield-no4,2026-02-20,good,561,sample
sks,2026-02-20,excellent,726,sample
sw-model-29,2026-02-20,excellent,2072,sample
glock-19-g5,2026-02-20,very_good,450,sample
glock-19-g5,2026-02-20,good,411,sample
glock-19-g5,2026-02-20,very_good,428,sample
ruger-1022,2026-02-20,very_good,243,sample
ruger-1022,2026-02-20,very_good,232,sample
thompson-1927a1,2026-02-21,excellent,2207,sample
thompson-1927a1,2026-02-21,excellent,2343,sample
colt-saa,2026-02-21,very_good,2273,sample
springfield-m1a,2026-02-21,good,1310,sample
sks,2026-02-21,good,465,sample
glock-19-g5,2026-02-21,very_good,472,sample
glock-19-g5,2026-02-21,very_good,479,sample
glock-19-g5,2026-02-21,very_good,461,sample
sig-p365,2026-02-21,very_good,448,sample
sig-p365,2026-02-21,good,420,sample
sig-p365,2026-02-21,excellent,603,sample
sig-p365,2026-02-21,excellent,903,sample
m1-garand,2026-02-22,good,951,sample
m1-garand,2026-02-22,good,969,sample
m1-garand,2026-02-22,good,1431,sample
m1-carbine,2026-02-22,good,1160,sample
m1-carbine,2026-02-22,excellent,1767,sample
m1-carbine,2026-02-22,very_good,1434,sample
colt-saa,2026-02-22,good,1810,sample
mauser-k98k,2026-02-22,very_good,1322,sample
enfield-no4,2026-02-22,very_good,791,sample
sw-model-29,2026-02-22,very_good,1059,sample
glock-19-g5,2026-02-22,very_good,435,sample
glock-19-g5,2026-02-22,very_good,489,sample
sig-p365,2026-02-22,excellent,582,sample
sig-p365,2026-02-22,very_good,440,sample
ruger-1022,2026-02-22,very_good,264,sample
m1-carbine,2026-02-23,very_good,1538,sample
springfield-m1a,2026-02-23,very_good,1391,sample
mosin-9130,2026-02-23,very_good,413,sample
mosin-9130,2026-02-23,very_good,359,sample
mosin-9130,2026-02-23,good,318,sample
sks,2026-02-23,good,572,sample
sw-model-29,2026-02-23,very_good,1204,sample
sw-model-29,2026-02-23,very_good,1018,sample
glock-19-g5,2026-02-23,good,402,sample
glock-19-g5,2026-02-23,very_good,402,sample
glock-19-g5,2026-02-23,very_good,453,sample
sig-p365,2026-02-23,good,357,sample
sig-p365,2026-02-23,very_good,399,sample
sig-p365,2026-02-23,good,410,sample
ruger-1022,2026-02-23,very_good,257,sample
ruger-1022,2026-02-23,good,204,sample
colt-saa,2026-02-24,very_good,2299,sample
mosin-9130,2026-02-24,good,294,sample
enfield-no4,2026-02-24,very_good,835,sample
enfield-no4,2026-02-24,very_good,679,sample
sks,2026-02-24,very_good,495,sample
sw-model-29,2026-02-24,good,837,sample
glock-19-g5,2026-02-24,very_good,539,sample
glock-19-g5,2026-02-24,good,360,sample
sig-p365,2026-02-24,good,296,sample
sig-p365,2026-02-24,good,325,sample
sig-p365,2026-02-24,good,354,sample
ruger-1022,2026-02-24,very_good,265,sample
ruger-1022,2026-02-24,very_good,248,sample
ruger-1022,2026-02-24,good,256,sample
m1-garand,2026-02-25,very_good,1296,sample
m1-garand,2026-02-25,very_good,1193,sample
m1911a1,2026-02-25,very_good,2926,sample
winchester-1873,2026-02-25,very_good,1403,sample
springfield-m1a,2026-02-25,very_good,1334,sample
mosin-9130,2026-02-25,excellent,632,sample
enfield-no4,2026-02-25,good,495,sample
sks,2026-02-25,good,781,sample
colt-python,2026-02-25,good,1110,sample
colt-python,2026-02-25,very_good,1493,sample
colt-python,2026-02-25,excellent,1996,sample
colt-python,2026-02-25,very_good,1266,sample
glock-19-g5,2026-02-25,good,374,sample
sig-p365,2026-02-25,good,396,sample
ruger-1022,2026-02-25,very_good,249,sample
m1-garand,2026-02-26,excellent,1757,sample
m1-carbine,2026-02-26,good,1247,sample
m1-carbine,2026-02-26,good,1147,sample
thompson-1927a1,2026-02-26,very_good,1528,sample
m1911a1,2026-02-26,very_good,2976,sample
colt-saa,2026-02-26,excellent,3482,sample
colt-saa,2026-02-26,good,1742,sample
springfield-m1a,2026-02-26,very_good,1564,sample
mauser-k98k,2026-02-26,very_good,1621,sample
mosin-9130,2026-02-26,excellent,499,sample
mosin-9130,2026-02-26,good,317,sample
mosin-9130,2026-02-26,very_good,380,sample
enfield-no4,2026-02-26,excellent,996,sample
enfield-no4,2026-02-26,very_good,823,sample
sks,2026-02-26,good,478,sample
colt-python,2026-02-26,excellent,2309,sample
colt-python,2026-02-26,very_good,1881,sample
sw-model-29,2026-02-26,good,863,sample
sw-model-29,2026-02-26,very_good,1175,sample
glock-19-g5,2026-02-26,very_good,411,sample
glock-19-g5,2026-02-26,good,420,sample
glock-19-g5,2026-02-26,very_good,459,sample
sig-p365,2026-02-26,good,373,sample
m1-garand,2026-02-27,excellent,2005,sample
springfield-m1a,2026-02-27,excellent,2281,sample
mosin-9130,2026-02-27,excellent,594,sample
mosin-9130,2026-02-27,good,468,sample
enfield-no4,2026-02-27,very_good,786,sample
enfield-no4,2026-02-27,excellent,978,sample
colt-python,2026-02-27,good,1029,sample
sw-model-29,2026-02-27,very_good,1208,sample
glock-19-g5,2026-02-27,very_good,431,sample
ruger-1022,2026-02-27,good,208,sample
ruger-1022,2026-02-27,very_good,274,sample
ruger-1022,2026-02-27,excellent,297,sample
colt-saa,2026-02-28,very_good,2118,sample
colt-saa,2026-02-28,good,1731,sample
mosin-9130,2026-02-28,good,293,sample
enfield-no4,2026-02-28,very_good,725,sample
colt-python,2026-02-28,very_good,1567,sample
colt-python,2026-02-28,good,1152,sample
glock-19-g5,2026-02-28,good,434,sample
glock-19-g5,2026-02-28,good,383,sample
glock-19-g5,2026-02-28,good,338,sample
sig-p365,2026-02-28,very_good,466,sample
sig-p365,2026-02-28,excellent,665,sample
ruger-1022,2026-02-28,very_good,233,sample
ruger-1022,2026-02-28,very_good,217,sample
thompson-1927a1,2026-03-01,very_good,1278,sample
m1911a1,2026-03-01,good,2216,sample
m1911a1,2026-03-01,good,2053,sample
winchester-1873,2026-03-01,excellent,2365,sample
mosin-9130,2026-03-01,very_good,410,sample
mosin-9130,2026-03-01,excellent,444,sample
enfield-no4,2026-03-01,very_good,764,sample
sks,2026-03-01,very_good,598,sample
colt-python,2026-03-01,very_good,1359,sample
sw-model-29,2026-03-01,very_good,1178,sample
sw-model-29,2026-03-01,excellent,1617,sample
glock-19-g5,2026-03-01,good,374,sample
glock-19-g5,2026-03-01,very_good,403,sample
glock-19-g5,2026-03-01,very_good,455,sample
sig-p365,2026-03-01,very_good,434,sample
m1-garand,2026-03-02,very_good,1296,sample
m1-carbine,2026-03-02,very_good,1733,sample
m1911a1,2026-03-02,very_good,2667,sample
enfield-no4,2026-03-02,excellent,917,sample
glock-19-g5,2026-03-02,excellent,722,sample
glock-19-g5,2026-03-02,very_good,423,sample
ruger-1022,2026-03-02,good,261,sample
m1-carbine,2026-03-03,good,1276,sample
m1-carbine,2026-03-03,very_good,1744,sample
m1911a1,2026-03-03,very_good,2704,sample
mauser-k98k,2026-03-03,excellent,1904,sample
mauser-k98k,2026-03-03,good,1002,sample
mauser-k98k,2026-03-03,good,1022,sample
mosin-9130,2026-03-03,good,342,sample
mosin-9130,2026-03-03,good,275,sample
mosin-9130,2026-03-03,good,351,sample
enfield-no4,2026-03-03,very_good,769,sample
colt-python,2026-03-03,very_good,1643,sample
colt-python,2026-03-03,very_good,1743,sample
colt-python,2026-03-03,very_good,1321,sample
glock-19-g5,2026-03-03,excellent,655,sample
glock-19-g5,2026-03-03,very_good,616,sample
glock-19-g5,2026-03-03,very_good,412,sample
glock-19-g5,2026-03-03,good,375,sample
sig-p365,2026-03-03,very_good,472,sample
sig-p365,2026-03-03,very_good,396,sample
sig-p365,2026-03-03,excellent,683,sample
ruger-1022,2026-03-03,excellent,328,sample
ruger-1022,2026-03-03,very_good,262,sample
ruger-1022,2026-03-03,excellent,411,sample
m1-garand,2026-03-04,very_good,1343,sample
m1-garand,2026-03-04,good,1044,sample
thompson-1927a1,2026-03-04,good,1312,sample
colt-saa,2026-03-04,good,2101,sample
winchester-1873,2026-03-04,good,1081,sample
springfield-m1a,2026-03-04,very_good,1269,sample
colt-python,2026-03-04,very_good,1288,sample
sw-model-29,2026-03-04,good,883,sample
glock-19-g5,2026-03-04,excellent,691,sample
glock-19-g5,2026-03-04,good,397,sample
glock-19-g5,2026-03-04,good,397,sample
sig-p365,2026-03-04,good,369,sample
winchester-1873,2026-03-05,very_good,1354,sample
mosin-9130,2026-03-05,very_good,405,sample
mosin-9130,2026-03-05,very_good,426,sample
colt-python,2026-03-05,very_good,1733,sample
colt-python,2026-03-05,very_good,1381,sample
glock-19-g5,2026-03-05,good,440,sample
glock-19-g5,2026-03-05,very_good,525,sample
glock-19-g5,2026-03-05,very_good,542,sample
sig-p365,2026-03-05,very_good,446,sample
sig-p365,2026-03-05,very_good,418,sample
sig-p365,2026-03-05,very_good,412,sample
m1911a1,2026-03-06,excellent,4154,sample
springfield-m1a,2026-03-06,very_good,1658,sample
springfield-m1a,2026-03-06,very_good,1669,sample
mosin-9130,2026-03-06,excellent,499,sample
glock-19-g5,2026-03-06,very_good,532,sample
glock-19-g5,2026-03-06,excellent,604,sample
sig-p365,2026-03-06,excellent,706,sample
ruger-1022,2026-03-06,good,217,sample
ruger-1022,2026-03-06,very_good,237,sample
ruger-1022,2026-03-06,very_good,286,sample
ruger-1022,2026-03-06,good,240,sample
thompson-1927a1,2026-03-07,very_good,1288,sample
m1911a1,2026-03-07,very_good,2743,sample
colt-saa,2026-03-07,excellent,3391,sample
springfield-m1a,2026-03-07,very_good,1632,sample
mauser-k98k,2026-03-07,very_good,1276,sample
mosin-9130,2026-03-07,good,297,sample
mosin-9130,2026-03-07,very_good,377,sample
mosin-9130,2026-03-07,very_good,358,sample
mosin-9130,2026-03-07,very_good,322,sample
sks,2026-03-07,excellent,814,sample
sks,2026-03-07,good,457,sample
colt-python,2026-03-07,good,1206,sample
colt-python,2026-03-07,good,1028,sample
colt-python,2026-03-07,very_good,1434,sample
colt-python,2026-03-07,very_good,1501,sample
colt-python,2026-03-07,very_good,1684,sample
glock-19-g5,2026-03-07,very_good,461,sample
sig-p365,2026-03-07,good,318,sample
sig-p365,2026-03-07,very_good,467,sample
sig-p365,2026-03-07,good,309,sample
ruger-1022,2026-03-07,very_good,295,sample
ruger-1022,2026-03-07,very_good,292,sample
m1-carbine,2026-03-08,good,1366,sample
thompson-1927a1,2026-03-08,very_good,1530,sample
mauser-k98k,2026-03-08,very_good,1864,sample
mosin-9130,2026-03-08,very_good,396,sample
mosin-9130,2026-03-08,very_good,481,sample
sw-model-29,2026-03-08,very_good,1056,sample
sig-p365,2026-03-08,very_good,476,sample
sig-p365,2026-03-08,very_good,389,sample
m1-garand,2026-03-09,good,1090,sample
springfield-m1a,2026-03-09,good,1268,sample
mosin-9130,2026-03-09,very_good,494,sample
mosin-9130,2026-03-09,good,296,sample
enfield-no4,2026-03-09,good,575,sample
sks,2026-03-09,very_good,538,sample
sks,2026-03-09,very_good,694,sample
sw-model-29,2026-03-09,very_good,1094,sample
sig-p365,2026-03-09,good,343,sample
thompson-1927a1,2026-03-10,very_good,1390,sample
colt-saa,2026-03-10,good,1935,sample
mauser-k98k,2026-03-10,very_good,1137,sample
enfield-no4,2026-03-10,very_good,790,sample
glock-19-g5,2026-03-10,very_good,445,sample
glock-19-g5,2026-03-10,very_good,450,sample
m1-garand,2026-03-11,very_good,1350,sample
m1-carbine,2026-03-11,very_good,1364,sample
thompson-1927a1,2026-03-11,good,1199,sample
springfield-m1a,2026-03-11,very_good,1907,sample
mosin-9130,2026-03-11,very_good,408,sample
enfield-no4,2026-03-11,good,685,sample
sks,2026-03-11,good,527,sample
glock-19-g5,2026-03-11,excellent,516,sample
glock-19-g5,2026-03-11,excellent,767,sample
glock-19-g5,2026-03-11,very_good,469,sample
glock-19-g5,2026-03-11,good,381,sample
sig-p365,2026-03-11,very_good,729,sample
sig-p365,2026-03-11,very_good,472,sample
ruger-1022,2026-03-11,very_good,263,sample
m1-garand,2026-03-12,good,1266,sample
m1-garand,2026-03-12,good,1508,sample
m1-garand,2026-03-12,excellent,1966,sample
m1-carbine,2026-03-12,very_good,1753,sample
mauser-k98k,2026-03-12,good,1261,sample
mosin-9130,2026-03-12,good,269,sample
mosin-9130,2026-03-12,very_good,411,sample
sks,2026-03-12,excellent,889,sample
colt-python,2026-03-12,good,1272,sample
glock-19-g5,2026-03-12,good,362,sample
glock-19-g5,2026-03-12,very_good,468,sample
sig-p365,2026-03-12,very_good,428,sample
ruger-1022,2026-03-12,very_good,246,sample
ruger-1022,2026-03-12,very_good,425,sample
colt-saa,2026-03-13,good,1888,sample
mosin-9130,2026-03-13,good,321,sample
enfield-no4,2026-03-13,very_good,742,sample
sks,2026-03-13,excellent,700,sample
sks,2026-03-13,very_good,594,sample
sw-model-29,2026-03-13,very_good,1191,sample
glock-19-g5,2026-03-13,very_good,412,sample
sig-p365,2026-03-13,very_good,474,sample
sig-p365,2026-03-13,excellent,697,sample
sig-p365,2026-03-13,good,340,sample
m1-garand,2026-03-14,very_good,1401,sample
m1911a1,2026-03-14,very_good,2545,sample
winchester-1873,2026-03-14,very_good,2259,sample
mosin-9130,2026-03-14,good,308,sample
mosin-9130,2026-03-14,excellent,478,sample
mosin-9130,2026-03-14,good,374,sample
colt-python,2026-03-14,good,1185,sample
glock-19-g5,2026-03-14,good,350,sample
sig-p365,2026-03-14,excellent,593,sample
m1-garand,2026-03-15,good,1044,sample
thompson-1927a1,2026-03-15,excellent,1952,sample
colt-saa,2026-03-15,good,1635,sample
winchester-1873,2026-03-15,very_good,1318,sample
mosin-9130,2026-03-15,very_good,362,sample
enfield-no4,2026-03-15,very_good,507,sample
colt-python,2026-03-15,very_good,1503,sample
colt-python,2026-03-15,excellent,2212,sample
m1-carbine,2026-03-16,good,1162,sample
m1911a1,2026-03-16,good,2410,sample
mosin-9130,2026-03-16,very_good,378,sample
sks,2026-03-16,good,519,sample
sks,2026-03-16,very_good,647,sample
glock-19-g5,2026-03-16,very_good,442,sample
glock-19-g5,2026-03-16,excellent,690,sample
glock-19-g5,2026-03-16,very_good,383,sample
sig-p365,2026-03-16,good,396,sample
sig-p365,2026-03-16,good,393,sample
ruger-1022,2026-03-16,good,227,sample
ruger-1022,2026-03-16,excellent,331,sample
ruger-1022,2026-03-16,good,210,sample
ruger-1022,2026-03-16,excellent,388,sample
ruger-1022,2026-03-16,very_good,311,sample
m1-garand,2026-03-17,very_good,1319,sample
m1-carbine,2026-03-17,excellent,2216,sample
mosin-9130,2026-03-17,good,349,sample
sig-p365,2026-03-17,excellent,669,sample
sig-p365,2026-03-17,excellent,660,sample
m1-carbine,2026-03-18,good,1227,sample
colt-saa,2026-03-18,good,2068,sample
springfield-m1a,2026-03-18,good,1383,sample
mosin-9130,2026-03-18,very_good,343,sample
mosin-9130,2026-03-18,very_good,444,sample
mosin-9130,2026-03-18,good,313,sample
sw-model-29,2026-03-18,very_good,1187,sample
glock-19-g5,2026-03-18,very_good,494,sample
glock-19-g5,2026-03-18,very_good,504,sample
sig-p365,2026-03-18,good,374,sample
sig-p365,2026-03-18,good,344,sample
sig-p365,2026-03-18,good,375,sample
sig-p365,2026-03-18,good,393,sample
ruger-1022,2026-03-18,very_good,270,sample
m1-garand,2026-03-19,very_good,1609,sample
colt-saa,2026-03-19,very_good,2081,sample
colt-saa,2026-03-19,very_good,2969,sample
mauser-k98k,2026-03-19,excellent,2093,sample
mosin-9130,2026-03-19,good,281,sample
mosin-9130,2026-03-19,very_good,418,sample
glock-19-g5,2026-03-19,very_good,413,sample
glock-19-g5,2026-03-19,very_good,387,sample
glock-19-g5,2026-03-19,excellent,699,sample
glock-19-g5,2026-03-19,excellent,716,sample
sig-p365,2026-03-19,good,408,sample
sig-p365,2026-03-19,good,373,sample
ruger-1022,2026-03-19,excellent,336,sample
ruger-1022,2026-03-19,very_good,242,sample
ruger-1022,2026-03-19,very_good,327,sample
ruger-1022,2026-03-19,good,201,sample
m1-carbine,2026-03-20,very_good,1501,sample
springfield-m1a,2026-03-20,very_good,1538,sample
springfield-m1a,2026-03-20,very_good,1502,sample
springfield-m1a,2026-03-20,very_good,1622,sample
mosin-9130,2026-03-20,good,263,sample
sks,2026-03-20,good,495,sample
sw-model-29,2026-03-20,very_good,1322,sample
glock-19-g5,2026-03-20,very_good,462,sample
glock-19-g5,2026-03-20,very_good,468,sample
glock-19-g5,2026-03-20,good,359,sample
glock-19-g5,2026-03-20,good,321,sample
sig-p365,2026-03-20,very_good,481,sample
sig-p365,2026-03-20,very_good,450,sample
sig-p365,2026-03-20,good,353,sample
sig-p365,2026-03-20,very_good,525,sample
ruger-1022,2026-03-20,very_good,286,sample
ruger-1022,2026-03-20,good,208,sample
ruger-1022,2026-03-20,excellent,438,sample
m1-carbine,2026-03-21,good,1603,sample
colt-saa,2026-03-21,very_good,2681,sample
winchester-1873,2026-03-21,good,1232,sample
mosin-9130,2026-03-21,good,365,sample
sks,2026-03-21,very_good,615,sample
sks,2026-03-21,very_good,697,sample
colt-python,2026-03-21,good,1378,sample
glock-19-g5,2026-03-21,good,383,sample
glock-19-g5,2026-03-21,excellent,647,sample
sig-p365,2026-03-21,very_good,480,sample
ruger-1022,2026-03-21,very_good,242,sample
ruger-1022,2026-03-21,very_good,278,sample
m1-carbine,2026-03-22,excellent,2318,sample
colt-saa,2026-03-22,good,1717,sample
colt-saa,2026-03-22,very_good,2211,sample
winchester-1873,2026-03-22,good,1100,sample
mauser-k98k,2026-03-22,good,979,sample
mosin-9130,2026-03-22,good,269,sample
enfield-no4,2026-03-22,good,629,sample
sks,2026-03-22,excellent,949,sample
colt-python,2026-03-22,very_good,1591,sample
sw-model-29,2026-03-22,very_good,1301,sample
glock-19-g5,2026-03-22,good,423,sample
sig-p365,2026-03-22,good,368,sample
sig-p365,2026-03-22,good,370,sample
sig-p365,2026-03-22,good,418,sample
sig-p365,2026-03-22,good,375,sample
sig-p365,2026-03-22,very_good,402,sample
ruger-1022,2026-03-22,good,221,sample
ruger-1022,2026-03-22,good,197,sample
ruger-1022,2026-03-22,excellent,348,sample
ruger-1022,2026-03-22,very_good,296,sample
m1-garand,2026-03-23,very_good,1476,sample
thompson-1927a1,2026-03-23,good,991,sample
winchester-1873,2026-03-23,good,1060,sample
winchester-1873,2026-03-23,excellent,1603,sample
mauser-k98k,2026-03-23,good,1129,sample
mosin-9130,2026-03-23,very_good,406,sample
enfield-no4,2026-03-23,excellent,1111,sample
sig-p365,2026-03-23,very_good,592,sample
sig-p365,2026-03-23,excellent,612,sample
sig-p365,2026-03-23,excellent,603,sample
ruger-1022,2026-03-23,very_good,299,sample
m1-garand,2026-03-24,excellent,1765,sample
thompson-1927a1,2026-03-24,very_good,1356,sample
colt-saa,2026-03-24,very_good,2372,sample
springfield-m1a,2026-03-24,very_good,1436,sample
springfield-m1a,2026-03-24,excellent,1983,sample
enfield-no4,2026-03-24,excellent,865,sample
sks,2026-03-24,good,422,sample
sks,2026-03-24,good,574,sample
colt-python,2026-03-24,good,1357,sample
sw-model-29,2026-03-24,good,789,sample
glock-19-g5,2026-03-24,very_good,411,sample
glock-19-g5,2026-03-24,very_good,454,sample
glock-19-g5,2026-03-24,good,339,sample
sig-p365,2026-03-24,very_good,545,sample
sig-p365,2026-03-24,very_good,406,sample
sig-p365,2026-03-24,good,439,sample
ruger-1022,2026-03-24,excellent,380,sample
mosin-9130,2026-03-25,excellent,489,sample
sw-model-29,2026-03-25,very_good,1338,sample
glock-19-g5,2026-03-25,good,350,sample
glock-19-g5,2026-03-25,very_good,514,sample
sig-p365,2026-03-25,good,363,sample
ruger-1022,2026-03-25,very_good,332,sample
ruger-1022,2026-03-25,good,247,sample
ruger-1022,2026-03-25,excellent,366,sample
ruger-1022,2026-03-25,excellent,384,sample
winchester-1873,2026-03-26,excellent,2045,sample
winchester-1873,2026-03-26,very_good,1628,sample
sks,2026-03-26,very_good,636,sample
glock-19-g5,2026-03-26,good,413,sample
glock-19-g5,2026-03-26,very_good,524,sample
glock-19-g5,2026-03-26,good,335,sample
glock-19-g5,2026-03-26,excellent,1123,sample
glock-19-g5,2026-03-26,excellent,703,sample
glock-19-g5,2026-03-26,good,491,sample
sig-p365,2026-03-26,good,338,sample
sig-p365,2026-03-26,excellent,666,sample
m1-garand,2026-03-27,excellent,1911,sample
m1-carbine,2026-03-27,good,1099,sample
m1911a1,2026-03-27,very_good,2885,sample
winchester-1873,2026-03-27,good,1020,sample
mauser-k98k,2026-03-27,excellent,1961,sample
enfield-no4,2026-03-27,good,502,sample
sw-model-29,2026-03-27,very_good,1243,sample
glock-19-g5,2026-03-27,very_good,403,sample
glock-19-g5,2026-03-27,good,396,sample
glock-19-g5,2026-03-27,good,462,sample
sig-p365,2026-03-27,very_good,430,sample
sig-p365,2026-03-27,good,375,sample
springfield-m1a,2026-03-28,very_good,1460,sample
springfield-m1a,2026-03-28,good,1211,sample
mosin-9130,2026-03-28,very_good,370,sample
mosin-9130,2026-03-28,good,339,sample
sw-model-29,2026-03-28,excellent,1780,sample
glock-19-g5,2026-03-28,excellent,681,sample
glock-19-g5,2026-03-28,excellent,501,sample
glock-19-g5,2026-03-28,excellent,623,sample
glock-19-g5,2026-03-28,good,309,sample
sig-p365,2026-03-28,excellent,655,sample
sig-p365,2026-03-28,very_good,485,sample
ruger-1022,2026-03-28,good,203,sample
ruger-1022,2026-03-28,very_good,361,sample
m1-garand,2026-03-29,good,1049,sample
colt-saa,2026-03-29,very_good,2736,sample
colt-saa,2026-03-29,very_good,2031,sample
colt-saa,2026-03-29,very_good,2622,sample
mauser-k98k,2026-03-29,good,1066,sample
sks,2026-03-29,good,501,sample
colt-python,2026-03-29,good,1046,sample
colt-python,2026-03-29,very_good,1694,sample
glock-19-g5,2026-03-29,good,403,sample
glock-19-g5,2026-03-29,good,382,sample
glock-19-g5,2026-03-29,excellent,775,sample
glock-19-g5,2026-03-29,good,385,sample
glock-19-g5,2026-03-29,very_good,433,sample
sig-p365,2026-03-29,very_good,481,sample
sig-p365,2026-03-29,very_good,555,sample
ruger-1022,2026-03-29,very_good,257,sample
ruger-1022,2026-03-29,good,199,sample
ruger-1022,2026-03-29,very_good,285,sample
thompson-1927a1,2026-03-30,good,994,sample
colt-saa,2026-03-30,good,1819,sample
mosin-9130,2026-03-30,excellent,587,sample
mosin-9130,2026-03-30,very_good,344,sample
colt-python,2026-03-30,very_good,1600,sample
glock-19-g5,2026-03-30,very_good,460,sample
sig-p365,2026-03-30,good,338,sample
sig-p365,2026-03-30,excellent,661,sample
sig-p365,2026-03-30,good,380,sample
ruger-1022,2026-03-30,excellent,370,sample
ruger-1022,2026-03-30,very_good,247,sample
ruger-1022,2026-03-30,very_good,232,sample
m1-garand,2026-03-31,very_good,1522,sample
m1-garand,2026-03-31,excellent,1839,sample
m1-carbine,2026-03-31,very_good,1559,sample
m1-carbine,2026-03-31,very_good,1739,sample
mosin-9130,2026-03-31,good,272,sample
glock-19-g5,2026-03-31,very_good,501,sample
glock-19-g5,2026-03-31,very_good,491,sample
glock-19-g5,2026-03-31,very_good,436,sample
glock-19-g5,2026-03-31,very_good,419,sample
glock-19-g5,2026-03-31,good,375,sample
sig-p365,2026-03-31,excellent,712,sample
sig-p365,2026-03-31,excellent,706,sample
sig-p365,2026-03-31,excellent,647,sample
m1-garand,2026-04-01,very_good,1811,sample
winchester-1873,2026-04-01,good,1136,sample
mosin-9130,2026-04-01,good,263,sample
colt-python,2026-04-01,very_good,1607,sample
colt-python,2026-04-01,excellent,1931,sample
colt-python,2026-04-01,good,1221,sample
glock-19-g5,2026-04-01,good,345,sample
sig-p365,2026-04-01,excellent,564,sample
ruger-1022,2026-04-01,excellent,300,sample
ruger-1022,2026-04-01,excellent,436,sample
m1-carbine,2026-04-02,very_good,1392,sample
m1-carbine,2026-04-02,very_good,1777,sample
winchester-1873,2026-04-02,good,1275,sample
winchester-1873,2026-04-02,very_good,1625,sample
sks,2026-04-02,good,355,sample
glock-19-g5,2026-04-02,very_good,612,sample
glock-19-g5,2026-04-02,very_good,395,sample
sig-p365,2026-04-02,good,395,sample
ruger-1022,2026-04-02,good,247,sample
ruger-1022,2026-04-02,very_good,268,sample
ruger-1022,2026-04-02,good,191,sample
m1-garand,2026-04-03,very_good,1166,sample
m1-carbine,2026-04-03,very_good,1909,sample
thompson-1927a1,2026-04-03,very_good,1555,sample
glock-19-g5,2026-04-03,very_good,425,sample
glock-19-g5,2026-04-03,very_good,482,sample
glock-19-g5,2026-04-03,very_good,428,sample
sig-p365,2026-04-03,good,358,sample
winchester-1873,2026-04-04,excellent,2186,sample
mosin-9130,2026-04-04,good,280,sample
enfield-no4,2026-04-04,very_good,795,sample
sw-model-29,2026-04-04,very_good,1053,sample
glock-19-g5,2026-04-04,very_good,466,sample
glock-19-g5,2026-04-04,very_good,451,sample
sig-p365,2026-04-04,good,347,sample
sig-p365,2026-04-04,very_good,489,sample
colt-python,2026-04-05,very_good,1285,sample
sw-model-29,2026-04-05,good,808,sample
glock-19-g5,2026-04-05,very_good,475,sample
glock-19-g5,2026-04-05,very_good,408,sample
sig-p365,2026-04-05,good,348,sample
sig-p365,2026-04-05,good,344,sample
sig-p365,2026-04-05,excellent,625,sample
ruger-1022,2026-04-05,very_good,341,sample
ruger-1022,2026-04-05,very_good,274,sample
ruger-1022,2026-04-05,excellent,424,sample
m1-carbine,2026-04-06,excellent,2576,sample
m1-carbine,2026-04-06,good,1254,sample
m1911a1,2026-04-06,very_good,3223,sample
winchester-1873,2026-04-06,very_good,1614,sample
springfield-m1a,2026-04-06,very_good,1542,sample
springfield-m1a,2026-04-06,good,1346,sample
mosin-9130,2026-04-06,excellent,680,sample
glock-19-g5,2026-04-06,very_good,463,sample
glock-19-g5,2026-04-06,excellent,688,sample
glock-19-g5,2026-04-06,very_good,424,sample
glock-19-g5,2026-04-06,very_good,365,sample
glock-19-g5,2026-04-06,very_good,424,sample
sig-p365,2026-04-06,very_good,439,sample
ruger-1022,2026-04-06,very_good,228,sample
colt-saa,2026-04-07,good,1971,sample
springfield-m1a,2026-04-07,good,1127,sample
mauser-k98k,2026-04-07,good,1026,sample
colt-python,2026-04-07,very_good,1701,sample
glock-19-g5,2026-04-07,excellent,812,sample
glock-19-g5,2026-04-07,excellent,764,sample
glock-19-g5,2026-04-07,very_good,465,sample
sig-p365,2026-04-07,excellent,547,sample
sig-p365,2026-04-07,good,355,sample
sig-p365,2026-04-07,excellent,620,sample
ruger-1022,2026-04-07,good,187,sample
ruger-1022,2026-04-07,very_good,293,sample
m1-carbine,2026-04-08,very_good,1651,sample
winchester-1873,2026-04-08,good,980,sample
springfield-m1a,2026-04-08,very_good,1446,sample
springfield-m1a,2026-04-08,very_good,1547,sample
enfield-no4,2026-04-08,excellent,791,sample
glock-19-g5,2026-04-08,very_good,538,sample
sig-p365,2026-04-08,excellent,615,sample
sig-p365,2026-04-08,very_good,465,sample
sig-p365,2026-04-08,very_good,408,sample
m1-garand,2026-04-09,very_good,1438,sample
m1911a1,2026-04-09,very_good,3355,sample
mosin-9130,2026-04-09,very_good,407,sample
enfield-no4,2026-04-09,very_good,692,sample
colt-python,2026-04-09,very_good,1256,sample
sw-model-29,2026-04-09,excellent,1488,sample
glock-19-g5,2026-04-09,very_good,538,sample
glock-19-g5,2026-04-09,good,393,sample
glock-19-g5,2026-04-09,very_good,370,sample
sig-p365,2026-04-09,excellent,623,sample
sig-p365,2026-04-09,good,317,sample
sig-p365,2026-04-09,good,308,sample
ruger-1022,2026-04-09,good,207,sample
ruger-1022,2026-04-09,very_good,282,sample
ruger-1022,2026-04-09,very_good,262,sample
m1-garand,2026-04-10,excellent,1931,sample
m1-garand,2026-04-10,good,1056,sample
m1-carbine,2026-04-10,excellent,1988,sample
m1-carbine,2026-04-10,good,1266,sample
m1911a1,2026-04-10,good,2350,sample
colt-saa,2026-04-10,excellent,3292,sample
mauser-k98k,2026-04-10,very_good,1553,sample
mosin-9130,2026-04-10,very_good,381,sample
enfield-no4,2026-04-10,very_good,750,sample
colt-python,2026-04-10,very_good,1399,sample
glock-19-g5,2026-04-10,good,372,sample
glock-19-g5,2026-04-10,excellent,559,sample
glock-19-g5,2026-04-10,good,371,sample
glock-19-g5,2026-04-10,good,463,sample
sig-p365,2026-04-10,very_good,477,sample
sig-p365,2026-04-10,good,288,sample
sig-p365,2026-04-10,good,395,sample
ruger-1022,2026-04-10,excellent,357,sample
m1911a1,2026-04-11,very_good,2771,sample
winchester-1873,2026-04-11,good,1128,sample
mosin-9130,2026-04-11,good,356,sample
mosin-9130,2026-04-11,excellent,568,sample
colt-python,2026-04-11,excellent,1724,sample
colt-python,2026-04-11,excellent,2057,sample
colt-python,2026-04-11,very_good,1616,sample
colt-python,2026-04-11,very_good,1421,sample
glock-19-g5,2026-04-11,very_good,503,sample
sig-p365,2026-04-11,excellent,621,sample
ruger-1022,2026-04-11,excellent,401,sample
ruger-1022,2026-04-11,excellent,324,sample
m1-garand,2026-04-12,excellent,1656,sample
m1-carbine,2026-04-12,excellent,1982,sample
m1-carbine,2026-04-12,very_good,1517,sample
thompson-1927a1,2026-04-12,very_good,1296,sample
colt-saa,2026-04-12,very_good,2041,sample
winchester-1873,2026-04-12,good,1000,sample
mosin-9130,2026-04-12,good,292,sample
enfield-no4,2026-04-12,very_good,643,sample
colt-python,2026-04-12,very_good,1333,sample
colt-python,2026-04-12,good,1199,sample
glock-19-g5,2026-04-12,good,334,sample
glock-19-g5,2026-04-12,very_good,430,sample
sig-p365,2026-04-12,good,384,sample
ruger-1022,2026-04-12,good,187,sample
ruger-1022,2026-04-12,very_good,300,sample
colt-saa,2026-04-13,good,1794,sample
mauser-k98k,2026-04-13,good,1135,sample
mauser-k98k,2026-04-13,very_good,1187,sample
mauser-k98k,2026-04-13,very_good,1486,sample
enfield-no4,2026-04-13,good,484,sample
sks,2026-04-13,good,388,sample
colt-python,2026-04-13,very_good,1411,sample
colt-python,2026-04-13,good,1351,sample
sw-model-29,2026-04-13,good,1101,sample
sw-model-29,2026-04-13,good,909,sample
sig-p365,2026-04-13,very_good,579,sample
sig-p365,2026-04-13,good,283,sample
sig-p365,2026-04-13,very_good,543,sample
sig-p365,2026-04-13,good,373,sample
ruger-1022,2026-04-13,good,197,sample
ruger-1022,2026-04-13,excellent,396,sample
ruger-1022,2026-04-13,very_good,287,sample
thompson-1927a1,2026-04-14,good,1117,sample
m1911a1,2026-04-14,good,2398,sample
winchester-1873,2026-04-14,very_good,1306,sample
springfield-m1a,2026-04-14,good,1194,sample
mauser-k98k,2026-04-14,very_good,2009,sample
mosin-9130,2026-04-14,excellent,535,sample
sks,2026-04-14,very_good,483,sample
colt-python,2026-04-14,excellent,1782,sample
colt-python,2026-04-14,very_good,1434,sample
sw-model-29,2026-04-14,excellent,1456,sample
glock-19-g5,2026-04-14,good,364,sample
glock-19-g5,2026-04-14,very_good,436,sample
sig-p365,2026-04-14,very_good,341,sample
ruger-1022,2026-04-14,good,182,sample
ruger-1022,2026-04-14,good,179,sample
ruger-1022,2026-04-14,very_good,289,sample
m1-garand,2026-04-15,very_good,1093,sample
winchester-1873,2026-04-15,good,1205,sample
springfield-m1a,2026-04-15,good,2036,sample
springfield-m1a,2026-04-15,very_good,1633,sample
mosin-9130,2026-04-15,good,307,sample
mosin-9130,2026-04-15,good,252,sample
enfield-no4,2026-04-15,good,638,sample
sks,2026-04-15,good,451,sample
sks,2026-04-15,very_good,677,sample
sks,2026-04-15,very_good,649,sample
colt-python,2026-04-15,very_good,1291,sample
colt-python,2026-04-15,very_good,1594,sample
glock-19-g5,2026-04-15,good,372,sample
glock-19-g5,2026-04-15,excellent,716,sample
sig-p365,2026-04-15,good,284,sample
sig-p365,2026-04-15,good,390,sample
sig-p365,2026-04-15,very_good,411,sample
sig-p365,2026-04-15,good,306,sample
sig-p365,2026-04-15,excellent,590,sample
ruger-1022,2026-04-15,good,233,sample
ruger-1022,2026-04-15,very_good,344,sample
ruger-1022,2026-04-15,very_good,265,sample
m1911a1,2026-04-16,good,2107,sample
springfield-m1a,2026-04-16,good,937,sample
mosin-9130,2026-04-16,excellent,485,sample
enfield-no4,2026-04-16,very_good,695,sample
colt-python,2026-04-16,very_good,1204,sample
sw-model-29,2026-04-16,good,699,sample
glock-19-g5,2026-04-16,very_good,535,sample
glock-19-g5,2026-04-16,very_good,528,sample
sig-p365,2026-04-16,excellent,562,sample
sig-p365,2026-04-16,good,330,sample
ruger-1022,2026-04-16,very_good,276,sample
ruger-1022,2026-04-16,good,210,sample
ruger-1022,2026-04-16,very_good,288,sample
m1-garand,2026-04-17,good,1176,sample
thompson-1927a1,2026-04-17,good,1347,sample
winchester-1873,2026-04-17,good,1189,sample
mosin-9130,2026-04-17,good,340,sample
enfield-no4,2026-04-17,very_good,759,sample
glock-19-g5,2026-04-17,good,527,sample
glock-19-g5,2026-04-17,good,323,sample
glock-19-g5,2026-04-17,very_good,468,sample
glock-19-g5,2026-04-17,good,419,sample
glock-19-g5,2026-04-17,good,353,sample
sig-p365,2026-04-17,excellent,746,sample
m1-carbine,2026-04-18,good,1326,sample
colt-saa,2026-04-18,very_good,2370,sample
colt-saa,2026-04-18,good,1779,sample
springfield-m1a,2026-04-18,very_good,1802,sample
mauser-k98k,2026-04-18,good,1177,sample
mauser-k98k,2026-04-18,excellent,1709,sample
colt-python,2026-04-18,excellent,2035,sample
glock-19-g5,2026-04-18,very_good,453,sample
sig-p365,2026-04-18,very_good,515,sample
sig-p365,2026-04-18,very_good,486,sample
sig-p365,2026-04-18,excellent,655,sample
m1-garand,2026-04-19,good,936,sample
mosin-9130,2026-04-19,very_good,404,sample
mosin-9130,2026-04-19,very_good,424,sample
sw-model-29,2026-04-19,very_good,1036,sample
glock-19-g5,2026-04-19,good,387,sample
sig-p365,2026-04-19,very_good,473,sample
sig-p365,2026-04-19,very_good,418,sample
sig-p365,2026-04-19,very_good,366,sample
ruger-1022,2026-04-19,very_good,248,sample
ruger-1022,2026-04-19,very_good,298,sample
ruger-1022,2026-04-19,very_good,241,sample
thompson-1927a1,2026-04-20,very_good,1559,sample
m1911a1,2026-04-20,good,2532,sample
mosin-9130,2026-04-20,very_good,378,sample
mosin-9130,2026-04-20,good,337,sample
colt-python,2026-04-20,good,1415,sample
glock-19-g5,2026-04-20,good,358,sample
sig-p365,2026-04-20,very_good,380,sample
ruger-1022,2026-04-20,excellent,349,sample
m1-garand,2026-04-21,very_good,1431,sample
m1-carbine,2026-04-21,very_good,1948,sample
colt-saa,2026-04-21,good,2115,sample
colt-saa,2026-04-21,very_good,2460,sample
springfield-m1a,2026-04-21,very_good,1572,sample
mauser-k98k,2026-04-21,very_good,1400,sample
sw-model-29,2026-04-21,excellent,1405,sample
glock-19-g5,2026-04-21,very_good,483,sample
glock-19-g5,2026-04-21,excellent,609,sample
sig-p365,2026-04-21,very_good,345,sample
sig-p365,2026-04-21,very_good,412,sample
sig-p365,2026-04-21,good,360,sample
thompson-1927a1,2026-04-22,good,1448,sample
winchester-1873,2026-04-22,good,1092,sample
mauser-k98k,2026-04-22,excellent,2308,sample
colt-python,2026-04-22,very_good,1637,sample
glock-19-g5,2026-04-22,excellent,550,sample
sig-p365,2026-04-22,very_good,482,sample
ruger-1022,2026-04-22,very_good,297,sample
ruger-1022,2026-04-22,very_good,270,sample
m1911a1,2026-04-23,good,2218,sample
colt-saa,2026-04-23,very_good,2309,sample
winchester-1873,2026-04-23,very_good,1473,sample
glock-19-g5,2026-04-23,good,382,sample
glock-19-g5,2026-04-23,good,370,sample
glock-19-g5,2026-04-23,very_good,410,sample
glock-19-g5,2026-04-23,good,340,sample
glock-19-g5,2026-04-23,good,445,sample
sig-p365,2026-04-23,very_good,418,sample
sig-p365,2026-04-23,good,351,sample
sig-p365,2026-04-23,very_good,582,sample
ruger-1022,2026-04-23,good,245,sample
m1-garand,2026-04-24,very_good,1313,sample
springfield-m1a,2026-04-24,very_good,1475,sample
springfield-m1a,2026-04-24,very_good,1626,sample
mosin-9130,2026-04-24,good,372,sample
enfield-no4,2026-04-24,very_good,691,sample
sw-model-29,2026-04-24,very_good,2135,sample
glock-19-g5,2026-04-24,very_good,433,sample
glock-19-g5,2026-04-24,very_good,545,sample
glock-19-g5,2026-04-24,excellent,739,sample
sig-p365,2026-04-24,very_good,390,sample
ruger-1022,2026-04-24,excellent,342,sample
ruger-1022,2026-04-24,very_good,266,sample
m1911a1,2026-04-25,very_good,2880,sample
colt-saa,2026-04-25,excellent,3510,sample
mauser-k98k,2026-04-25,very_good,1398,sample
colt-python,2026-04-25,very_good,1786,sample
colt-python,2026-04-25,good,1001,sample
colt-python,2026-04-25,good,1261,sample
glock-19-g5,2026-04-25,very_good,403,sample
glock-19-g5,2026-04-25,very_good,389,sample
sig-p365,2026-04-25,excellent,739,sample
sig-p365,2026-04-25,very_good,594,sample
ruger-1022,2026-04-25,very_good,292,sample
ruger-1022,2026-04-25,good,198,sample
m1-garand,2026-04-26,good,1197,sample
m1-garand,2026-04-26,very_good,1375,sample
thompson-1927a1,2026-04-26,excellent,1877,sample
thompson-1927a1,2026-04-26,very_good,1624,sample
springfield-m1a,2026-04-26,very_good,1525,sample
mosin-9130,2026-04-26,good,275,sample
sks,2026-04-26,good,441,sample
glock-19-g5,2026-04-26,very_good,442,sample
glock-19-g5,2026-04-26,excellent,635,sample
sig-p365,2026-04-26,very_good,497,sample
sig-p365,2026-04-26,excellent,567,sample
sig-p365,2026-04-26,excellent,534,sample
sig-p365,2026-04-26,good,350,sample
m1-carbine,2026-04-27,good,1872,sample
m1911a1,2026-04-27,very_good,2918,sample
colt-saa,2026-04-27,very_good,2612,sample
enfield-no4,2026-04-27,very_good,702,sample
sks,2026-04-27,good,431,sample
sks,2026-04-27,good,415,sample
colt-python,2026-04-27,very_good,1568,sample
colt-python,2026-04-27,excellent,2012,sample
sw-model-29,2026-04-27,good,898,sample
sw-model-29,2026-04-27,very_good,1259,sample
sw-model-29,2026-04-27,good,835,sample
sw-model-29,2026-04-27,good,867,sample
glock-19-g5,2026-04-27,very_good,553,sample
sig-p365,2026-04-27,good,390,sample
sig-p365,2026-04-27,very_good,456,sample
mauser-k98k,2026-04-28,very_good,1486,sample
mauser-k98k,2026-04-28,very_good,1311,sample
enfield-no4,2026-04-28,good,602,sample
sks,2026-04-28,good,541,sample
sks,2026-04-28,excellent,1004,sample
colt-python,2026-04-28,good,1332,sample
glock-19-g5,2026-04-28,very_good,410,sample
glock-19-g5,2026-04-28,good,367,sample
glock-19-g5,2026-04-28,very_good,418,sample
sig-p365,2026-04-28,good,327,sample
ruger-1022,2026-04-28,excellent,382,sample
springfield-m1a,2026-04-29,very_good,1277,sample
mauser-k98k,2026-04-29,excellent,2046,sample
mosin-9130,2026-04-29,excellent,513,sample
mosin-9130,2026-04-29,excellent,453,sample
sw-model-29,2026-04-29,very_good,1213,sample
sw-model-29,2026-04-29,good,877,sample
sw-model-29,2026-04-29,excellent,1368,sample
glock-19-g5,2026-04-29,good,367,sample
glock-19-g5,2026-04-29,very_good,528,sample
glock-19-g5,2026-04-29,very_good,502,sample
sig-p365,2026-04-29,good,417,sample
sig-p365,2026-04-29,good,421,sample
ruger-1022,2026-04-29,excellent,392,sample
m1-garand,2026-04-30,very_good,1386,sample
m1911a1,2026-04-30,very_good,3018,sample
m1911a1,2026-04-30,very_good,3698,sample
colt-python,2026-04-30,very_good,1204,sample
colt-python,2026-04-30,very_good,1318,sample
sw-model-29,2026-04-30,good,1025,sample
glock-19-g5,2026-04-30,very_good,456,sample
glock-19-g5,2026-04-30,very_good,472,sample
glock-19-g5,2026-04-30,good,298,sample
glock-19-g5,2026-04-30,good,362,sample
glock-19-g5,2026-04-30,good,394,sample
sig-p365,2026-04-30,very_good,413,sample
ruger-1022,2026-04-30,very_good,210,sample
mosin-9130,2026-05-01,good,280,sample
mosin-9130,2026-05-01,excellent,655,sample
sks,2026-05-01,very_good,708,sample
glock-19-g5,2026-05-01,very_good,506,sample
glock-19-g5,2026-05-01,very_good,397,sample
glock-19-g5,2026-05-01,good,361,sample
glock-19-g5,2026-05-01,very_good,498,sample
sig-p365,2026-05-01,good,365,sample
sig-p365,2026-05-01,very_good,524,sample
sig-p365,2026-05-01,very_good,438,sample
sig-p365,2026-05-01,excellent,673,sample
m1-garand,2026-05-02,very_good,1296,sample
m1-garand,2026-05-02,good,1441,sample
thompson-1927a1,2026-05-02,excellent,2227,sample
mosin-9130,2026-05-02,good,298,sample
mosin-9130,2026-05-02,very_good,394,sample
enfield-no4,2026-05-02,good,623,sample
glock-19-g5,2026-05-02,very_good,492,sample
glock-19-g5,2026-05-02,very_good,428,sample
glock-19-g5,2026-05-02,very_good,473,sample
glock-19-g5,2026-05-02,good,341,sample
glock-19-g5,2026-05-02,good,304,sample
sig-p365,2026-05-02,good,349,sample
sig-p365,2026-05-02,good,340,sample
ruger-1022,2026-05-02,very_good,260,sample
m1911a1,2026-05-03,very_good,3327,sample
colt-saa,2026-05-03,excellent,3236,sample
enfield-no4,2026-05-03,very_good,689,sample
sks,2026-05-03,good,370,sample
colt-python,2026-05-03,excellent,2373,sample
colt-python,2026-05-03,good,1174,sample
colt-python,2026-05-03,very_good,1378,sample
glock-19-g5,2026-05-03,very_good,422,sample
sig-p365,2026-05-03,good,323,sample
sig-p365,2026-05-03,good,317,sample
sig-p365,2026-05-03,very_good,380,sample
sig-p365,2026-05-03,very_good,396,sample
ruger-1022,2026-05-03,good,245,sample
m1-garand,2026-05-04,excellent,2237,sample
m1-carbine,2026-05-04,very_good,1594,sample
thompson-1927a1,2026-05-04,excellent,2119,sample
mosin-9130,2026-05-04,good,321,sample
colt-python,2026-05-04,very_good,1569,sample
colt-python,2026-05-04,good,1025,sample
sw-model-29,2026-05-04,good,998,sample
glock-19-g5,2026-05-04,very_good,521,sample
sig-p365,2026-05-04,excellent,661,sample
sig-p365,2026-05-04,very_good,464,sample
sig-p365,2026-05-04,very_good,428,sample
ruger-1022,2026-05-04,excellent,435,sample
ruger-1022,2026-05-04,excellent,397,sample
ruger-1022,2026-05-04,excellent,396,sample
m1-garand,2026-05-05,very_good,1116,sample
m1-garand,2026-05-05,good,1159,sample
colt-saa,2026-05-05,excellent,3043,sample
winchester-1873,2026-05-05,good,1105,sample
springfield-m1a,2026-05-05,excellent,2112,sample
springfield-m1a,2026-05-05,very_good,1606,sample
mauser-k98k,2026-05-05,very_good,1537,sample
mosin-9130,2026-05-05,very_good,370,sample
glock-19-g5,2026-05-05,very_good,482,sample
m1-garand,2026-05-06,very_good,1514,sample
m1-garand,2026-05-06,very_good,1340,sample
thompson-1927a1,2026-05-06,very_good,1731,sample
winchester-1873,2026-05-06,excellent,2047,sample
winchester-1873,2026-05-06,good,1364,sample
sw-model-29,2026-05-06,very_good,1214,sample
glock-19-g5,2026-05-06,good,321,sample
glock-19-g5,2026-05-06,good,396,sample
glock-19-g5,2026-05-06,excellent,746,sample
sig-p365,2026-05-06,very_good,464,sample
sig-p365,2026-05-06,good,339,sample
sig-p365,2026-05-06,very_good,418,sample
ruger-1022,2026-05-06,excellent,366,sample
ruger-1022,2026-05-06,good,205,sample
m1-garand,2026-05-07,good,993,sample
thompson-1927a1,2026-05-07,very_good,1587,sample
m1911a1,2026-05-07,good,2195,sample
colt-saa,2026-05-07,good,1684,sample
colt-python,2026-05-07,very_good,1747,sample
sw-model-29,2026-05-07,very_good,1017,sample
glock-19-g5,2026-05-07,very_good,513,sample
glock-19-g5,2026-05-07,good,397,sample
glock-19-g5,2026-05-07,very_good,762,sample
glock-19-g5,2026-05-07,excellent,721,sample
sig-p365,2026-05-07,very_good,511,sample
sig-p365,2026-05-07,very_good,409,sample
sig-p365,2026-05-07,excellent,611,sample
m1-garand,2026-05-08,good,1165,sample
m1-carbine,2026-05-08,good,1192,sample
thompson-1927a1,2026-05-08,good,1239,sample
springfield-m1a,2026-05-08,excellent,2011,sample
mauser-k98k,2026-05-08,very_good,1284,sample
mosin-9130,2026-05-08,good,285,sample
mosin-9130,2026-05-08,good,326,sample
enfield-no4,2026-05-08,excellent,995,sample
glock-19-g5,2026-05-08,very_good,548,sample
glock-19-g5,2026-05-08,very_good,484,sample
glock-19-g5,2026-05-08,good,357,sample
glock-19-g5,2026-05-08,excellent,648,sample
glock-19-g5,2026-05-08,very_good,450,sample
glock-19-g5,2026-05-08,very_good,498,sample
ruger-1022,2026-05-08,good,229,sample
m1-garand,2026-05-09,very_good,1502,sample
m1-garand,2026-05-09,good,992,sample
mauser-k98k,2026-05-09,very_good,1501,sample
mauser-k98k,2026-05-09,very_good,1344,sample
mosin-9130,2026-05-09,very_good,420,sample
enfield-no4,2026-05-09,very_good,704,sample
enfield-no4,2026-05-09,excellent,1080,sample
glock-19-g5,2026-05-09,very_good,385,sample
glock-19-g5,2026-05-09,very_good,456,sample
glock-19-g5,2026-05-09,very_good,456,sample
sig-p365,2026-05-09,very_good,376,sample
sig-p365,2026-05-09,very_good,408,sample
sig-p365,2026-05-09,very_good,365,sample
sig-p365,2026-05-09,good,402,sample
ruger-1022,2026-05-09,excellent,350,sample
ruger-1022,2026-05-09,excellent,348,sample
ruger-1022,2026-05-09,excellent,374,sample
ruger-1022,2026-05-09,good,207,sample
m1-carbine,2026-05-10,good,1217,sample
m1911a1,2026-05-10,very_good,2891,sample
colt-saa,2026-05-10,excellent,3113,sample
colt-python,2026-05-10,very_good,2064,sample
glock-19-g5,2026-05-10,very_good,475,sample
glock-19-g5,2026-05-10,good,366,sample
glock-19-g5,2026-05-10,very_good,454,sample
sig-p365,2026-05-10,excellent,735,sample
ruger-1022,2026-05-10,good,193,sample
ruger-1022,2026-05-10,very_good,264,sample
ruger-1022,2026-05-10,very_good,305,sample
ruger-1022,2026-05-10,very_good,290,sample
winchester-1873,2026-05-11,very_good,1258,sample
springfield-m1a,2026-05-11,good,1150,sample
mosin-9130,2026-05-11,very_good,411,sample
mosin-9130,2026-05-11,excellent,571,sample
mosin-9130,2026-05-11,very_good,492,sample
glock-19-g5,2026-05-11,very_good,437,sample
glock-19-g5,2026-05-11,very_good,433,sample
sig-p365,2026-05-11,very_good,487,sample
sig-p365,2026-05-11,very_good,423,sample
sig-p365,2026-05-11,very_good,413,sample
sig-p365,2026-05-11,excellent,621,sample
ruger-1022,2026-05-11,good,213,sample
ruger-1022,2026-05-11,excellent,395,sample
ruger-1022,2026-05-11,good,237,sample
m1-garand,2026-05-12,very_good,1383,sample
colt-saa,2026-05-12,good,1988,sample
mosin-9130,2026-05-12,excellent,548,sample
enfield-no4,2026-05-12,good,610,sample
enfield-no4,2026-05-12,good,496,sample
colt-python,2026-05-12,excellent,2322,sample
colt-python,2026-05-12,very_good,1336,sample
sw-model-29,2026-05-12,very_good,1441,sample
glock-19-g5,2026-05-12,very_good,451,sample
sig-p365,2026-05-12,excellent,733,sample
sig-p365,2026-05-12,very_good,381,sample
sig-p365,2026-05-12,very_good,397,sample
thompson-1927a1,2026-05-13,good,1379,sample
thompson-1927a1,2026-05-13,excellent,1959,sample
mauser-k98k,2026-05-13,good,1268,sample
mosin-9130,2026-05-13,good,268,sample
colt-python,2026-05-13,good,992,sample
glock-19-g5,2026-05-13,excellent,683,sample
sig-p365,2026-05-13,very_good,395,sample
sig-p365,2026-05-13,excellent,462,sample
thompson-1927a1,2026-05-14,very_good,1436,sample
colt-saa,2026-05-14,excellent,3299,sample
winchester-1873,2026-05-14,excellent,1858,sample
springfield-m1a,2026-05-14,very_good,1610,sample
springfield-m1a,2026-05-14,good,1230,sample
mosin-9130,2026-05-14,very_good,466,sample
mosin-9130,2026-05-14,good,299,sample
mosin-9130,2026-05-14,excellent,477,sample
enfield-no4,2026-05-14,very_good,679,sample
colt-python,2026-05-14,good,1105,sample
glock-19-g5,2026-05-14,very_good,560,sample
sig-p365,2026-05-14,excellent,710,sample
sig-p365,2026-05-14,very_good,439,sample
sig-p365,2026-05-14,very_good,394,sample
ruger-1022,2026-05-14,very_good,286,sample
ruger-1022,2026-05-14,good,200,sample
ruger-1022,2026-05-14,very_good,294,sample
m1-garand,2026-05-15,very_good,1293,sample
m1-garand,2026-05-15,very_good,1372,sample
colt-python,2026-05-15,very_good,1543,sample
colt-python,2026-05-15,very_good,1661,sample
colt-python,2026-05-15,very_good,1382,sample
glock-19-g5,2026-05-15,very_good,450,sample
sig-p365,2026-05-15,good,354,sample
m1-garand,2026-05-16,good,1009,sample
m1-carbine,2026-05-16,good,1268,sample
mauser-k98k,2026-05-16,very_good,1329,sample
sks,2026-05-16,very_good,630,sample
colt-python,2026-05-16,excellent,1756,sample
colt-python,2026-05-16,very_good,1556,sample
glock-19-g5,2026-05-16,good,457,sample
sig-p365,2026-05-16,very_good,377,sample
sig-p365,2026-05-16,very_good,451,sample
sig-p365,2026-05-16,very_good,451,sample
sig-p365,2026-05-16,good,366,sample
ruger-1022,2026-05-16,very_good,263,sample
ruger-1022,2026-05-16,very_good,288,sample
ruger-1022,2026-05-16,very_good,305,sample
ruger-1022,2026-05-16,very_good,255,sample
sw-model-29,2026-05-17,excellent,1936,sample
glock-19-g5,2026-05-17,good,405,sample
glock-19-g5,2026-05-17,excellent,656,sample
sig-p365,2026-05-17,excellent,669,sample
sig-p365,2026-05-17,very_good,559,sample
sig-p365,2026-05-17,good,418,sample
sig-p365,2026-05-17,good,270,sample
ruger-1022,2026-05-17,good,198,sample
m1-garand,2026-05-18,very_good,1630,sample
m1-carbine,2026-05-18,very_good,1569,sample
m1-carbine,2026-05-18,good,1331,sample
m1911a1,2026-05-18,good,2052,sample
mauser-k98k,2026-05-18,excellent,2064,sample
mosin-9130,2026-05-18,good,267,sample
sw-model-29,2026-05-18,very_good,1249,sample
sig-p365,2026-05-18,good,304,sample
sig-p365,2026-05-18,very_good,418,sample
sks,2026-05-19,very_good,603,sample
sks,2026-05-19,good,426,sample
sks,2026-05-19,very_good,718,sample
glock-19-g5,2026-05-19,very_good,424,sample
glock-19-g5,2026-05-19,very_good,403,sample
glock-19-g5,2026-05-19,excellent,739,sample
glock-19-g5,2026-05-19,very_good,465,sample
sig-p365,2026-05-19,excellent,594,sample
sig-p365,2026-05-19,very_good,464,sample
m1-garand,2026-05-20,good,1179,sample
m1-carbine,2026-05-20,very_good,1504,sample
thompson-1927a1,2026-05-20,excellent,2381,sample
thompson-1927a1,2026-05-20,good,1304,sample
thompson-1927a1,2026-05-20,very_good,1485,sample
springfield-m1a,2026-05-20,very_good,1363,sample
mosin-9130,2026-05-20,very_good,370,sample
colt-python,2026-05-20,excellent,2515,sample
colt-python,2026-05-20,good,1015,sample
glock-19-g5,2026-05-20,very_good,469,sample
glock-19-g5,2026-05-20,excellent,584,sample
sig-p365,2026-05-20,good,355,sample
sig-p365,2026-05-20,very_good,366,sample
sig-p365,2026-05-20,good,391,sample
ruger-1022,2026-05-20,excellent,415,sample
ruger-1022,2026-05-20,excellent,367,sample
m1-garand,2026-05-21,excellent,1867,sample
m1-garand,2026-05-21,good,1036,sample
m1-carbine,2026-05-21,good,1225,sample
thompson-1927a1,2026-05-21,excellent,2173,sample
springfield-m1a,2026-05-21,good,1467,sample
mauser-k98k,2026-05-21,good,1056,sample
mosin-9130,2026-05-21,very_good,338,sample
sks,2026-05-21,very_good,593,sample
glock-19-g5,2026-05-21,very_good,430,sample
sig-p365,2026-05-21,good,368,sample
mauser-k98k,2026-05-22,very_good,1334,sample
mosin-9130,2026-05-22,very_good,445,sample
sks,2026-05-22,good,564,sample
colt-python,2026-05-22,good,1247,sample
sw-model-29,2026-05-22,good,831,sample
glock-19-g5,2026-05-22,excellent,644,sample
glock-19-g5,2026-05-22,good,352,sample
glock-19-g5,2026-05-22,good,409,sample
sig-p365,2026-05-22,very_good,395,sample
ruger-1022,2026-05-22,excellent,394,sample
m1-garand,2026-05-23,very_good,1197,sample
m1-carbine,2026-05-23,very_good,1690,sample
mosin-9130,2026-05-23,excellent,551,sample
colt-python,2026-05-23,very_good,1425,sample
glock-19-g5,2026-05-23,very_good,433,sample
glock-19-g5,2026-05-23,very_good,502,sample
glock-19-g5,2026-05-23,very_good,416,sample
glock-19-g5,2026-05-23,very_good,490,sample
glock-19-g5,2026-05-23,very_good,468,sample
glock-19-g5,2026-05-23,good,375,sample
glock-19-g5,2026-05-23,very_good,515,sample
glock-19-g5,2026-05-23,excellent,648,sample
glock-19-g5,2026-05-23,good,372,sample
glock-19-g5,2026-05-23,very_good,410,sample
ruger-1022,2026-05-23,very_good,306,sample
ruger-1022,2026-05-23,very_good,322,sample
ruger-1022,2026-05-23,excellent,441,sample
ruger-1022,2026-05-23,good,222,sample
m1-carbine,2026-05-24,very_good,1692,sample
winchester-1873,2026-05-24,good,1181,sample
winchester-1873,2026-05-24,good,1542,sample
mauser-k98k,2026-05-24,good,1003,sample
mosin-9130,2026-05-24,good,327,sample
mosin-9130,2026-05-24,very_good,339,sample
mosin-9130,2026-05-24,very_good,387,sample
sks,2026-05-24,good,590,sample
colt-python,2026-05-24,excellent,1968,sample
glock-19-g5,2026-05-24,very_good,415,sample
glock-19-g5,2026-05-24,very_good,420,sample
glock-19-g5,2026-05-24,very_good,546,sample
glock-19-g5,2026-05-24,very_good,414,sample
sig-p365,2026-05-24,good,379,sample
sig-p365,2026-05-24,very_good,431,sample
ruger-1022,2026-05-24,excellent,327,sample
ruger-1022,2026-05-24,very_good,278,sample
thompson-1927a1,2026-05-25,very_good,1448,sample
m1911a1,2026-05-25,good,2510,sample
winchester-1873,2026-05-25,good,1044,sample
sks,2026-05-25,very_good,606,sample
glock-19-g5,2026-05-25,good,422,sample
glock-19-g5,2026-05-25,good,328,sample
sig-p365,2026-05-25,very_good,417,sample
sig-p365,2026-05-25,very_good,387,sample
ruger-1022,2026-05-25,very_good,249,sample
m1-garand,2026-05-26,very_good,1325,sample
m1-garand,2026-05-26,excellent,1883,sample
m1-carbine,2026-05-26,good,1353,sample
thompson-1927a1,2026-05-26,excellent,2090,sample
thompson-1927a1,2026-05-26,very_good,1495,sample
winchester-1873,2026-05-26,very_good,1464,sample
springfield-m1a,2026-05-26,good,1422,sample
mosin-9130,2026-05-26,very_good,336,sample
enfield-no4,2026-05-26,very_good,792,sample
enfield-no4,2026-05-26,very_good,1370,sample
sks,2026-05-26,very_good,540,sample
sw-model-29,2026-05-26,good,792,sample
glock-19-g5,2026-05-26,good,426,sample
sig-p365,2026-05-26,excellent,613,sample
sig-p365,2026-05-26,good,336,sample
m1911a1,2026-05-27,very_good,3368,sample
winchester-1873,2026-05-27,excellent,1831,sample
winchester-1873,2026-05-27,very_good,1413,sample
mauser-k98k,2026-05-27,very_good,1613,sample
mosin-9130,2026-05-27,good,326,sample
glock-19-g5,2026-05-27,very_good,499,sample
glock-19-g5,2026-05-27,excellent,759,sample
sig-p365,2026-05-27,good,441,sample
sig-p365,2026-05-27,excellent,547,sample
sig-p365,2026-05-27,very_good,451,sample
ruger-1022,2026-05-27,excellent,367,sample
ruger-1022,2026-05-27,very_good,262,sample
m1-carbine,2026-05-28,good,1355,sample
m1-carbine,2026-05-28,good,1176,sample
m1-carbine,2026-05-28,very_good,1578,sample
winchester-1873,2026-05-28,excellent,1757,sample
springfield-m1a,2026-05-28,very_good,1659,sample
springfield-m1a,2026-05-28,very_good,1413,sample
colt-python,2026-05-28,good,1303,sample
glock-19-g5,2026-05-28,very_good,463,sample
sig-p365,2026-05-28,very_good,460,sample
ruger-1022,2026-05-28,very_good,346,sample
m1-garand,2026-05-29,very_good,1221,sample
thompson-1927a1,2026-05-29,excellent,2079,sample
m1911a1,2026-05-29,excellent,4743,sample
colt-saa,2026-05-29,very_good,2530,sample
winchester-1873,2026-05-29,very_good,1384,sample
mosin-9130,2026-05-29,very_good,392,sample
mosin-9130,2026-05-29,excellent,536,sample
sks,2026-05-29,excellent,705,sample
glock-19-g5,2026-05-29,good,382,sample
glock-19-g5,2026-05-29,very_good,415,sample
glock-19-g5,2026-05-29,good,294,sample
glock-19-g5,2026-05-29,very_good,533,sample
glock-19-g5,2026-05-29,excellent,608,sample
glock-19-g5,2026-05-29,good,394,sample
glock-19-g5,2026-05-29,excellent,630,sample
sig-p365,2026-05-29,very_good,434,sample
sig-p365,2026-05-29,good,401,sample
sig-p365,2026-05-29,very_good,503,sample
sig-p365,2026-05-29,good,353,sample
sig-p365,2026-05-29,very_good,497,sample
ruger-1022,2026-05-29,excellent,461,sample
enfield-no4,2026-05-30,good,710,sample
sks,2026-05-30,very_good,503,sample
sw-model-29,2026-05-30,good,900,sample
glock-19-g5,2026-05-30,very_good,538,sample
glock-19-g5,2026-05-30,very_good,515,sample
glock-19-g5,2026-05-30,good,338,sample
sig-p365,2026-05-30,excellent,613,sample
sig-p365,2026-05-30,very_good,450,sample
ruger-1022,2026-05-30,good,214,sample
m1-garand,2026-05-31,good,1115,sample
mauser-k98k,2026-05-31,good,1216,sample
mosin-9130,2026-05-31,very_good,389,sample
mosin-9130,2026-05-31,very_good,332,sample
mosin-9130,2026-05-31,very_good,330,sample
mosin-9130,2026-05-31,very_good,452,sample
mosin-9130,2026-05-31,very_good,477,sample
colt-python,2026-05-31,very_good,1281,sample
colt-python,2026-05-31,very_good,1564,sample
colt-python,2026-05-31,excellent,2393,sample
sw-model-29,2026-05-31,very_good,1237,sample
sw-model-29,2026-05-31,good,1123,sample
glock-19-g5,2026-05-31,very_good,394,sample
glock-19-g5,2026-05-31,very_good,447,sample
glock-19-g5,2026-05-31,good,332,sample
glock-19-g5,2026-05-31,very_good,497,sample
glock-19-g5,2026-05-31,excellent,991,sample
glock-19-g5,2026-05-31,good,411,sample
sig-p365,2026-05-31,very_good,442,sample
sig-p365,2026-05-31,excellent,596,sample
m1-carbine,2026-06-01,very_good,1581,sample
thompson-1927a1,2026-06-01,good,1214,sample
thompson-1927a1,2026-06-01,very_good,2246,sample
thompson-1927a1,2026-06-01,very_good,1489,sample
enfield-no4,2026-06-01,very_good,643,sample
sw-model-29,2026-06-01,very_good,1378,sample
glock-19-g5,2026-06-01,good,378,sample
glock-19-g5,2026-06-01,very_good,507,sample
glock-19-g5,2026-06-01,good,365,sample
sig-p365,2026-06-01,very_good,383,sample
ruger-1022,2026-06-01,excellent,382,sample
m1-garand,2026-06-02,very_good,1648,sample
colt-saa,2026-06-02,very_good,2527,sample
springfield-m1a,2026-06-02,excellent,1576,sample
springfield-m1a,2026-06-02,good,1233,sample
glock-19-g5,2026-06-02,very_good,403,sample
sig-p365,2026-06-02,very_good,534,sample
sig-p365,2026-06-02,excellent,619,sample
sig-p365,2026-06-02,excellent,624,sample
sig-p365,2026-06-02,very_good,425,sample
ruger-1022,2026-06-02,very_good,328,sample
m1-carbine,2026-06-03,very_good,1776,sample
m1-carbine,2026-06-03,very_good,1768,sample
colt-python,2026-06-03,excellent,1952,sample
glock-19-g5,2026-06-03,very_good,448,sample
sig-p365,2026-06-03,good,333,sample
sig-p365,2026-06-03,good,291,sample
ruger-1022,2026-06-03,very_good,209,sample
m1-carbine,2026-06-04,very_good,1660,sample
m1911a1,2026-06-04,very_good,3199,sample
colt-saa,2026-06-04,very_good,2357,sample
mosin-9130,2026-06-04,very_good,371,sample
colt-python,2026-06-04,very_good,1530,sample
glock-19-g5,2026-06-04,good,353,sample
glock-19-g5,2026-06-04,very_good,510,sample
glock-19-g5,2026-06-04,good,346,sample
sig-p365,2026-06-04,excellent,723,sample
sig-p365,2026-06-04,very_good,474,sample
sig-p365,2026-06-04,good,325,sample
m1-garand,2026-06-05,excellent,1909,sample
m1-carbine,2026-06-05,excellent,2422,sample
m1911a1,2026-06-05,good,2308,sample
mosin-9130,2026-06-05,good,353,sample
mosin-9130,2026-06-05,good,283,sample
mosin-9130,2026-06-05,excellent,596,sample
enfield-no4,2026-06-05,very_good,719,sample
sks,2026-06-05,good,428,sample
sks,2026-06-05,excellent,731,sample
sks,2026-06-05,very_good,715,sample
glock-19-g5,2026-06-05,good,420,sample
glock-19-g5,2026-06-05,very_good,507,sample
glock-19-g5,2026-06-05,excellent,681,sample
ruger-1022,2026-06-05,very_good,230,sample
ruger-1022,2026-06-05,good,243,sample
m1-garand,2026-06-06,very_good,1522,sample
m1-garand,2026-06-06,excellent,1810,sample
thompson-1927a1,2026-06-06,very_good,1347,sample
winchester-1873,2026-06-06,good,914,sample
winchester-1873,2026-06-06,good,864,sample
mosin-9130,2026-06-06,good,387,sample
mosin-9130,2026-06-06,excellent,571,sample
sks,2026-06-06,good,529,sample
colt-python,2026-06-06,very_good,1590,sample
colt-python,2026-06-06,good,1184,sample
colt-python,2026-06-06,good,1068,sample
sw-model-29,2026-06-06,good,998,sample
glock-19-g5,2026-06-06,very_good,435,sample
glock-19-g5,2026-06-06,good,371,sample
glock-19-g5,2026-06-06,excellent,635,sample
sig-p365,2026-06-06,excellent,614,sample
sig-p365,2026-06-06,very_good,489,sample
sig-p365,2026-06-06,excellent,664,sample
sig-p365,2026-06-06,very_good,413,sample
ruger-1022,2026-06-06,good,207,sample
ruger-1022,2026-06-06,very_good,218,sample
m1-garand,2026-06-07,excellent,1995,sample
m1-carbine,2026-06-07,good,1293,sample
m1911a1,2026-06-07,good,3096,sample
mosin-9130,2026-06-07,excellent,518,sample
colt-python,2026-06-07,good,1148,sample
glock-19-g5,2026-06-07,good,383,sample
sig-p365,2026-06-07,very_good,425,sample
sig-p365,2026-06-07,very_good,459,sample
ruger-1022,2026-06-07,good,213,sample
ruger-1022,2026-06-07,very_good,460,sample
springfield-m1a,2026-06-08,excellent,2101,sample
springfield-m1a,2026-06-08,excellent,2016,sample
mosin-9130,2026-06-08,very_good,461,sample
colt-python,2026-06-08,excellent,2024,sample
sw-model-29,2026-06-08,very_good,1152,sample
glock-19-g5,2026-06-08,very_good,485,sample
glock-19-g5,2026-06-08,good,459,sample
glock-19-g5,2026-06-08,excellent,507,sample
ruger-1022,2026-06-08,good,240,sample
ruger-1022,2026-06-08,very_good,207,sample
m1-carbine,2026-06-09,very_good,1610,sample
springfield-m1a,2026-06-09,very_good,1556,sample
springfield-m1a,2026-06-09,good,1301,sample
mauser-k98k,2026-06-09,good,995,sample
sw-model-29,2026-06-09,very_good,1046,sample
glock-19-g5,2026-06-09,good,387,sample
sig-p365,2026-06-09,very_good,456,sample
sig-p365,2026-06-09,very_good,311,sample
ruger-1022,2026-06-09,excellent,341,sample
ruger-1022,2026-06-09,very_good,252,sample
m1-carbine,2026-06-10,very_good,1650,sample
mosin-9130,2026-06-10,good,341,sample
glock-19-g5,2026-06-10,very_good,455,sample
sig-p365,2026-06-10,very_good,456,sample
sig-p365,2026-06-10,excellent,660,sample
sig-p365,2026-06-10,very_good,476,sample
ruger-1022,2026-06-10,very_good,266,sample
ruger-1022,2026-06-10,very_good,240,sample
m1-garand,2026-06-11,very_good,1265,sample
springfield-m1a,2026-06-11,good,1223,sample
sks,2026-06-11,excellent,1009,sample
colt-python,2026-06-11,excellent,2452,sample
glock-19-g5,2026-06-11,good,453,sample
glock-19-g5,2026-06-11,good,362,sample
sig-p365,2026-06-11,very_good,427,sample
sig-p365,2026-06-11,very_good,501,sample
ruger-1022,2026-06-11,good,202,sample
ruger-1022,2026-06-11,good,227,sample
m1-garand,2026-06-12,good,1257,sample
m1-garand,2026-06-12,very_good,1561,sample
mauser-k98k,2026-06-12,very_good,1536,sample
mosin-9130,2026-06-12,very_good,416,sample
enfield-no4,2026-06-12,very_good,788,sample
sks,2026-06-12,very_good,516,sample
glock-19-g5,2026-06-12,very_good,491,sample
glock-19-g5,2026-06-12,good,385,sample
glock-19-g5,2026-06-12,good,386,sample
sig-p365,2026-06-12,excellent,679,sample
sig-p365,2026-06-12,very_good,460,sample
ruger-1022,2026-06-12,good,189,sample
ruger-1022,2026-06-12,good,210,sample
colt-saa,2026-06-13,good,1723,sample
mauser-k98k,2026-06-13,very_good,1339,sample
enfield-no4,2026-06-13,excellent,937,sample
sw-model-29,2026-06-13,good,901,sample
glock-19-g5,2026-06-13,excellent,609,sample
glock-19-g5,2026-06-13,very_good,419,sample
sig-p365,2026-06-13,good,350,sample
sig-p365,2026-06-13,good,328,sample
sig-p365,2026-06-13,very_good,374,sample
ruger-1022,2026-06-13,very_good,279,sample
ruger-1022,2026-06-13,very_good,259,sample
m1-garand,2026-06-14,excellent,1915,sample
m1-carbine,2026-06-14,very_good,1679,sample
m1-carbine,2026-06-14,excellent,2385,sample
thompson-1927a1,2026-06-14,very_good,1759,sample
springfield-m1a,2026-06-14,good,1327,sample
mauser-k98k,2026-06-14,good,1064,sample
enfield-no4,2026-06-14,excellent,1182,sample
colt-python,2026-06-14,very_good,1294,sample
sw-model-29,2026-06-14,good,1010,sample
glock-19-g5,2026-06-14,good,369,sample
glock-19-g5,2026-06-14,very_good,422,sample
glock-19-g5,2026-06-14,very_good,367,sample
glock-19-g5,2026-06-14,good,373,sample
sig-p365,2026-06-14,excellent,672,sample
sig-p365,2026-06-14,good,291,sample
sig-p365,2026-06-14,very_good,697,sample
sig-p365,2026-06-14,very_good,379,sample
ruger-1022,2026-06-14,very_good,268,sample
m1-garand,2026-06-15,excellent,2244,sample
m1-garand,2026-06-15,very_good,1283,sample
m1-garand,2026-06-15,excellent,1830,sample
m1-carbine,2026-06-15,very_good,1644,sample
thompson-1927a1,2026-06-15,very_good,1549,sample
colt-saa,2026-06-15,excellent,4316,sample
mosin-9130,2026-06-15,very_good,291,sample
mosin-9130,2026-06-15,good,338,sample
enfield-no4,2026-06-15,very_good,861,sample
enfield-no4,2026-06-15,excellent,879,sample
glock-19-g5,2026-06-15,excellent,639,sample
glock-19-g5,2026-06-15,very_good,508,sample
sig-p365,2026-06-15,excellent,656,sample
sig-p365,2026-06-15,very_good,494,sample
sig-p365,2026-06-15,good,365,sample
ruger-1022,2026-06-15,very_good,296,sample
ruger-1022,2026-06-15,good,202,sample
m1-garand,2026-06-16,excellent,2010,sample
winchester-1873,2026-06-16,excellent,2595,sample
sks,2026-06-16,good,424,sample
glock-19-g5,2026-06-16,good,385,sample
glock-19-g5,2026-06-16,very_good,420,sample
sig-p365,2026-06-16,excellent,619,sample
ruger-1022,2026-06-16,very_good,310,sample
m1-garand,2026-06-17,excellent,1926,sample
thompson-1927a1,2026-06-17,excellent,2291,sample
m1911a1,2026-06-17,very_good,3129,sample
colt-saa,2026-06-17,excellent,3581,sample
colt-saa,2026-06-17,excellent,3994,sample
springfield-m1a,2026-06-17,very_good,1558,sample
mauser-k98k,2026-06-17,good,1166,sample
mauser-k98k,2026-06-17,good,1152,sample
mosin-9130,2026-06-17,very_good,408,sample
sks,2026-06-17,very_good,547,sample
sw-model-29,2026-06-17,good,1086,sample
glock-19-g5,2026-06-17,very_good,445,sample
sig-p365,2026-06-17,excellent,532,sample
sig-p365,2026-06-17,very_good,409,sample
ruger-1022,2026-06-17,very_good,328,sample
m1-garand,2026-06-18,excellent,2140,sample
m1-garand,2026-06-18,good,1064,sample
m1-garand,2026-06-18,excellent,3604,sample
m1-garand,2026-06-18,very_good,1514,sample
thompson-1927a1,2026-06-18,excellent,2020,sample
m1911a1,2026-06-18,good,2819,sample
winchester-1873,2026-06-18,good,1079,sample
colt-python,2026-06-18,excellent,2067,sample
colt-python,2026-06-18,good,1356,sample
glock-19-g5,2026-06-18,excellent,683,sample
sig-p365,2026-06-18,excellent,629,sample
sig-p365,2026-06-18,excellent,673,sample
ruger-1022,2026-06-18,good,215,sample
m1911a1,2026-06-19,very_good,3212,sample
colt-saa,2026-06-19,very_good,2778,sample
springfield-m1a,2026-06-19,very_good,1602,sample
mosin-9130,2026-06-19,good,303,sample
mosin-9130,2026-06-19,good,336,sample
mosin-9130,2026-06-19,very_good,338,sample
mosin-9130,2026-06-19,very_good,389,sample
sks,2026-06-19,very_good,710,sample
colt-python,2026-06-19,good,1090,sample
glock-19-g5,2026-06-19,good,393,sample
sig-p365,2026-06-19,good,327,sample
ruger-1022,2026-06-19,very_good,247,sample
ruger-1022,2026-06-19,good,183,sample
m1-garand,2026-06-20,good,1104,sample
m1911a1,2026-06-20,excellent,4290,sample
mauser-k98k,2026-06-20,very_good,1302,sample
mosin-9130,2026-06-20,very_good,401,sample
mosin-9130,2026-06-20,excellent,668,sample
enfield-no4,2026-06-20,good,516,sample
sw-model-29,2026-06-20,very_good,1208,sample
glock-19-g5,2026-06-20,good,352,sample
glock-19-g5,2026-06-20,very_good,378,sample
glock-19-g5,2026-06-20,good,329,sample
sig-p365,2026-06-20,very_good,417,sample
sig-p365,2026-06-20,excellent,618,sample
ruger-1022,2026-06-20,very_good,305,sample
ruger-1022,2026-06-20,excellent,436,sample
ruger-1022,2026-06-20,very_good,316,sample
m1-carbine,2026-06-21,excellent,1996,sample
colt-saa,2026-06-21,good,2145,sample
springfield-m1a,2026-06-21,very_good,1618,sample
mosin-9130,2026-06-21,very_good,388,sample
mosin-9130,2026-06-21,good,300,sample
glock-19-g5,2026-06-21,good,385,sample
ruger-1022,2026-06-21,good,245,sample
ruger-1022,2026-06-21,very_good,283,sample
m1-garand,2026-06-22,very_good,1461,sample
m1-carbine,2026-06-22,very_good,1299,sample
m1911a1,2026-06-22,excellent,5344,sample
colt-saa,2026-06-22,good,2000,sample
winchester-1873,2026-06-22,very_good,1277,sample
winchester-1873,2026-06-22,good,909,sample
springfield-m1a,2026-06-22,good,1233,sample
mosin-9130,2026-06-22,good,370,sample
glock-19-g5,2026-06-22,very_good,446,sample
glock-19-g5,2026-06-22,good,434,sample
sig-p365,2026-06-22,very_good,511,sample
sig-p365,2026-06-22,excellent,549,sample
sig-p365,2026-06-22,good,313,sample
ruger-1022,2026-06-22,very_good,249,sample
m1-garand,2026-06-23,very_good,1601,sample
thompson-1927a1,2026-06-23,good,1012,sample
thompson-1927a1,2026-06-23,good,1021,sample
colt-saa,2026-06-23,excellent,3601,sample
winchester-1873,2026-06-23,good,1141,sample
springfield-m1a,2026-06-23,very_good,1455,sample
mauser-k98k,2026-06-23,excellent,1897,sample
enfield-no4,2026-06-23,good,531,sample
colt-python,2026-06-23,very_good,1370,sample
sw-model-29,2026-06-23,very_good,1192,sample
sw-model-29,2026-06-23,very_good,1147,sample
glock-19-g5,2026-06-23,good,442,sample
glock-19-g5,2026-06-23,excellent,585,sample
glock-19-g5,2026-06-23,excellent,619,sample
sig-p365,2026-06-23,very_good,399,sample
sig-p365,2026-06-23,excellent,544,sample
ruger-1022,2026-06-23,very_good,297,sample
m1-garand,2026-06-24,very_good,1719,sample
m1-garand,2026-06-24,excellent,2343,sample
m1-carbine,2026-06-24,very_good,1766,sample
m1-carbine,2026-06-24,excellent,1798,sample
m1911a1,2026-06-24,good,2476,sample
winchester-1873,2026-06-24,excellent,1823,sample
springfield-m1a,2026-06-24,excellent,2295,sample
springfield-m1a,2026-06-24,good,1364,sample
mosin-9130,2026-06-24,very_good,431,sample
enfield-no4,2026-06-24,good,682,sample
glock-19-g5,2026-06-24,good,408,sample
sig-p365,2026-06-24,very_good,474,sample
sig-p365,2026-06-24,excellent,727,sample
sig-p365,2026-06-24,excellent,591,sample
ruger-1022,2026-06-24,good,182,sample
ruger-1022,2026-06-24,very_good,297,sample
m1-garand,2026-06-25,very_good,1545,sample
m1-garand,2026-06-25,good,1234,sample
thompson-1927a1,2026-06-25,very_good,1343,sample
thompson-1927a1,2026-06-25,very_good,1329,sample
colt-saa,2026-06-25,very_good,4419,sample
springfield-m1a,2026-06-25,excellent,2279,sample
springfield-m1a,2026-06-25,very_good,1612,sample
mosin-9130,2026-06-25,excellent,527,sample
mosin-9130,2026-06-25,good,283,sample
mosin-9130,2026-06-25,very_good,362,sample
sks,2026-06-25,good,889,sample
sks,2026-06-25,good,411,sample
sw-model-29,2026-06-25,good,837,sample
glock-19-g5,2026-06-25,very_good,523,sample
glock-19-g5,2026-06-25,excellent,655,sample
ruger-1022,2026-06-25,excellent,423,sample
m1-garand,2026-06-26,good,943,sample
enfield-no4,2026-06-26,good,569,sample
sks,2026-06-26,very_good,595,sample
ruger-1022,2026-06-26,excellent,320,sample
m1-garand,2026-06-27,good,1249,sample
m1-garand,2026-06-27,very_good,1466,sample
m1-garand,2026-06-27,very_good,1324,sample
m1-garand,2026-06-27,good,1314,sample
m1911a1,2026-06-27,excellent,4054,sample
enfield-no4,2026-06-27,good,557,sample
colt-python,2026-06-27,good,1100,sample
sw-model-29,2026-06-27,good,1261,sample
sig-p365,2026-06-27,good,385,sample
sig-p365,2026-06-27,very_good,439,sample
sig-p365,2026-06-27,excellent,659,sample
sig-p365,2026-06-27,good,355,sample
ruger-1022,2026-06-27,very_good,287,sample
ruger-1022,2026-06-27,very_good,254,sample
m1-carbine,2026-06-28,very_good,1611,sample
colt-saa,2026-06-28,good,1691,sample
mauser-k98k,2026-06-28,very_good,1441,sample
mosin-9130,2026-06-28,very_good,402,sample
mosin-9130,2026-06-28,good,324,sample
sks,2026-06-28,good,396,sample
colt-python,2026-06-28,very_good,1123,sample
glock-19-g5,2026-06-28,excellent,731,sample
glock-19-g5,2026-06-28,very_good,509,sample
glock-19-g5,2026-06-28,very_good,453,sample
glock-19-g5,2026-06-28,very_good,421,sample
sig-p365,2026-06-28,good,437,sample
ruger-1022,2026-06-28,very_good,236,sample
enfield-no4,2026-06-29,excellent,1019,sample
glock-19-g5,2026-06-29,very_good,530,sample
glock-19-g5,2026-06-29,very_good,389,sample
glock-19-g5,2026-06-29,good,324,sample
sig-p365,2026-06-29,excellent,519,sample
ruger-1022,2026-06-29,good,204,sample
springfield-m1a,2026-06-30,very_good,1541,sample
springfield-m1a,2026-06-30,very_good,1933,sample
springfield-m1a,2026-06-30,excellent,2123,sample
mosin-9130,2026-06-30,good,331,sample
mosin-9130,2026-06-30,very_good,735,sample
colt-python,2026-06-30,very_good,1660,sample
sw-model-29,2026-06-30,excellent,1548,sample
glock-19-g5,2026-06-30,good,344,sample
sig-p365,2026-06-30,very_good,413,sample
sig-p365,2026-06-30,very_good,456,sample
ruger-1022,2026-06-30,excellent,297,sample
ruger-1022,2026-06-30,excellent,409,sample
ruger-1022,2026-06-30,very_good,284,sample
m1-garand,2026-07-01,excellent,1994,sample
m1911a1,2026-07-01,excellent,4534,sample
mauser-k98k,2026-07-01,very_good,1252,sample
mauser-k98k,2026-07-01,very_good,1378,sample
colt-python,2026-07-01,very_good,1437,sample
sig-p365,2026-07-01,excellent,579,sample
colt-saa,2026-07-02,very_good,2990,sample
mosin-9130,2026-07-02,good,319,sample
enfield-no4,2026-07-02,good,644,sample
enfield-no4,2026-07-02,very_good,1257,sample
sks,2026-07-02,good,488,sample
sks,2026-07-02,excellent,887,sample
sw-model-29,2026-07-02,good,934,sample
sw-model-29,2026-07-02,excellent,1508,sample
glock-19-g5,2026-07-02,very_good,474,sample
glock-19-g5,2026-07-02,very_good,453,sample
glock-19-g5,2026-07-02,very_good,400,sample
glock-19-g5,2026-07-02,very_good,719,sample
sig-p365,2026-07-02,very_good,389,sample
sig-p365,2026-07-02,very_good,516,sample
springfield-m1a,2026-07-03,excellent,2282,sample
mosin-9130,2026-07-03,very_good,462,sample
mosin-9130,2026-07-03,good,326,sample
mosin-9130,2026-07-03,good,301,sample
mosin-9130,2026-07-03,very_good,375,sample
colt-python,2026-07-03,very_good,1389,sample
colt-python,2026-07-03,very_good,1400,sample
sw-model-29,2026-07-03,good,741,sample
sw-model-29,2026-07-03,very_good,1156,sample
glock-19-g5,2026-07-03,good,370,sample
glock-19-g5,2026-07-03,excellent,648,sample
glock-19-g5,2026-07-03,very_good,482,sample
glock-19-g5,2026-07-03,very_good,598,sample
sig-p365,2026-07-03,good,351,sample
sig-p365,2026-07-03,good,384,sample
sig-p365,2026-07-03,good,343,sample
ruger-1022,2026-07-03,good,212,sample
ruger-1022,2026-07-03,very_good,277,sample
m1-carbine,2026-07-04,good,1308,sample
thompson-1927a1,2026-07-04,good,1236,sample
colt-saa,2026-07-04,excellent,3191,sample
enfield-no4,2026-07-04,very_good,871,sample
sks,2026-07-04,good,469,sample
colt-python,2026-07-04,good,1301,sample
colt-python,2026-07-04,good,1136,sample
glock-19-g5,2026-07-04,very_good,567,sample
sig-p365,2026-07-04,good,309,sample
sig-p365,2026-07-04,very_good,376,sample
winchester-1873,2026-07-05,very_good,1251,sample
mauser-k98k,2026-07-05,good,1077,sample
enfield-no4,2026-07-05,very_good,675,sample
colt-python,2026-07-05,good,1367,sample
glock-19-g5,2026-07-05,very_good,477,sample
ruger-1022,2026-07-05,good,202,sample
ruger-1022,2026-07-05,excellent,372,sample
m1-garand,2026-07-06,very_good,1600,sample
m1-carbine,2026-07-06,very_good,1811,sample
m1911a1,2026-07-06,very_good,2475,sample
springfield-m1a,2026-07-06,very_good,1667,sample
springfield-m1a,2026-07-06,excellent,2253,sample
mosin-9130,2026-07-06,good,306,sample
enfield-no4,2026-07-06,excellent,1066,sample
sw-model-29,2026-07-06,very_good,1169,sample
glock-19-g5,2026-07-06,very_good,440,sample
glock-19-g5,2026-07-06,excellent,584,sample
sig-p365,2026-07-06,good,340,sample
ruger-1022,2026-07-06,excellent,337,sample
ruger-1022,2026-07-06,good,187,sample
ruger-1022,2026-07-06,very_good,280,sample
m1-carbine,2026-07-07,very_good,1664,sample
m1-carbine,2026-07-07,good,1305,sample
mauser-k98k,2026-07-07,very_good,1257,sample
mosin-9130,2026-07-07,very_good,397,sample
sks,2026-07-07,good,389,sample
sks,2026-07-07,good,449,sample
sks,2026-07-07,very_good,669,sample
colt-python,2026-07-07,good,1062,sample
glock-19-g5,2026-07-07,good,320,sample
glock-19-g5,2026-07-07,good,393,sample
glock-19-g5,2026-07-07,good,293,sample
ruger-1022,2026-07-07,very_good,305,sample
ruger-1022,2026-07-07,very_good,253,sample
m1-carbine,2026-07-08,very_good,1204,sample
m1911a1,2026-07-08,very_good,2567,sample
mosin-9130,2026-07-08,excellent,495,sample
enfield-no4,2026-07-08,good,662,sample
sks,2026-07-08,very_good,601,sample
sw-model-29,2026-07-08,good,966,sample
glock-19-g5,2026-07-08,excellent,682,sample
glock-19-g5,2026-07-08,good,434,sample
sig-p365,2026-07-08,very_good,416,sample
sig-p365,2026-07-08,good,368,sample
sig-p365,2026-07-08,excellent,527,sample
ruger-1022,2026-07-08,excellent,335,sample
m1-carbine,2026-07-09,good,1272,sample
thompson-1927a1,2026-07-09,very_good,1746,sample
thompson-1927a1,2026-07-09,very_good,1579,sample
springfield-m1a,2026-07-09,good,1645,sample
mauser-k98k,2026-07-09,good,1240,sample
mauser-k98k,2026-07-09,good,1185,sample
mosin-9130,2026-07-09,very_good,431,sample
mosin-9130,2026-07-09,good,324,sample
sks,2026-07-09,excellent,841,sample
glock-19-g5,2026-07-09,good,414,sample
glock-19-g5,2026-07-09,very_good,484,sample
glock-19-g5,2026-07-09,very_good,572,sample
sig-p365,2026-07-09,good,354,sample
sig-p365,2026-07-09,very_good,414,sample
ruger-1022,2026-07-09,good,216,sample
ruger-1022,2026-07-09,very_good,238,sample
m1-carbine,2026-07-10,good,1357,sample
m1-carbine,2026-07-10,good,1258,sample
springfield-m1a,2026-07-10,very_good,1889,sample
mosin-9130,2026-07-10,good,371,sample
colt-python,2026-07-10,good,1176,sample
colt-python,2026-07-10,good,1205,sample
sw-model-29,2026-07-10,very_good,1220,sample
glock-19-g5,2026-07-10,very_good,471,sample
glock-19-g5,2026-07-10,very_good,468,sample
glock-19-g5,2026-07-10,good,390,sample
sig-p365,2026-07-10,very_good,466,sample
sig-p365,2026-07-10,excellent,567,sample
sig-p365,2026-07-10,good,343,sample
sig-p365,2026-07-10,excellent,600,sample
sig-p365,2026-07-10,good,322,sample
sig-p365,2026-07-10,very_good,497,sample
ruger-1022,2026-07-10,very_good,226,sample
m1-garand,2026-07-11,good,1242,sample
thompson-1927a1,2026-07-11,good,1149,sample
m1911a1,2026-07-11,good,2304,sample
mauser-k98k,2026-07-11,very_good,1655,sample
mauser-k98k,2026-07-11,very_good,1273,sample
glock-19-g5,2026-07-11,very_good,471,sample
glock-19-g5,2026-07-11,very_good,439,sample
glock-19-g5,2026-07-11,very_good,404,sample
glock-19-g5,2026-07-11,very_good,616,sample
glock-19-g5,2026-07-11,excellent,731,sample
ruger-1022,2026-07-11,good,199,sample
m1-garand,2026-07-12,excellent,1806,sample
m1-garand,2026-07-12,very_good,1322,sample
m1911a1,2026-07-12,excellent,4245,sample
springfield-m1a,2026-07-12,very_good,1581,sample
mauser-k98k,2026-07-12,excellent,2024,sample
mosin-9130,2026-07-12,very_good,339,sample
mosin-9130,2026-07-12,very_good,382,sample
enfield-no4,2026-07-12,excellent,1043,sample
sks,2026-07-12,very_good,590,sample
glock-19-g5,2026-07-12,very_good,515,sample
glock-19-g5,2026-07-12,good,364,sample
ruger-1022,2026-07-12,excellent,367,sample
m1-garand,2026-07-13,good,1074,sample
sks,2026-07-13,good,355,sample
colt-python,2026-07-13,excellent,2072,sample
glock-19-g5,2026-07-13,good,289,sample
glock-19-g5,2026-07-13,good,348,sample
glock-19-g5,2026-07-13,very_good,422,sample
glock-19-g5,2026-07-13,very_good,515,sample
sig-p365,2026-07-13,good,296,sample
ruger-1022,2026-07-13,good,231,sample
ruger-1022,2026-07-13,excellent,369,sample
ruger-1022,2026-07-13,good,175,sample
m1-carbine,2026-07-14,excellent,2025,sample
winchester-1873,2026-07-14,good,1191,sample
mosin-9130,2026-07-14,very_good,405,sample
sks,2026-07-14,excellent,869,sample
glock-19-g5,2026-07-14,good,370,sample
glock-19-g5,2026-07-14,excellent,586,sample
sig-p365,2026-07-14,good,408,sample
sig-p365,2026-07-14,good,329,sample
sig-p365,2026-07-14,excellent,641,sample
sig-p365,2026-07-14,good,545,sample
ruger-1022,2026-07-14,good,219,sample
ruger-1022,2026-07-14,very_good,277,sample
ruger-1022,2026-07-14,very_good,300,sample
ruger-1022,2026-07-14,very_good,316,sample
m1-garand,2026-07-15,very_good,1268,sample
m1-garand,2026-07-15,very_good,1379,sample
m1-carbine,2026-07-15,very_good,1464,sample
colt-saa,2026-07-15,good,1956,sample
colt-python,2026-07-15,excellent,1820,sample
sw-model-29,2026-07-15,very_good,1232,sample
glock-19-g5,2026-07-15,excellent,684,sample
ruger-1022,2026-07-15,very_good,274,sample
ruger-1022,2026-07-15,good,212,sample
ruger-1022,2026-07-15,very_good,295,sample
ruger-1022,2026-07-15,good,227,sample
m1-garand,2026-07-16,good,1188,sample
colt-saa,2026-07-16,very_good,2625,sample
winchester-1873,2026-07-16,good,1203,sample
mosin-9130,2026-07-16,very_good,664,sample
sks,2026-07-16,very_good,659,sample
sks,2026-07-16,very_good,579,sample
glock-19-g5,2026-07-16,excellent,829,sample
sig-p365,2026-07-16,very_good,417,sample
ruger-1022,2026-07-16,good,241,sample
ruger-1022,2026-07-16,excellent,379,sample
ruger-1022,2026-07-16,good,208,sample
thompson-1927a1,2026-07-17,excellent,1818,sample
m1911a1,2026-07-17,good,2188,sample
winchester-1873,2026-07-17,very_good,1389,sample
springfield-m1a,2026-07-17,very_good,1456,sample
springfield-m1a,2026-07-17,good,1525,sample
mosin-9130,2026-07-17,good,247,sample
enfield-no4,2026-07-17,very_good,915,sample
sks,2026-07-17,good,623,sample
colt-python,2026-07-17,good,1378,sample
sw-model-29,2026-07-17,good,840,sample
glock-19-g5,2026-07-17,good,387,sample
glock-19-g5,2026-07-17,good,330,sample
glock-19-g5,2026-07-17,very_good,482,sample
glock-19-g5,2026-07-17,good,327,sample
sig-p365,2026-07-17,excellent,568,sample
ruger-1022,2026-07-17,excellent,372,sample
m1-garand,2026-07-18,very_good,1496,sample
m1-carbine,2026-07-18,very_good,1356,sample
mosin-9130,2026-07-18,good,300,sample
enfield-no4,2026-07-18,very_good,845,sample
enfield-no4,2026-07-18,good,528,sample
sks,2026-07-18,very_good,501,sample
colt-python,2026-07-18,good,1086,sample
glock-19-g5,2026-07-18,good,393,sample
glock-19-g5,2026-07-18,very_good,767,sample
glock-19-g5,2026-07-18,good,370,sample
sig-p365,2026-07-18,very_good,369,sample
sig-p365,2026-07-18,good,371,sample
ruger-1022,2026-07-18,good,226,sample
m1-garand,2026-07-19,excellent,1889,sample
m1-carbine,2026-07-19,very_good,1574,sample
mauser-k98k,2026-07-19,very_good,1341,sample
enfield-no4,2026-07-19,very_good,684,sample
colt-python,2026-07-19,good,992,sample
colt-python,2026-07-19,very_good,1317,sample
sw-model-29,2026-07-19,good,905,sample
glock-19-g5,2026-07-19,good,426,sample
glock-19-g5,2026-07-19,very_good,523,sample
glock-19-g5,2026-07-19,very_good,417,sample
glock-19-g5,2026-07-19,good,326,sample
glock-19-g5,2026-07-19,very_good,412,sample
glock-19-g5,2026-07-19,good,397,sample
sig-p365,2026-07-19,good,316,sample
sig-p365,2026-07-19,excellent,638,sample
sig-p365,2026-07-19,excellent,547,sample
sig-p365,2026-07-19,good,449,sample
m1-garand,2026-07-20,good,1191,sample
m1-garand,2026-07-20,very_good,1371,sample
thompson-1927a1,2026-07-20,excellent,2090,sample
winchester-1873,2026-07-20,good,870,sample
mosin-9130,2026-07-20,very_good,377,sample
enfield-no4,2026-07-20,good,668,sample
enfield-no4,2026-07-20,good,527,sample
sks,2026-07-20,good,513,sample
colt-python,2026-07-20,excellent,2217,sample
glock-19-g5,2026-07-20,very_good,421,sample
glock-19-g5,2026-07-20,very_good,398,sample
glock-19-g5,2026-07-20,excellent,550,sample
sig-p365,2026-07-20,very_good,476,sample
thompson-1927a1,2026-07-21,good,1354,sample
springfield-m1a,2026-07-21,good,1277,sample
mosin-9130,2026-07-21,good,270,sample
mosin-9130,2026-07-21,good,328,sample
enfield-no4,2026-07-21,good,644,sample
enfield-no4,2026-07-21,good,562,sample
sks,2026-07-21,very_good,617,sample
sks,2026-07-21,excellent,858,sample
sw-model-29,2026-07-21,excellent,1520,sample
glock-19-g5,2026-07-21,excellent,632,sample
sig-p365,2026-07-21,very_good,474,sample
sig-p365,2026-07-21,good,554,sample
ruger-1022,2026-07-21,very_good,258,sample
springfield-m1a,2026-07-22,very_good,1642,sample
colt-python,2026-07-22,very_good,1571,sample
colt-python,2026-07-22,very_good,1365,sample
glock-19-g5,2026-07-22,good,482,sample
glock-19-g5,2026-07-22,excellent,568,sample
glock-19-g5,2026-07-22,excellent,536,sample
glock-19-g5,2026-07-22,very_good,525,sample
glock-19-g5,2026-07-22,very_good,507,sample
glock-19-g5,2026-07-22,excellent,576,sample
sig-p365,2026-07-22,good,368,sample
sig-p365,2026-07-22,very_good,391,sample
ruger-1022,2026-07-22,excellent,417,sample
m1-garand,2026-07-23,excellent,1680,sample
m1-carbine,2026-07-23,excellent,2052,sample
winchester-1873,2026-07-23,very_good,1258,sample
springfield-m1a,2026-07-23,very_good,1848,sample
mosin-9130,2026-07-23,excellent,496,sample
colt-python,2026-07-23,very_good,1576,sample
colt-python,2026-07-23,very_good,1498,sample
glock-19-g5,2026-07-23,good,361,sample
glock-19-g5,2026-07-23,good,445,sample
sig-p365,2026-07-23,good,389,sample
ruger-1022,2026-07-23,very_good,235,sample
ruger-1022,2026-07-23,good,231,sample
ruger-1022,2026-07-23,very_good,242,sample
ruger-1022,2026-07-23,good,236,sample
m1-garand,2026-07-24,very_good,1446,sample
thompson-1927a1,2026-07-24,very_good,1462,sample
springfield-m1a,2026-07-24,very_good,1593,sample
springfield-m1a,2026-07-24,very_good,1837,sample
mauser-k98k,2026-07-24,good,861,sample
sw-model-29,2026-07-24,very_good,1105,sample
glock-19-g5,2026-07-24,very_good,440,sample
sig-p365,2026-07-24,very_good,420,sample
ruger-1022,2026-07-24,very_good,265,sample
ruger-1022,2026-07-24,very_good,288,sample
m1-carbine,2026-07-25,very_good,1544,sample
mauser-k98k,2026-07-25,very_good,1716,sample
colt-python,2026-07-25,good,1006,sample
glock-19-g5,2026-07-25,excellent,709,sample
glock-19-g5,2026-07-25,good,365,sample
glock-19-g5,2026-07-25,very_good,418,sample
sig-p365,2026-07-25,excellent,534,sample
sig-p365,2026-07-25,excellent,620,sample
sig-p365,2026-07-25,very_good,455,sample
sig-p365,2026-07-25,excellent,560,sample
ruger-1022,2026-07-25,very_good,362,sample
m1-carbine,2026-07-26,very_good,1918,sample
thompson-1927a1,2026-07-26,very_good,1546,sample
mosin-9130,2026-07-26,very_good,399,sample
enfield-no4,2026-07-26,very_good,756,sample
sks,2026-07-26,good,447,sample
colt-python,2026-07-26,good,1244,sample
colt-python,2026-07-26,good,1051,sample
glock-19-g5,2026-07-26,good,418,sample
glock-19-g5,2026-07-26,excellent,713,sample
sig-p365,2026-07-26,very_good,474,sample
sig-p365,2026-07-26,excellent,824,sample
ruger-1022,2026-07-26,very_good,241,sample
m1-garand,2026-07-27,excellent,2050,sample
m1-carbine,2026-07-27,excellent,2194,sample
m1-carbine,2026-07-27,good,1511,sample
m1911a1,2026-07-27,good,3132,sample
colt-saa,2026-07-27,very_good,2424,sample
enfield-no4,2026-07-27,good,648,sample
colt-python,2026-07-27,very_good,1559,sample
glock-19-g5,2026-07-27,very_good,507,sample
sig-p365,2026-07-27,good,309,sample
ruger-1022,2026-07-27,excellent,344,sample
ruger-1022,2026-07-27,good,187,sample
ruger-1022,2026-07-27,very_good,246,sample
ruger-1022,2026-07-27,very_good,276,sample
m1-garand,2026-07-28,very_good,2377,sample
thompson-1927a1,2026-07-28,excellent,2058,sample
thompson-1927a1,2026-07-28,excellent,2307,sample
m1911a1,2026-07-28,very_good,2929,sample
mauser-k98k,2026-07-28,very_good,1274,sample
mosin-9130,2026-07-28,very_good,373,sample
enfield-no4,2026-07-28,very_good,758,sample
enfield-no4,2026-07-28,very_good,911,sample
enfield-no4,2026-07-28,very_good,822,sample
colt-python,2026-07-28,good,1072,sample
glock-19-g5,2026-07-28,very_good,496,sample
ruger-1022,2026-07-28,very_good,239,sample
m1-carbine,2026-07-29,good,1325,sample
m1-carbine,2026-07-29,good,1149,sample
thompson-1927a1,2026-07-29,good,1254,sample
thompson-1927a1,2026-07-29,good,1087,sample
m1911a1,2026-07-29,excellent,4252,sample
m1911a1,2026-07-29,very_good,2808,sample
m1911a1,2026-07-29,very_good,3177,sample
mosin-9130,2026-07-29,good,339,sample
sks,2026-07-29,good,475,sample
colt-python,2026-07-29,excellent,1808,sample
glock-19-g5,2026-07-29,very_good,532,sample
glock-19-g5,2026-07-29,good,439,sample
glock-19-g5,2026-07-29,very_good,416,sample
sig-p365,2026-07-29,very_good,377,sample
sig-p365,2026-07-29,good,294,sample
sig-p365,2026-07-29,very_good,410,sample
winchester-1873,2026-07-30,very_good,1587,sample
mauser-k98k,2026-07-30,very_good,1365,sample
mosin-9130,2026-07-30,very_good,421,sample
glock-19-g5,2026-07-30,good,350,sample
glock-19-g5,2026-07-30,very_good,441,sample
glock-19-g5,2026-07-30,very_good,400,sample
sig-p365,2026-07-30,very_good,493,sample
m1-garand,2026-07-31,excellent,2141,sample
m1-garand,2026-07-31,good,1210,sample
m1-garand,2026-07-31,good,1025,sample
m1911a1,2026-07-31,very_good,4332,sample
colt-saa,2026-07-31,good,1979,sample
springfield-m1a,2026-07-31,excellent,2103,sample
mosin-9130,2026-07-31,very_good,346,sample
mosin-9130,2026-07-31,very_good,410,sample
mosin-9130,2026-07-31,very_good,375,sample
enfield-no4,2026-07-31,excellent,1081,sample
enfield-no4,2026-07-31,good,465,sample
sw-model-29,2026-07-31,very_good,1246,sample
glock-19-g5,2026-07-31,very_good,536,sample
glock-19-g5,2026-07-31,good,361,sample
sig-p365,2026-07-31,good,335,sample
sig-p365,2026-07-31,very_good,438,sample
ruger-1022,2026-07-31,good,227,sample
ruger-1022,2026-07-31,very_good,259,sample
ruger-1022,2026-07-31,good,205,sample
ruger-1022,2026-07-31,excellent,450,sample
ruger-1022,2026-07-31,good,242,sample
thompson-1927a1,2026-08-01,excellent,2111,sample
m1911a1,2026-08-01,very_good,2920,sample
springfield-m1a,2026-08-01,good,1158,sample
springfield-m1a,2026-08-01,good,1004,sample
mosin-9130,2026-08-01,very_good,411,sample
mosin-9130,2026-08-01,very_good,329,sample
mosin-9130,2026-08-01,good,370,sample
enfield-no4,2026-08-01,very_good,765,sample
colt-python,2026-08-01,very_good,1495,sample
glock-19-g5,2026-08-01,very_good,459,sample
glock-19-g5,2026-08-01,good,321,sample
glock-19-g5,2026-08-01,very_good,460,sample
sig-p365,2026-08-01,good,362,sample
sig-p365,2026-08-01,good,353,sample
sig-p365,2026-08-01,very_good,461,sample
ruger-1022,2026-08-01,good,213,sample
ruger-1022,2026-08-01,good,252,sample
m1-carbine,2026-08-02,good,1342,sample
thompson-1927a1,2026-08-02,good,1494,sample
m1911a1,2026-08-02,very_good,3923,sample
m1911a1,2026-08-02,very_good,3075,sample
colt-saa,2026-08-02,very_good,2344,sample
mauser-k98k,2026-08-02,good,1269,sample
mosin-9130,2026-08-02,good,316,sample
sks,2026-08-02,very_good,679,sample
sks,2026-08-02,good,408,sample
colt-python,2026-08-02,excellent,1752,sample
glock-19-g5,2026-08-02,good,346,sample
glock-19-g5,2026-08-02,good,347,sample
glock-19-g5,2026-08-02,very_good,601,sample
glock-19-g5,2026-08-02,very_good,575,sample
glock-19-g5,2026-08-02,good,315,sample
sig-p365,2026-08-02,good,326,sample
ruger-1022,2026-08-02,excellent,372,sample
ruger-1022,2026-08-02,very_good,278,sample
ruger-1022,2026-08-02,excellent,373,sample
ruger-1022,2026-08-02,good,197,sample
m1-carbine,2026-08-03,excellent,2663,sample
colt-saa,2026-08-03,good,1750,sample
springfield-m1a,2026-08-03,very_good,1627,sample
mosin-9130,2026-08-03,good,297,sample
colt-python,2026-08-03,very_good,1500,sample
sw-model-29,2026-08-03,very_good,1419,sample
glock-19-g5,2026-08-03,excellent,729,sample
glock-19-g5,2026-08-03,excellent,592,sample
glock-19-g5,2026-08-03,very_good,464,sample
sig-p365,2026-08-03,good,376,sample
ruger-1022,2026-08-03,good,261,sample
ruger-1022,2026-08-03,good,240,sample
m1-garand,2026-08-04,very_good,1175,sample
thompson-1927a1,2026-08-04,good,1201,sample
springfield-m1a,2026-08-04,good,1198,sample
springfield-m1a,2026-08-04,very_good,2748,sample
springfield-m1a,2026-08-04,good,1103,sample
mauser-k98k,2026-08-04,very_good,1364,sample
mauser-k98k,2026-08-04,excellent,2120,sample
sks,2026-08-04,excellent,688,sample
glock-19-g5,2026-08-04,very_good,612,sample
glock-19-g5,2026-08-04,good,366,sample
glock-19-g5,2026-08-04,good,319,sample
sig-p365,2026-08-04,very_good,472,sample
ruger-1022,2026-08-04,very_good,310,sample
ruger-1022,2026-08-04,good,212,sample
m1911a1,2026-08-05,very_good,3486,sample
colt-python,2026-08-05,good,1373,sample
colt-python,2026-08-05,very_good,1476,sample
glock-19-g5,2026-08-05,good,354,sample
glock-19-g5,2026-08-05,very_good,427,sample
glock-19-g5,2026-08-05,good,385,sample
sig-p365,2026-08-05,very_good,370,sample
sig-p365,2026-08-05,good,305,sample
sig-p365,2026-08-05,excellent,601,sample
sig-p365,2026-08-05,very_good,457,sample
sig-p365,2026-08-05,very_good,432,sample
ruger-1022,2026-08-05,very_good,219,sample
ruger-1022,2026-08-05,very_good,255,sample
ruger-1022,2026-08-05,good,225,sample
m1-garand,2026-08-06,very_good,1463,sample
thompson-1927a1,2026-08-06,excellent,2472,sample
colt-saa,2026-08-06,very_good,2147,sample
winchester-1873,2026-08-06,very_good,1780,sample
enfield-no4,2026-08-06,good,733,sample
enfield-no4,2026-08-06,very_good,735,sample
sw-model-29,2026-08-06,excellent,1601,sample
glock-19-g5,2026-08-06,very_good,438,sample
glock-19-g5,2026-08-06,excellent,528,sample
glock-19-g5,2026-08-06,good,286,sample
sig-p365,2026-08-06,excellent,559,sample
ruger-1022,2026-08-06,good,200,sample
thompson-1927a1,2026-08-07,very_good,1623,sample
colt-saa,2026-08-07,excellent,3365,sample
winchester-1873,2026-08-07,very_good,1629,sample
springfield-m1a,2026-08-07,excellent,1937,sample
enfield-no4,2026-08-07,very_good,784,sample
sks,2026-08-07,excellent,939,sample
sw-model-29,2026-08-07,excellent,1603,sample
sw-model-29,2026-08-07,very_good,1112,sample
glock-19-g5,2026-08-07,good,447,sample
glock-19-g5,2026-08-07,excellent,595,sample
sig-p365,2026-08-07,good,399,sample
sig-p365,2026-08-07,good,406,sample
ruger-1022,2026-08-07,very_good,252,sample
ruger-1022,2026-08-07,very_good,327,sample
m1-carbine,2026-08-08,good,1547,sample
springfield-m1a,2026-08-08,excellent,2305,sample
enfield-no4,2026-08-08,good,637,sample
sks,2026-08-08,very_good,592,sample
colt-python,2026-08-08,good,1202,sample
colt-python,2026-08-08,good,1228,sample
colt-python,2026-08-08,good,971,sample
glock-19-g5,2026-08-08,good,405,sample
glock-19-g5,2026-08-08,very_good,450,sample
sig-p365,2026-08-08,excellent,636,sample
sig-p365,2026-08-08,good,292,sample
sig-p365,2026-08-08,very_good,484,sample
ruger-1022,2026-08-08,good,193,sample
springfield-m1a,2026-08-09,very_good,1475,sample
mosin-9130,2026-08-09,excellent,472,sample
colt-python,2026-08-09,excellent,1734,sample
colt-python,2026-08-09,excellent,2057,sample
colt-python,2026-08-09,excellent,2092,sample
colt-python,2026-08-09,excellent,1988,sample
glock-19-g5,2026-08-09,excellent,528,sample
glock-19-g5,2026-08-09,very_good,551,sample
sig-p365,2026-08-09,very_good,433,sample
sig-p365,2026-08-09,good,369,sample
sig-p365,2026-08-09,very_good,461,sample
ruger-1022,2026-08-09,very_good,279,sample
m1-carbine,2026-08-10,good,1374,sample
m1-carbine,2026-08-10,very_good,1778,sample
colt-saa,2026-08-10,very_good,2908,sample
winchester-1873,2026-08-10,very_good,1413,sample
springfield-m1a,2026-08-10,very_good,1470,sample
colt-python,2026-08-10,very_good,1310,sample
sig-p365,2026-08-10,very_good,434,sample
ruger-1022,2026-08-10,excellent,477,sample
ruger-1022,2026-08-10,very_good,274,sample
ruger-1022,2026-08-10,good,227,sample
ruger-1022,2026-08-10,very_good,311,sample
mosin-9130,2026-08-11,good,382,sample
enfield-no4,2026-08-11,excellent,1171,sample
colt-python,2026-08-11,very_good,1500,sample
sw-model-29,2026-08-11,good,874,sample
glock-19-g5,2026-08-11,good,381,sample
glock-19-g5,2026-08-11,good,387,sample
glock-19-g5,2026-08-11,good,398,sample
glock-19-g5,2026-08-11,excellent,609,sample
sig-p365,2026-08-11,very_good,476,sample
sig-p365,2026-08-11,good,344,sample
sig-p365,2026-08-11,very_good,464,sample
m1-garand,2026-08-12,excellent,1892,sample
m1-garand,2026-08-12,very_good,1437,sample
m1911a1,2026-08-12,good,2515,sample
springfield-m1a,2026-08-12,very_good,1375,sample
enfield-no4,2026-08-12,very_good,775,sample
sks,2026-08-12,excellent,871,sample
colt-python,2026-08-12,very_good,1717,sample
glock-19-g5,2026-08-12,very_good,455,sample
glock-19-g5,2026-08-12,excellent,524,sample
sig-p365,2026-08-12,good,293,sample
sig-p365,2026-08-12,good,346,sample
ruger-1022,2026-08-12,very_good,275,sample
thompson-1927a1,2026-08-13,very_good,1553,sample
colt-saa,2026-08-13,good,2060,sample
sw-model-29,2026-08-13,good,1044,sample
sw-model-29,2026-08-13,excellent,1411,sample
sw-model-29,2026-08-13,excellent,1430,sample
glock-19-g5,2026-08-13,excellent,522,sample
glock-19-g5,2026-08-13,good,319,sample
sig-p365,2026-08-13,very_good,423,sample
sig-p365,2026-08-13,excellent,588,sample
ruger-1022,2026-08-13,excellent,417,sample
ruger-1022,2026-08-13,very_good,299,sample
ruger-1022,2026-08-13,good,173,sample
ruger-1022,2026-08-13,good,197,sample
m1-garand,2026-08-14,excellent,1883,sample
thompson-1927a1,2026-08-14,very_good,1489,sample
thompson-1927a1,2026-08-14,very_good,1859,sample
colt-saa,2026-08-14,excellent,3880,sample
springfield-m1a,2026-08-14,very_good,1445,sample
mosin-9130,2026-08-14,excellent,506,sample
sks,2026-08-14,very_good,563,sample
colt-python,2026-08-14,excellent,1952,sample
colt-python,2026-08-14,good,1247,sample
glock-19-g5,2026-08-14,excellent,685,sample
glock-19-g5,2026-08-14,excellent,631,sample
sig-p365,2026-08-14,very_good,430,sample
sig-p365,2026-08-14,very_good,439,sample
ruger-1022,2026-08-14,excellent,305,sample
ruger-1022,2026-08-14,very_good,226,sample
ruger-1022,2026-08-14,very_good,303,sample
ruger-1022,2026-08-14,very_good,240,sample
m1-carbine,2026-08-15,good,1180,sample
m1-carbine,2026-08-15,good,1278,sample
m1-carbine,2026-08-15,very_good,1479,sample
m1911a1,2026-08-15,good,2646,sample
m1911a1,2026-08-15,very_good,3562,sample
colt-saa,2026-08-15,very_good,1753,sample
mauser-k98k,2026-08-15,excellent,1608,sample
glock-19-g5,2026-08-15,excellent,588,sample
glock-19-g5,2026-08-15,very_good,493,sample
glock-19-g5,2026-08-15,excellent,640,sample
glock-19-g5,2026-08-15,excellent,741,sample
glock-19-g5,2026-08-15,very_good,452,sample
sig-p365,2026-08-15,very_good,361,sample
sig-p365,2026-08-15,good,342,sample
sig-p365,2026-08-15,good,369,sample
ruger-1022,2026-08-15,excellent,371,sample
ruger-1022,2026-08-15,good,234,sample
ruger-1022,2026-08-15,excellent,404,sample
thompson-1927a1,2026-08-16,very_good,1677,sample
mauser-k98k,2026-08-16,very_good,1171,sample
mosin-9130,2026-08-16,good,315,sample
mosin-9130,2026-08-16,very_good,436,sample
sks,2026-08-16,very_good,516,sample
glock-19-g5,2026-08-16,excellent,831,sample
glock-19-g5,2026-08-16,good,431,sample
glock-19-g5,2026-08-16,excellent,675,sample
glock-19-g5,2026-08-16,excellent,698,sample
sig-p365,2026-08-16,excellent,678,sample
sig-p365,2026-08-16,good,342,sample
ruger-1022,2026-08-16,very_good,253,sample
m1-carbine,2026-08-17,very_good,1505,sample
m1-carbine,2026-08-17,good,1712,sample
thompson-1927a1,2026-08-17,very_good,1571,sample
sks,2026-08-17,good,453,sample
sks,2026-08-17,very_good,988,sample
sw-model-29,2026-08-17,very_good,1185,sample
glock-19-g5,2026-08-17,good,339,sample
glock-19-g5,2026-08-17,excellent,562,sample
glock-19-g5,2026-08-17,very_good,419,sample
sig-p365,2026-08-17,very_good,443,sample
sig-p365,2026-08-17,very_good,515,sample
ruger-1022,2026-08-17,excellent,432,sample
ruger-1022,2026-08-17,very_good,303,sample
m1-carbine,2026-08-18,very_good,1694,sample
thompson-1927a1,2026-08-18,excellent,1911,sample
springfield-m1a,2026-08-18,very_good,1960,sample
springfield-m1a,2026-08-18,excellent,1913,sample
mauser-k98k,2026-08-18,good,2101,sample
mosin-9130,2026-08-18,good,394,sample
sks,2026-08-18,good,427,sample
glock-19-g5,2026-08-18,good,349,sample
sig-p365,2026-08-18,good,353,sample
ruger-1022,2026-08-18,very_good,239,sample
m1-carbine,2026-08-19,very_good,1457,sample
thompson-1927a1,2026-08-19,good,1421,sample
colt-saa,2026-08-19,very_good,2096,sample
springfield-m1a,2026-08-19,good,1438,sample
mosin-9130,2026-08-19,very_good,410,sample
colt-python,2026-08-19,excellent,2551,sample
colt-python,2026-08-19,good,1027,sample
sig-p365,2026-08-19,good,394,sample
sig-p365,2026-08-19,very_good,424,sample
ruger-1022,2026-08-19,good,203,sample
m1-garand,2026-08-20,very_good,1595,sample
m1-garand,2026-08-20,good,1172,sample
springfield-m1a,2026-08-20,good,1196,sample
mosin-9130,2026-08-20,excellent,491,sample
sks,2026-08-20,very_good,675,sample
colt-python,2026-08-20,very_good,1448,sample
colt-python,2026-08-20,very_good,1195,sample
colt-python,2026-08-20,good,930,sample
glock-19-g5,2026-08-20,very_good,429,sample
glock-19-g5,2026-08-20,good,300,sample
glock-19-g5,2026-08-20,very_good,440,sample
m1-garand,2026-08-21,very_good,1738,sample
m1-garand,2026-08-21,good,908,sample
thompson-1927a1,2026-08-21,good,1095,sample
winchester-1873,2026-08-21,very_good,1358,sample
mosin-9130,2026-08-21,good,365,sample
mosin-9130,2026-08-21,very_good,411,sample
sw-model-29,2026-08-21,very_good,1024,sample
glock-19-g5,2026-08-21,very_good,471,sample
glock-19-g5,2026-08-21,good,331,sample
glock-19-g5,2026-08-21,very_good,464,sample
glock-19-g5,2026-08-21,very_good,364,sample
sig-p365,2026-08-21,good,331,sample
sig-p365,2026-08-21,good,421,sample
sig-p365,2026-08-21,good,326,sample
sig-p365,2026-08-21,good,373,sample
sig-p365,2026-08-21,excellent,541,sample
ruger-1022,2026-08-21,good,190,sample
ruger-1022,2026-08-21,good,201,sample
colt-saa,2026-08-22,very_good,2223,sample
mauser-k98k,2026-08-22,very_good,1506,sample
mosin-9130,2026-08-22,excellent,564,sample
sks,2026-08-22,very_good,563,sample
sks,2026-08-22,very_good,1105,sample
colt-python,2026-08-22,very_good,1341,sample
glock-19-g5,2026-08-22,good,352,sample
glock-19-g5,2026-08-22,excellent,698,sample
glock-19-g5,2026-08-22,good,312,sample
sig-p365,2026-08-22,good,331,sample
sig-p365,2026-08-22,very_good,306,sample
sig-p365,2026-08-22,very_good,407,sample
ruger-1022,2026-08-22,very_good,238,sample
ruger-1022,2026-08-22,very_good,222,sample
m1-carbine,2026-08-23,very_good,1793,sample
m1-carbine,2026-08-23,excellent,2210,sample
thompson-1927a1,2026-08-23,good,945,sample
thompson-1927a1,2026-08-23,good,1404,sample
colt-saa,2026-08-23,very_good,2600,sample
enfield-no4,2026-08-23,very_good,676,sample
colt-python,2026-08-23,good,1330,sample
glock-19-g5,2026-08-23,very_good,490,sample
glock-19-g5,2026-08-23,very_good,546,sample
glock-19-g5,2026-08-23,very_good,454,sample
glock-19-g5,2026-08-23,good,372,sample
sig-p365,2026-08-23,very_good,429,sample
sig-p365,2026-08-23,good,441,sample
sig-p365,2026-08-23,good,315,sample
ruger-1022,2026-08-23,good,206,sample
ruger-1022,2026-08-23,very_good,274,sample
ruger-1022,2026-08-23,excellent,397,sample
m1911a1,2026-08-24,very_good,2924,sample
springfield-m1a,2026-08-24,good,1120,sample
springfield-m1a,2026-08-24,very_good,1323,sample
mosin-9130,2026-08-24,good,281,sample
sks,2026-08-24,excellent,933,sample
sks,2026-08-24,good,533,sample
sig-p365,2026-08-24,good,329,sample
ruger-1022,2026-08-24,good,211,sample
m1-garand,2026-08-25,excellent,1730,sample
m1-garand,2026-08-25,excellent,2170,sample
m1-carbine,2026-08-25,very_good,1265,sample
mosin-9130,2026-08-25,good,358,sample
glock-19-g5,2026-08-25,very_good,464,sample
sig-p365,2026-08-25,excellent,592,sample
ruger-1022,2026-08-25,excellent,382,sample
ruger-1022,2026-08-25,excellent,413,sample
m1-garand,2026-08-26,good,1015,sample
m1-carbine,2026-08-26,very_good,1640,sample
m1-carbine,2026-08-26,very_good,1361,sample
mauser-k98k,2026-08-26,very_good,1605,sample
enfield-no4,2026-08-26,excellent,999,sample
glock-19-g5,2026-08-26,very_good,441,sample
glock-19-g5,2026-08-26,very_good,576,sample
sig-p365,2026-08-26,good,444,sample
sig-p365,2026-08-26,very_good,442,sample
winchester-1873,2026-08-27,very_good,2654,sample
springfield-m1a,2026-08-27,excellent,2279,sample
mosin-9130,2026-08-27,very_good,383,sample
enfield-no4,2026-08-27,very_good,749,sample
colt-python,2026-08-27,good,971,sample
sw-model-29,2026-08-27,good,844,sample
glock-19-g5,2026-08-27,good,303,sample
glock-19-g5,2026-08-27,excellent,685,sample
glock-19-g5,2026-08-27,excellent,542,sample
sig-p365,2026-08-27,very_good,409,sample
sig-p365,2026-08-27,good,334,sample
m1-carbine,2026-08-28,very_good,1965,sample
m1911a1,2026-08-28,good,2783,sample
m1911a1,2026-08-28,very_good,4096,sample
colt-saa,2026-08-28,very_good,2395,sample
sks,2026-08-28,very_good,601,sample
sks,2026-08-28,very_good,624,sample
sw-model-29,2026-08-28,good,990,sample
glock-19-g5,2026-08-28,good,484,sample
glock-19-g5,2026-08-28,good,375,sample
sig-p365,2026-08-28,excellent,586,sample
ruger-1022,2026-08-28,very_good,325,sample
ruger-1022,2026-08-28,excellent,340,sample
ruger-1022,2026-08-28,very_good,246,sample
m1-garand,2026-08-29,excellent,1943,sample
m1-garand,2026-08-29,excellent,2112,sample
thompson-1927a1,2026-08-29,good,1521,sample
springfield-m1a,2026-08-29,very_good,1638,sample
mosin-9130,2026-08-29,good,326,sample
enfield-no4,2026-08-29,good,515,sample
enfield-no4,2026-08-29,good,585,sample
glock-19-g5,2026-08-29,excellent,532,sample
glock-19-g5,2026-08-29,very_good,531,sample
glock-19-g5,2026-08-29,very_good,538,sample
glock-19-g5,2026-08-29,good,327,sample
sig-p365,2026-08-29,very_good,389,sample
sig-p365,2026-08-29,very_good,541,sample
sig-p365,2026-08-29,good,302,sample
m1-garand,2026-08-30,very_good,1710,sample
thompson-1927a1,2026-08-30,good,1167,sample
m1911a1,2026-08-30,very_good,3268,sample
winchester-1873,2026-08-30,very_good,1574,sample
mosin-9130,2026-08-30,very_good,408,sample
enfield-no4,2026-08-30,very_good,708,sample
sks,2026-08-30,excellent,932,sample
colt-python,2026-08-30,good,1121,sample
colt-python,2026-08-30,very_good,1371,sample
colt-python,2026-08-30,very_good,1312,sample
glock-19-g5,2026-08-30,good,348,sample
glock-19-g5,2026-08-30,very_good,507,sample
glock-19-g5,2026-08-30,good,334,sample
sig-p365,2026-08-30,very_good,502,sample
ruger-1022,2026-08-30,excellent,345,sample
ruger-1022,2026-08-30,very_good,249,sample
m1-carbine,2026-08-31,excellent,2215,sample
winchester-1873,2026-08-31,very_good,1286,sample
winchester-1873,2026-08-31,very_good,1408,sample
mosin-9130,2026-08-31,excellent,621,sample
mosin-9130,2026-08-31,good,317,sample
sig-p365,2026-08-31,good,280,sample
sig-p365,2026-08-31,very_good,487,sample
sig-p365,2026-08-31,very_good,422,sample
sig-p365,2026-08-31,good,325,sample
ruger-1022,2026-08-31,excellent,458,sample
ruger-1022,2026-08-31,very_good,331,sample
ruger-1022,2026-08-31,good,243,sample
m1-garand,2026-09-01,good,1605,sample
m1-carbine,2026-09-01,very_good,1656,sample
m1911a1,2026-09-01,good,2344,sample
springfield-m1a,2026-09-01,very_good,1725,sample
sw-model-29,2026-09-01,very_good,1063,sample
glock-19-g5,2026-09-01,good,372,sample
glock-19-g5,2026-09-01,very_good,419,sample
glock-19-g5,2026-09-01,very_good,456,sample
glock-19-g5,2026-09-01,very_good,509,sample
glock-19-g5,2026-09-01,very_good,531,sample
sig-p365,2026-09-01,excellent,745,sample
sig-p365,2026-09-01,good,336,sample
sig-p365,2026-09-01,good,287,sample
sig-p365,2026-09-01,good,303,sample
sig-p365,2026-09-01,very_good,469,sample
ruger-1022,2026-09-01,very_good,275,sample
ruger-1022,2026-09-01,excellent,587,sample
ruger-1022,2026-09-01,good,223,sample
ruger-1022,2026-09-01,excellent,382,sample
ruger-1022,2026-09-01,very_good,265,sample
springfield-m1a,2026-09-02,good,1327,sample
mosin-9130,2026-09-02,very_good,384,sample
mosin-9130,2026-09-02,excellent,500,sample
colt-python,2026-09-02,good,1030,sample
sw-model-29,2026-09-02,good,1464,sample
glock-19-g5,2026-09-02,very_good,415,sample
glock-19-g5,2026-09-02,very_good,502,sample
sig-p365,2026-09-02,very_good,449,sample
m1-carbine,2026-09-03,very_good,1380,sample
thompson-1927a1,2026-09-03,good,1548,sample
thompson-1927a1,2026-09-03,excellent,2217,sample
m1911a1,2026-09-03,very_good,3746,sample
mosin-9130,2026-09-03,good,343,sample
mosin-9130,2026-09-03,excellent,522,sample
colt-python,2026-09-03,very_good,1220,sample
glock-19-g5,2026-09-03,very_good,435,sample
glock-19-g5,2026-09-03,excellent,618,sample
glock-19-g5,2026-09-03,good,338,sample
sig-p365,2026-09-03,good,253,sample
sig-p365,2026-09-03,good,290,sample
sig-p365,2026-09-03,good,292,sample
m1-garand,2026-09-04,good,1265,sample
thompson-1927a1,2026-09-04,very_good,1540,sample
colt-python,2026-09-04,good,1201,sample
sw-model-29,2026-09-04,excellent,1714,sample
glock-19-g5,2026-09-04,excellent,760,sample
sig-p365,2026-09-04,very_good,475,sample
sig-p365,2026-09-04,excellent,703,sample
sig-p365,2026-09-04,very_good,397,sample
sig-p365,2026-09-04,excellent,433,sample
ruger-1022,2026-09-04,good,195,sample
ruger-1022,2026-09-04,good,239,sample
m1-garand,2026-09-05,very_good,1560,sample
m1-garand,2026-09-05,excellent,2083,sample
colt-saa,2026-09-05,very_good,2192,sample
mosin-9130,2026-09-05,very_good,638,sample
mosin-9130,2026-09-05,good,311,sample
sks,2026-09-05,excellent,677,sample
colt-python,2026-09-05,very_good,1309,sample
sw-model-29,2026-09-05,good,933,sample
glock-19-g5,2026-09-05,good,296,sample
glock-19-g5,2026-09-05,good,296,sample
glock-19-g5,2026-09-05,good,421,sample
glock-19-g5,2026-09-05,very_good,421,sample
sig-p365,2026-09-05,very_good,498,sample
ruger-1022,2026-09-05,good,204,sample
ruger-1022,2026-09-05,excellent,320,sample
ruger-1022,2026-09-05,good,213,sample
m1-garand,2026-09-06,excellent,2274,sample
m1-garand,2026-09-06,excellent,2060,sample
m1-carbine,2026-09-06,very_good,1520,sample
springfield-m1a,2026-09-06,good,1150,sample
mosin-9130,2026-09-06,good,291,sample
colt-python,2026-09-06,very_good,1355,sample
colt-python,2026-09-06,excellent,1701,sample
colt-python,2026-09-06,good,1082,sample
sw-model-29,2026-09-06,very_good,1052,sample
glock-19-g5,2026-09-06,very_good,423,sample
sig-p365,2026-09-06,very_good,520,sample
sig-p365,2026-09-06,good,260,sample
ruger-1022,2026-09-06,excellent,321,sample
ruger-1022,2026-09-06,good,236,sample
ruger-1022,2026-09-06,good,202,sample
m1-garand,2026-09-07,good,1747,sample
m1-garand,2026-09-07,good,1017,sample
m1-carbine,2026-09-07,very_good,1638,sample
thompson-1927a1,2026-09-07,excellent,2670,sample
m1911a1,2026-09-07,good,2129,sample
sks,2026-09-07,very_good,528,sample
glock-19-g5,2026-09-07,very_good,409,sample
sig-p365,2026-09-07,good,353,sample
ruger-1022,2026-09-07,good,194,sample
colt-saa,2026-09-08,very_good,2761,sample
colt-saa,2026-09-08,good,1809,sample
colt-saa,2026-09-08,very_good,2133,sample
mosin-9130,2026-09-08,good,326,sample
mosin-9130,2026-09-08,good,288,sample
mosin-9130,2026-09-08,very_good,370,sample
enfield-no4,2026-09-08,good,698,sample
sks,2026-09-08,good,391,sample
sks,2026-09-08,very_good,637,sample
colt-python,2026-09-08,very_good,1507,sample
glock-19-g5,2026-09-08,very_good,521,sample
glock-19-g5,2026-09-08,very_good,463,sample
glock-19-g5,2026-09-08,good,359,sample
sig-p365,2026-09-08,excellent,521,sample
sig-p365,2026-09-08,good,313,sample
ruger-1022,2026-09-08,very_good,228,sample
ruger-1022,2026-09-08,very_good,271,sample
m1-carbine,2026-09-09,good,1368,sample
mosin-9130,2026-09-09,excellent,572,sample
enfield-no4,2026-09-09,excellent,1173,sample
sks,2026-09-09,good,417,sample
sw-model-29,2026-09-09,very_good,1158,sample
sw-model-29,2026-09-09,excellent,1587,sample
glock-19-g5,2026-09-09,very_good,430,sample
glock-19-g5,2026-09-09,good,358,sample
sig-p365,2026-09-09,very_good,427,sample
sig-p365,2026-09-09,very_good,561,sample
sig-p365,2026-09-09,good,361,sample
sig-p365,2026-09-09,good,336,sample
ruger-1022,2026-09-09,good,200,sample
ruger-1022,2026-09-09,excellent,355,sample
ruger-1022,2026-09-09,very_good,297,sample
m1-garand,2026-09-10,very_good,1671,sample
m1-garand,2026-09-10,excellent,1929,sample
thompson-1927a1,2026-09-10,excellent,1990,sample
thompson-1927a1,2026-09-10,good,1208,sample
thompson-1927a1,2026-09-10,very_good,1503,sample
winchester-1873,2026-09-10,very_good,1492,sample
sks,2026-09-10,excellent,790,sample
glock-19-g5,2026-09-10,good,396,sample
glock-19-g5,2026-09-10,very_good,478,sample
sig-p365,2026-09-10,very_good,439,sample
ruger-1022,2026-09-10,very_good,262,sample
ruger-1022,2026-09-10,very_good,330,sample
mosin-9130,2026-09-11,very_good,437,sample
mosin-9130,2026-09-11,good,305,sample
enfield-no4,2026-09-11,excellent,1096,sample
sks,2026-09-11,good,475,sample
glock-19-g5,2026-09-11,good,408,sample
glock-19-g5,2026-09-11,good,349,sample
glock-19-g5,2026-09-11,good,333,sample
sig-p365,2026-09-11,good,352,sample
ruger-1022,2026-09-11,very_good,199,sample
ruger-1022,2026-09-11,excellent,370,sample
m1-carbine,2026-09-12,good,1261,sample
m1911a1,2026-09-12,excellent,4462,sample
mosin-9130,2026-09-12,good,278,sample
mosin-9130,2026-09-12,good,331,sample
sks,2026-09-12,good,524,sample
colt-python,2026-09-12,very_good,1466,sample
sw-model-29,2026-09-12,good,916,sample
glock-19-g5,2026-09-12,good,315,sample
glock-19-g5,2026-09-12,very_good,551,sample
glock-19-g5,2026-09-12,good,344,sample
glock-19-g5,2026-09-12,good,375,sample
glock-19-g5,2026-09-12,good,386,sample
sig-p365,2026-09-12,very_good,380,sample
sig-p365,2026-09-12,very_good,467,sample
ruger-1022,2026-09-12,very_good,410,sample
ruger-1022,2026-09-12,good,207,sample
ruger-1022,2026-09-12,very_good,255,sample
m1-garand,2026-09-13,good,1330,sample
springfield-m1a,2026-09-13,very_good,1587,sample
springfield-m1a,2026-09-13,good,1343,sample
mosin-9130,2026-09-13,very_good,366,sample
glock-19-g5,2026-09-13,good,328,sample
glock-19-g5,2026-09-13,good,449,sample
glock-19-g5,2026-09-13,good,288,sample
sig-p365,2026-09-13,very_good,422,sample
sig-p365,2026-09-13,excellent,588,sample
ruger-1022,2026-09-13,good,205,sample
sks,2026-09-14,very_good,621,sample
sw-model-29,2026-09-14,good,998,sample
glock-19-g5,2026-09-14,excellent,600,sample
glock-19-g5,2026-09-14,good,369,sample
glock-19-g5,2026-09-14,excellent,653,sample
glock-19-g5,2026-09-14,very_good,556,sample
sig-p365,2026-09-14,very_good,361,sample
sig-p365,2026-09-14,excellent,557,sample
ruger-1022,2026-09-14,very_good,269,sample
ruger-1022,2026-09-14,very_good,277,sample
m1-carbine,2026-09-15,good,1407,sample
mosin-9130,2026-09-15,good,327,sample
mosin-9130,2026-09-15,very_good,366,sample
sks,2026-09-15,good,490,sample
colt-python,2026-09-15,very_good,1371,sample
colt-python,2026-09-15,very_good,1371,sample
sw-model-29,2026-09-15,good,890,sample
sw-model-29,2026-09-15,good,973,sample
sw-model-29,2026-09-15,good,1017,sample
glock-19-g5,2026-09-15,good,335,sample
glock-19-g5,2026-09-15,good,413,sample
ruger-1022,2026-09-15,excellent,359,sample
ruger-1022,2026-09-15,very_good,235,sample
m1-garand,2026-09-16,good,899,sample
m1-garand,2026-09-16,very_good,1321,sample
m1-carbine,2026-09-16,very_good,2025,sample
m1-carbine,2026-09-16,excellent,2757,sample
m1-carbine,2026-09-16,good,1424,sample
m1-carbine,2026-09-16,very_good,1359,sample
thompson-1927a1,2026-09-16,very_good,1770,sample
sks,2026-09-16,very_good,806,sample
colt-python,2026-09-16,excellent,2399,sample
sw-model-29,2026-09-16,good,956,sample
glock-19-g5,2026-09-16,good,384,sample
sig-p365,2026-09-16,good,316,sample
sig-p365,2026-09-16,very_good,400,sample
ruger-1022,2026-09-16,good,218,sample
ruger-1022,2026-09-16,good,185,sample
ruger-1022,2026-09-16,very_good,331,sample
ruger-1022,2026-09-16,very_good,253,sample
m1-garand,2026-09-17,good,1425,sample
thompson-1927a1,2026-09-17,excellent,2296,sample
thompson-1927a1,2026-09-17,good,1256,sample
colt-saa,2026-09-17,good,1818,sample
winchester-1873,2026-09-17,very_good,1580,sample
enfield-no4,2026-09-17,good,688,sample
enfield-no4,2026-09-17,excellent,1132,sample
sks,2026-09-17,good,401,sample
sks,2026-09-17,very_good,666,sample
colt-python,2026-09-17,good,1052,sample
glock-19-g5,2026-09-17,excellent,645,sample
sig-p365,2026-09-17,very_good,510,sample
ruger-1022,2026-09-17,very_good,256,sample
ruger-1022,2026-09-17,good,225,sample
ruger-1022,2026-09-17,good,238,sample
m1-garand,2026-09-18,very_good,1294,sample
m1-garand,2026-09-18,very_good,1526,sample
m1-garand,2026-09-18,good,1178,sample
m1911a1,2026-09-18,very_good,2999,sample
colt-saa,2026-09-18,excellent,3267,sample
sks,2026-09-18,very_good,578,sample
colt-python,2026-09-18,good,1115,sample
glock-19-g5,2026-09-18,very_good,454,sample
glock-19-g5,2026-09-18,very_good,486,sample
sig-p365,2026-09-18,good,380,sample
sig-p365,2026-09-18,excellent,801,sample
ruger-1022,2026-09-18,good,203,sample
m1-garand,2026-09-19,very_good,1470,sample
winchester-1873,2026-09-19,very_good,1393,sample
mauser-k98k,2026-09-19,excellent,2247,sample
mauser-k98k,2026-09-19,excellent,2195,sample
mosin-9130,2026-09-19,very_good,417,sample
enfield-no4,2026-09-19,good,678,sample
sks,2026-09-19,good,478,sample
colt-python,2026-09-19,excellent,1953,sample
glock-19-g5,2026-09-19,good,363,sample
sig-p365,2026-09-19,good,352,sample
sig-p365,2026-09-19,excellent,726,sample
sig-p365,2026-09-19,good,370,sample
ruger-1022,2026-09-19,very_good,292,sample
winchester-1873,2026-09-20,good,998,sample
springfield-m1a,2026-09-20,very_good,1308,sample
mosin-9130,2026-09-20,good,441,sample
mosin-9130,2026-09-20,very_good,448,sample
sw-model-29,2026-09-20,good,834,sample
sw-model-29,2026-09-20,good,904,sample
glock-19-g5,2026-09-20,good,334,sample
ruger-1022,2026-09-20,good,197,sample
thompson-1927a1,2026-09-21,good,913,sample
springfield-m1a,2026-09-21,very_good,1390,sample
mosin-9130,2026-09-21,excellent,537,sample
enfield-no4,2026-09-21,good,635,sample
sks,2026-09-21,good,454,sample
sks,2026-09-21,good,569,sample
sks,2026-09-21,very_good,490,sample
glock-19-g5,2026-09-21,excellent,625,sample
glock-19-g5,2026-09-21,very_good,418,sample
glock-19-g5,2026-09-21,very_good,452,sample
sig-p365,2026-09-21,very_good,374,sample
sig-p365,2026-09-21,good,335,sample
ruger-1022,2026-09-21,good,248,sample
m1-garand,2026-09-22,very_good,1557,sample
m1-carbine,2026-09-22,good,1203,sample
thompson-1927a1,2026-09-22,excellent,2095,sample
m1911a1,2026-09-22,excellent,4190,sample
colt-saa,2026-09-22,good,1735,sample
springfield-m1a,2026-09-22,good,1328,sample
mosin-9130,2026-09-22,good,284,sample
mosin-9130,2026-09-22,good,273,sample
mosin-9130,2026-09-22,excellent,552,sample
enfield-no4,2026-09-22,good,565,sample
glock-19-g5,2026-09-22,good,341,sample
glock-19-g5,2026-09-22,very_good,512,sample
sig-p365,2026-09-22,very_good,413,sample
sig-p365,2026-09-22,very_good,416,sample
ruger-1022,2026-09-22,very_good,266,sample
ruger-1022,2026-09-22,very_good,294,sample
m1-garand,2026-09-23,very_good,2348,sample
m1-garand,2026-09-23,very_good,1382,sample
thompson-1927a1,2026-09-23,good,1402,sample
colt-saa,2026-09-23,very_good,2574,sample
springfield-m1a,2026-09-23,very_good,1836,sample
enfield-no4,2026-09-23,very_good,732,sample
sks,2026-09-23,good,493,sample
colt-python,2026-09-23,good,1058,sample
colt-python,2026-09-23,very_good,1624,sample
glock-19-g5,2026-09-23,good,375,sample
glock-19-g5,2026-09-23,very_good,402,sample
sig-p365,2026-09-23,very_good,442,sample
sig-p365,2026-09-23,good,312,sample
sig-p365,2026-09-23,excellent,552,sample
ruger-1022,2026-09-23,good,153,sample
ruger-1022,2026-09-23,excellent,379,sample
ruger-1022,2026-09-23,excellent,407,sample
springfield-m1a,2026-09-24,excellent,2386,sample
springfield-m1a,2026-09-24,good,1316,sample
springfield-m1a,2026-09-24,good,1359,sample
sks,2026-09-24,good,459,sample
sw-model-29,2026-09-24,very_good,1291,sample
sw-model-29,2026-09-24,good,1023,sample
glock-19-g5,2026-09-24,very_good,465,sample
glock-19-g5,2026-09-24,very_good,515,sample
sig-p365,2026-09-24,excellent,641,sample
sig-p365,2026-09-24,very_good,372,sample
sig-p365,2026-09-24,good,345,sample
ruger-1022,2026-09-24,very_good,309,sample
m1-garand,2026-09-25,good,962,sample
m1-carbine,2026-09-25,very_good,1704,sample
thompson-1927a1,2026-09-25,good,1387,sample
m1911a1,2026-09-25,good,2100,sample
mauser-k98k,2026-09-25,very_good,1449,sample
mauser-k98k,2026-09-25,good,1641,sample
mosin-9130,2026-09-25,good,313,sample
mosin-9130,2026-09-25,excellent,611,sample
sks,2026-09-25,good,402,sample
glock-19-g5,2026-09-25,good,376,sample
glock-19-g5,2026-09-25,excellent,684,sample
glock-19-g5,2026-09-25,excellent,535,sample
ruger-1022,2026-09-25,very_good,225,sample
ruger-1022,2026-09-25,very_good,282,sample
m1-carbine,2026-09-26,very_good,1718,sample
thompson-1927a1,2026-09-26,very_good,1698,sample
m1911a1,2026-09-26,very_good,2587,sample
winchester-1873,2026-09-26,good,1179,sample
winchester-1873,2026-09-26,good,1082,sample
sks,2026-09-26,very_good,620,sample
sks,2026-09-26,very_good,736,sample
sks,2026-09-26,very_good,577,sample
sks,2026-09-26,very_good,553,sample
glock-19-g5,2026-09-26,good,314,sample
glock-19-g5,2026-09-26,excellent,600,sample
glock-19-g5,2026-09-26,excellent,644,sample
sig-p365,2026-09-26,excellent,600,sample
ruger-1022,2026-09-26,very_good,347,sample
m1-garand,2026-09-27,good,1186,sample
colt-saa,2026-09-27,very_good,2395,sample
mosin-9130,2026-09-27,good,387,sample
enfield-no4,2026-09-27,excellent,922,sample
colt-python,2026-09-27,very_good,1505,sample
glock-19-g5,2026-09-27,very_good,465,sample
glock-19-g5,2026-09-27,very_good,456,sample
glock-19-g5,2026-09-27,very_good,425,sample
glock-19-g5,2026-09-27,good,489,sample
sig-p365,2026-09-27,excellent,522,sample
m1-garand,2026-09-28,very_good,1419,sample
springfield-m1a,2026-09-28,very_good,1828,sample
springfield-m1a,2026-09-28,excellent,2123,sample
mosin-9130,2026-09-28,good,267,sample
enfield-no4,2026-09-28,very_good,621,sample
sw-model-29,2026-09-28,very_good,1294,sample
glock-19-g5,2026-09-28,very_good,499,sample
ruger-1022,2026-09-28,good,227,sample
m1-garand,2026-09-29,very_good,1466,sample
m1-carbine,2026-09-29,good,1121,sample
thompson-1927a1,2026-09-29,good,1133,sample
m1911a1,2026-09-29,excellent,3922,sample
m1911a1,2026-09-29,very_good,3358,sample
sks,2026-09-29,very_good,628,sample
glock-19-g5,2026-09-29,very_good,494,sample
sig-p365,2026-09-29,very_good,421,sample
sig-p365,2026-09-29,very_good,444,sample
sig-p365,2026-09-29,excellent,698,sample
ruger-1022,2026-09-29,very_good,232,sample
ruger-1022,2026-09-29,very_good,276,sample
ruger-1022,2026-09-29,very_good,278,sample
m1-garand,2026-09-30,good,1007,sample
thompson-1927a1,2026-09-30,very_good,1769,sample
colt-saa,2026-09-30,good,2069,sample
mosin-9130,2026-09-30,excellent,525,sample
mosin-9130,2026-09-30,very_good,324,sample
enfield-no4,2026-09-30,good,538,sample
sw-model-29,2026-09-30,very_good,1285,sample
glock-19-g5,2026-09-30,very_good,444,sample
glock-19-g5,2026-09-30,very_good,483,sample
sig-p365,2026-09-30,excellent,679,sample
sig-p365,2026-09-30,good,352,sample
ruger-1022,2026-09-30,very_good,297,sample
ruger-1022,2026-09-30,very_good,296,sample
ruger-1022,2026-09-30,very_good,276,sample
ruger-1022,2026-09-30,very_good,238,sample
ruger-1022,2026-09-30,very_good,273,sample
springfield-m1a,2026-10-01,excellent,1927,sample
springfield-m1a,2026-10-01,very_good,1572,sample
sks,2026-10-01,very_good,649,sample
glock-19-g5,2026-10-01,excellent,667,sample
m1-garand,2026-10-02,excellent,1667,sample
m1-carbine,2026-10-02,good,1388,sample
m1-carbine,2026-10-02,good,1218,sample
m1-carbine,2026-10-02,excellent,2210,sample
winchester-1873,2026-10-02,very_good,1688,sample
springfield-m1a,2026-10-02,excellent,2179,sample
mosin-9130,2026-10-02,very_good,394,sample
mosin-9130,2026-10-02,very_good,386,sample
colt-python,2026-10-02,very_good,1492,sample
sig-p365,2026-10-02,good,392,sample
ruger-1022,2026-10-02,very_good,294,sample
thompson-1927a1,2026-10-03,excellent,2269,sample
thompson-1927a1,2026-10-03,very_good,1442,sample
colt-saa,2026-10-03,very_good,2286,sample
winchester-1873,2026-10-03,very_good,1473,sample
mosin-9130,2026-10-03,excellent,479,sample
mosin-9130,2026-10-03,very_good,471,sample
colt-python,2026-10-03,very_good,1608,sample
colt-python,2026-10-03,very_good,1390,sample
glock-19-g5,2026-10-03,good,367,sample
glock-19-g5,2026-10-03,very_good,443,sample
sig-p365,2026-10-03,good,321,sample
ruger-1022,2026-10-03,very_good,285,sample
ruger-1022,2026-10-03,excellent,506,sample
ruger-1022,2026-10-03,good,220,sample
m1-carbine,2026-10-04,very_good,1754,sample
thompson-1927a1,2026-10-04,very_good,1552,sample
winchester-1873,2026-10-04,good,1019,sample
winchester-1873,2026-10-04,very_good,1403,sample
springfield-m1a,2026-10-04,excellent,2094,sample
mosin-9130,2026-10-04,excellent,566,sample
sw-model-29,2026-10-04,very_good,1236,sample
glock-19-g5,2026-10-04,very_good,524,sample
glock-19-g5,2026-10-04,excellent,664,sample
glock-19-g5,2026-10-04,good,350,sample
sig-p365,2026-10-04,good,401,sample
ruger-1022,2026-10-04,good,242,sample
ruger-1022,2026-10-04,very_good,338,sample
ruger-1022,2026-10-04,good,170,sample
ruger-1022,2026-10-04,good,242,sample
m1-garand,2026-10-05,very_good,2516,sample
colt-saa,2026-10-05,excellent,4071,sample
mosin-9130,2026-10-05,excellent,549,sample
mosin-9130,2026-10-05,excellent,587,sample
enfield-no4,2026-10-05,excellent,1064,sample
sks,2026-10-05,very_good,582,sample
colt-python,2026-10-05,very_good,1555,sample
glock-19-g5,2026-10-05,very_good,440,sample
glock-19-g5,2026-10-05,very_good,435,sample
glock-19-g5,2026-10-05,very_good,533,sample
glock-19-g5,2026-10-05,very_good,553,sample
glock-19-g5,2026-10-05,good,327,sample
sig-p365,2026-10-05,very_good,592,sample
sig-p365,2026-10-05,very_good,413,sample
ruger-1022,2026-10-05,good,224,sample
ruger-1022,2026-10-05,good,239,sample
m1-garand,2026-10-06,excellent,1886,sample
winchester-1873,2026-10-06,good,1012,sample
winchester-1873,2026-10-06,very_good,1306,sample
springfield-m1a,2026-10-06,very_good,1681,sample
springfield-m1a,2026-10-06,very_good,1645,sample
springfield-m1a,2026-10-06,very_good,1476,sample
enfield-no4,2026-10-06,good,955,sample
colt-python,2026-10-06,very_good,1752,sample
glock-19-g5,2026-10-06,very_good,432,sample
sig-p365,2026-10-06,very_good,393,sample
ruger-1022,2026-10-06,excellent,315,sample
ruger-1022,2026-10-06,good,188,sample
ruger-1022,2026-10-06,very_good,273,sample
